{
"type": "FeatureCollection",
"name": "GU_CountyOrEquivalent",
"crs": { "type": "name", "properties": { "name": "urn:ogc:def:crs:EPSG::4269" } },
"features": [
{ "type": "Feature", "properties": { "permanent_": "183dbdd8-5acd-4de5-8daa-ecffd31b287a", "source_fea": "10003", "source_dat": "ccda6193-1739-4dd9-aa2b-1f14c80bcca4", "source_d_1": "2022 TIGER/Line Shapefile, Current County and Equivalent", "source_ori": "U.S. Census Bureau", "loaddate": "2022-11-30", "fcode": 61200, "state_fips": "10", "state_name": "Delaware", "county_fip": "003", "county_nam": "New Castle", "stco_fipsc": "10003", "population": 570719, "areasqkm": 1279.523754, "gnis_id": "217270", "gnis_name": "New Castle County", "shape_Leng": null, "shape_Area": null, "ObjectID": 1 }, "geometry": { "type": "Polygon", "coordinates": [ [ [ -75.509490999484626, 39.686518999856787 ], [ -75.509421999484744, 39.686464999856867 ], [ -75.509367999484823, 39.686423999856913 ], [ -75.509088999485243, 39.686207999857288 ], [ -75.509085999485251, 39.685930999857703 ], [ -75.509085999485251, 39.685806999857903 ], [ -75.509179999485127, 39.6852659998587 ], [ -75.509251999485002, 39.684863999859374 ], [ -75.509254999484995, 39.684835999859388 ], [ -75.509276999484939, 39.68479299985944 ], [ -75.50932699948487, 39.68463299985973 ], [ -75.509472999484672, 39.684131999860483 ], [ -75.509718999484278, 39.683285999861823 ], [ -75.509785999484166, 39.683010999862233 ], [ -75.509823999484126, 39.68289599986241 ], [ -75.509991999483873, 39.682264999863378 ], [ -75.510029999483777, 39.6821319998636 ], [ -75.510039999483752, 39.682109999863599 ], [ -75.51006699948374, 39.682066999863707 ], [ -75.510087999483687, 39.682001999863814 ], [ -75.510172999483586, 39.681673999864302 ], [ -75.51015299948358, 39.681637999864336 ], [ -75.510195999483528, 39.681489999864596 ], [ -75.510294999483392, 39.68115099986511 ], [ -75.510303999483369, 39.68110499986517 ], [ -75.510330999483301, 39.680998999865324 ], [ -75.51034599948332, 39.680942999865465 ], [ -75.510507999483025, 39.680380999866316 ], [ -75.510519999483051, 39.68033299986638 ], [ -75.510519999483051, 39.68032099986641 ], [ -75.510511999483015, 39.680309999866438 ], [ -75.510445999483125, 39.680299999866463 ], [ -75.510429999483165, 39.680296999866414 ], [ -75.510414999483203, 39.680290999866429 ], [ -75.510408999483218, 39.680279999866457 ], [ -75.510409999483215, 39.680216999866559 ], [ -75.510406999483223, 39.680032999866853 ], [ -75.510406999483223, 39.680015999866896 ], [ -75.510398999483186, 39.679990999866902 ], [ -75.510347999483315, 39.679941999866969 ], [ -75.510103999483647, 39.67977399986728 ], [ -75.510071999483728, 39.679742999867301 ], [ -75.510055999483768, 39.679724999867346 ], [ -75.510045999483737, 39.679681999867398 ], [ -75.510039999483752, 39.67956899986757 ], [ -75.510044999483739, 39.679541999867638 ], [ -75.510058999483761, 39.679514999867649 ], [ -75.510112999483681, 39.679442999867774 ], [ -75.510139999483613, 39.679407999867806 ], [ -75.51015699948357, 39.679366999867909 ], [ -75.510167999483599, 39.67930199986796 ], [ -75.510193999483533, 39.679077999868355 ], [ -75.51022299948346, 39.678851999868698 ], [ -75.510266999483406, 39.678516999869203 ], [ -75.510373999483249, 39.677934999870104 ], [ -75.510432999483157, 39.677677999870525 ], [ -75.510468999483123, 39.677517999870759 ], [ -75.510475999483106, 39.67749099987077 ], [ -75.510514999483007, 39.677345999871022 ], [ -75.510601999482901, 39.677017999871509 ], [ -75.510622999482848, 39.67691599987171 ], [ -75.510724999482704, 39.676421999872446 ], [ -75.510761999482668, 39.676240999872732 ], [ -75.510802999482564, 39.676069999872993 ], [ -75.510859999482477, 39.675827999873377 ], [ -75.510874999482496, 39.675775999873451 ], [ -75.510897999482438, 39.675692999873604 ], [ -75.510992999482312, 39.675350999874127 ], [ -75.511077999482154, 39.675106999874515 ], [ -75.51112599948209, 39.674968999874693 ], [ -75.511277999481877, 39.674485999875458 ], [ -75.511477999481542, 39.67386099987641 ], [ -75.511830999480992, 39.67282099987807 ], [ -75.511843999480959, 39.672775999878127 ], [ -75.511966999480762, 39.672359999878779 ], [ -75.512019999480685, 39.672210999878985 ], [ -75.51202199948068, 39.67219299987903 ], [ -75.512043999480682, 39.672143999879097 ], [ -75.512093999480555, 39.672000999879344 ], [ -75.512141999480491, 39.671882999879529 ], [ -75.512189999480427, 39.671766999879708 ], [ -75.512302999480255, 39.671552999880021 ], [ -75.512336999480226, 39.67149499988011 ], [ -75.512532999479902, 39.671191999880591 ], [ -75.512628999479773, 39.671081999880755 ], [ -75.512716999479608, 39.670986999880881 ], [ -75.512768999479533, 39.670932999880961 ], [ -75.512798999479514, 39.670900999881042 ], [ -75.512877999479372, 39.67082899988111 ], [ -75.512948999479249, 39.670764999881214 ], [ -75.512991999479198, 39.670731999881298 ], [ -75.513018000520788, 39.670712999881346 ], [ -75.513100000520694, 39.670665999881408 ], [ -75.513167000520582, 39.670636999881424 ], [ -75.513236000520465, 39.670604999881505 ], [ -75.513297000520367, 39.670580999881508 ], [ -75.51330800052034, 39.670553999881577 ], [ -75.513353000520283, 39.670391999881815 ], [ -75.513376000520282, 39.670322999881932 ], [ -75.513463000520119, 39.670093999882283 ], [ -75.513521000520029, 39.669929999882527 ], [ -75.513754000519668, 39.669670999882953 ], [ -75.513802000519604, 39.66961799988303 ], [ -75.513799000519612, 39.669591999883039 ], [ -75.513789000519637, 39.669487999883245 ], [ -75.513788000519639, 39.669385999883389 ], [ -75.513795000519622, 39.669324999883486 ], [ -75.513804000519599, 39.669271999883563 ], [ -75.513829000519536, 39.669219999883637 ], [ -75.513955000519388, 39.669054999883883 ], [ -75.513989000519302, 39.669023999883962 ], [ -75.514018000519286, 39.66900599988395 ], [ -75.514043000519223, 39.668998999883968 ], [ -75.514067000519162, 39.668991999883985 ], [ -75.514124000519075, 39.668958999884012 ], [ -75.514157000519049, 39.668922999884103 ], [ -75.514179000518993, 39.668887999884134 ], [ -75.514205000518984, 39.668806999884282 ], [ -75.514226000518931, 39.668723999884378 ], [ -75.514237000518904, 39.668640999884531 ], [ -75.514235000518909, 39.66859499988459 ], [ -75.514222000518942, 39.668537999884677 ], [ -75.514201000518995, 39.668445999884852 ], [ -75.514196000519007, 39.668408999884889 ], [ -75.514196000519007, 39.668394999884924 ], [ -75.514204000518987, 39.668370999884928 ], [ -75.514225000518934, 39.668320999885054 ], [ -75.514247000518935, 39.668274999885114 ], [ -75.514337000518765, 39.668127999885314 ], [ -75.514447000518601, 39.667948999885596 ], [ -75.514646000518269, 39.667645999886076 ], [ -75.514869000517933, 39.667305999886594 ], [ -75.514901000517909, 39.667251999886673 ], [ -75.514960000517817, 39.667152999886866 ], [ -75.514996000517726, 39.667090999886966 ], [ -75.515022000517718, 39.667047999887018 ], [ -75.515118000517532, 39.666909999887196 ], [ -75.515224000517378, 39.666757999887466 ], [ -75.515318000517254, 39.666626999887683 ], [ -75.515407000517087, 39.666501999887828 ], [ -75.515533000516939, 39.666325999888102 ], [ -75.515748000516567, 39.666053999888561 ], [ -75.516008000516194, 39.665757999889024 ], [ -75.516355000515659, 39.665409999889562 ], [ -75.516607000515251, 39.66517399988993 ], [ -75.516629000515195, 39.665153999889924 ], [ -75.516746000515013, 39.665043999890145 ], [ -75.517074000514526, 39.664724999890609 ], [ -75.517118000514472, 39.664672999890684 ], [ -75.517143000514409, 39.664620999890758 ], [ -75.517170000514398, 39.664560999890853 ], [ -75.517199000514324, 39.66450399989094 ], [ -75.517228000514308, 39.664454999891007 ], [ -75.517244000514268, 39.66443399989106 ], [ -75.517282000514172, 39.664382999891131 ], [ -75.517412000514014, 39.664258999891331 ], [ -75.517745000513457, 39.663968999891779 ], [ -75.517972000513112, 39.663756999892087 ], [ -75.518369000512507, 39.663441999892598 ], [ -75.518474000512356, 39.663357999892753 ], [ -75.518625000512088, 39.66323899989294 ], [ -75.518711000511985, 39.663173999893047 ], [ -75.518839000511775, 39.663078999893173 ], [ -75.519007000511522, 39.662969999893335 ], [ -75.519103000511393, 39.662907999893434 ], [ -75.519416000510887, 39.662707999893769 ], [ -75.51947700051079, 39.662669999893808 ], [ -75.519910000510095, 39.662407999894185 ], [ -75.520033000509954, 39.662333999894315 ], [ -75.520106000509827, 39.662296999894409 ], [ -75.520192000509667, 39.66225399989446 ], [ -75.520399000509371, 39.662126999894667 ], [ -75.520459000509277, 39.662084999894716 ], [ -75.520478000509229, 39.662065999894764 ], [ -75.520507000509213, 39.662033999894788 ], [ -75.520612000509004, 39.661902999895005 ], [ -75.520934000508532, 39.661650999895357 ], [ -75.5209470005085, 39.661639999895385 ], [ -75.521051000508351, 39.661551999895551 ], [ -75.521176000508149, 39.661446999895702 ], [ -75.521469000507693, 39.661198999896101 ], [ -75.521506000507657, 39.661163999896132 ], [ -75.521549000507548, 39.661135999896203 ], [ -75.5217770005072, 39.661033999896347 ], [ -75.521809000507176, 39.661015999896392 ], [ -75.521838000507103, 39.660987999896406 ], [ -75.521973000506932, 39.66081999989666 ], [ -75.522155000506643, 39.660592999897005 ], [ -75.522177000506588, 39.660560999897086 ], [ -75.522362000506291, 39.660324999897455 ], [ -75.522645000505861, 39.659976999897992 ], [ -75.522732000505755, 39.659859999898174 ], [ -75.522827000505572, 39.659725999898399 ], [ -75.522891000505467, 39.659631999898522 ], [ -75.523211000505, 39.659166999899242 ], [ -75.523525000504492, 39.658703999899956 ], [ -75.52357600050442, 39.658635999900071 ], [ -75.523924000503882, 39.658200999900714 ], [ -75.524464000503031, 39.657548999901735 ], [ -75.524480000503047, 39.657537999901763 ], [ -75.524513000502964, 39.657533999901773 ], [ -75.524562000502897, 39.657559999901707 ], [ -75.524578000502856, 39.657559999901707 ], [ -75.524592000502878, 39.65755099990173 ], [ -75.524606000502843, 39.657533999901773 ], [ -75.524650000502788, 39.657479999901852 ], [ -75.524734000502633, 39.657373999902006 ], [ -75.524845000502467, 39.657256999902188 ], [ -75.525081000502098, 39.657022999902551 ], [ -75.525573000501311, 39.656598999903224 ], [ -75.525591000501322, 39.656585999903257 ], [ -75.525615000501261, 39.65657699990328 ], [ -75.525629000501226, 39.656571999903292 ], [ -75.525714000501125, 39.656543999903306 ], [ -75.525828000500951, 39.656505999903345 ], [ -75.525936000500792, 39.656470999903433 ], [ -75.525979000500683, 39.656465999903446 ], [ -75.52599900050069, 39.656466999903444 ], [ -75.526089000500519, 39.65649999990336 ], [ -75.526210000500328, 39.656544999903304 ], [ -75.526231000500331, 39.656550999903288 ], [ -75.526238000500314, 39.656541999903311 ], [ -75.526303000500207, 39.656577999903277 ], [ -75.526736000499511, 39.656819999902893 ], [ -75.527290000498681, 39.656077999904028 ], [ -75.526873000499336, 39.656055999904083 ], [ -75.526762000499502, 39.655971999904182 ], [ -75.526573000499752, 39.656048999904101 ], [ -75.526555000499798, 39.656033999904082 ], [ -75.526183000500396, 39.655697999904646 ], [ -75.526167000500379, 39.655663999904675 ], [ -75.526167000500379, 39.655620999904727 ], [ -75.526202000500348, 39.65553399990489 ], [ -75.526216000500312, 39.655496999904926 ], [ -75.526365000500107, 39.655135999905497 ], [ -75.526567000499767, 39.654664999906231 ], [ -75.526619000499693, 39.654554999906395 ], [ -75.526649000499674, 39.654489999906502 ], [ -75.526699000499605, 39.654402999906608 ], [ -75.52676700049949, 39.654311999906781 ], [ -75.526848000499342, 39.654192999906968 ], [ -75.526978000499128, 39.653990999907251 ], [ -75.527095000498946, 39.653814999907524 ], [ -75.527497000498329, 39.653401999908169 ], [ -75.527607000498165, 39.653281999908359 ], [ -75.527829000497832, 39.653063999908738 ], [ -75.5278640004978, 39.653041999908737 ], [ -75.527892000497729, 39.653031999908762 ], [ -75.528067000497458, 39.653019999908793 ], [ -75.528102000497427, 39.65301299990881 ], [ -75.528437000496865, 39.652913999908947 ], [ -75.528478000496818, 39.652895999908992 ], [ -75.528518000496774, 39.652863999909016 ], [ -75.528596000496634, 39.652773999909186 ], [ -75.528712000496455, 39.652643999909344 ], [ -75.528802000496341, 39.65253999990955 ], [ -75.528821000496293, 39.652516999909551 ], [ -75.528827000496278, 39.652484999909632 ], [ -75.528821000496293, 39.652459999909638 ], [ -75.528799000496292, 39.65240899990971 ], [ -75.528794000496305, 39.65234299990982 ], [ -75.528797000496297, 39.652313999909893 ], [ -75.528812000496316, 39.65224499991001 ], [ -75.528830000496271, 39.65219499991008 ], [ -75.528855000496208, 39.652148999910139 ], [ -75.528877000496209, 39.652118999910158 ], [ -75.528937000496114, 39.65206399991024 ], [ -75.528990000496037, 39.652026999910333 ], [ -75.529025000495949, 39.65200199991034 ], [ -75.529056000495927, 39.651984999910383 ], [ -75.529097000495881, 39.65196999991042 ], [ -75.529126000495808, 39.651954999910458 ], [ -75.529176000495738, 39.65191999991049 ], [ -75.529301000495536, 39.651795999910689 ], [ -75.529722000494871, 39.651388999911319 ], [ -75.529822000494732, 39.65129999991143 ], [ -75.530118000494269, 39.651035999911869 ], [ -75.530344000493926, 39.650834999912149 ], [ -75.530687000493401, 39.650528999912638 ], [ -75.530964000492986, 39.650272999913057 ], [ -75.531201000492615, 39.650016999913419 ], [ -75.531189000492589, 39.650004999913449 ], [ -75.531214000492582, 39.649887999913631 ], [ -75.531271000492495, 39.649602999914066 ], [ -75.531300000492422, 39.649533999914183 ], [ -75.531344000492368, 39.649459999914313 ], [ -75.531822000491616, 39.649068999914903 ], [ -75.531908000491512, 39.648993999915035 ], [ -75.532018000491348, 39.648899999915159 ], [ -75.532358000490774, 39.648606999915614 ], [ -75.533020000489785, 39.648036999916542 ], [ -75.533347000489243, 39.647719999917001 ], [ -75.533524000488967, 39.647556999917242 ], [ -75.533587000488865, 39.647514999917348 ], [ -75.533881000488407, 39.647373999917534 ], [ -75.534305000487791, 39.647189999917828 ], [ -75.534465000487501, 39.647111999917968 ], [ -75.535083000486566, 39.646813999918436 ], [ -75.535237000486347, 39.64678999991844 ], [ -75.535829000485421, 39.646738999918512 ], [ -75.536633000484187, 39.646634999918717 ], [ -75.536715000484037, 39.646622999918691 ], [ -75.536888000483771, 39.646579999918799 ], [ -75.537276000483189, 39.646460999918986 ], [ -75.538726000480892, 39.645979999919689 ], [ -75.538972000480555, 39.645896999919842 ], [ -75.539111000480318, 39.645853999919893 ], [ -75.539375000479879, 39.645793999919988 ], [ -75.539423000479815, 39.645783999920013 ], [ -75.53975400047932, 39.645715999920128 ], [ -75.540459000478222, 39.645571999920321 ], [ -75.540943000477455, 39.645472999920514 ], [ -75.541070000477248, 39.645444999920528 ], [ -75.541123000477171, 39.645441999920536 ], [ -75.54120000047709, 39.645441999920536 ], [ -75.541663000476376, 39.645454999920503 ], [ -75.541765000476175, 39.645457999920495 ], [ -75.541864000476039, 39.645460999920488 ], [ -75.541923000475947, 39.645448999920518 ], [ -75.541978000475865, 39.645424999920579 ], [ -75.542031000475788, 39.645351999920706 ], [ -75.542160000475576, 39.645170999920936 ], [ -75.542213000475499, 39.645075999921119 ], [ -75.542227000475464, 39.645050999921125 ], [ -75.542256000475447, 39.644965999921283 ], [ -75.542260000475437, 39.644931999921312 ], [ -75.542278000475392, 39.644766999921615 ], [ -75.542292000475356, 39.644720999921674 ], [ -75.542331000475315, 39.644658999921774 ], [ -75.542370000475273, 39.644614999921828 ], [ -75.542509000475036, 39.644456999922056 ], [ -75.54307700047417, 39.643811999923059 ], [ -75.543694000473181, 39.643049999924244 ], [ -75.544199000472418, 39.64247799992512 ], [ -75.544325000472213, 39.642311999925425 ], [ -75.544418000472092, 39.642191999925615 ], [ -75.544525000471936, 39.642072999925745 ], [ -75.544684000471648, 39.641909999926042 ], [ -75.544923000471272, 39.641681999926391 ], [ -75.545016000471151, 39.641597999926489 ], [ -75.545048000471127, 39.641568999926562 ], [ -75.545895000469784, 39.64080599992775 ], [ -75.546592000468706, 39.640146999928788 ], [ -75.546705000468535, 39.640039999928945 ], [ -75.546910000468188, 39.63984499992921 ], [ -75.547077000467937, 39.639685999929497 ], [ -75.547140000467834, 39.639597999929606 ], [ -75.547169000467818, 39.639539999929696 ], [ -75.54718000046779, 39.639501999929792 ], [ -75.54718800046777, 39.639473999929805 ], [ -75.547202000467735, 39.639412999929903 ], [ -75.547245000467683, 39.63933199993005 ], [ -75.547325000467538, 39.639211999930239 ], [ -75.547582000467173, 39.638937999930647 ], [ -75.547779000466846, 39.638728999930947 ], [ -75.547838000466754, 39.638658999931067 ], [ -75.547881000466703, 39.638592999931177 ], [ -75.547905000466642, 39.638542999931246 ], [ -75.548036000466482, 39.638396999931501 ], [ -75.548347000465981, 39.638000999932103 ], [ -75.548534000465679, 39.637769999932459 ], [ -75.548730000465412, 39.637637999932679 ], [ -75.548799000465294, 39.637591999932738 ], [ -75.548883000465139, 39.637555999932772 ], [ -75.548972000465028, 39.637539999932812 ], [ -75.549051000464885, 39.637538999932815 ], [ -75.549106000464803, 39.637542999932805 ], [ -75.549225000464617, 39.637560999932759 ], [ -75.549317000464498, 39.637559999932762 ], [ -75.549421000464292, 39.637547999932792 ], [ -75.549510000464181, 39.637530999932835 ], [ -75.549584000464051, 39.637503999932846 ], [ -75.549683000463915, 39.637456999932965 ], [ -75.549796000463743, 39.637390999933018 ], [ -75.550169000463143, 39.637152999933392 ], [ -75.550399000462789, 39.637041999933558 ], [ -75.5505190004626, 39.63692499993374 ], [ -75.550902000462031, 39.636735999934047 ], [ -75.551024000461837, 39.636689999934106 ], [ -75.551203000461555, 39.636621999934221 ], [ -75.551878000460476, 39.636416999934568 ], [ -75.552297000459873, 39.636288999934777 ], [ -75.552320000459815, 39.636281999934738 ], [ -75.552572000459406, 39.63621099993486 ], [ -75.552740000459153, 39.636162999934925 ], [ -75.552908000458899, 39.636126999935016 ], [ -75.55301600045874, 39.636098999935029 ], [ -75.553199000458449, 39.636035999935132 ], [ -75.553458000458022, 39.635949999935292 ], [ -75.553621000457781, 39.635859999935406 ], [ -75.553713000457662, 39.635824999935494 ], [ -75.553779000457553, 39.635804999935488 ], [ -75.553863000457397, 39.635788999935528 ], [ -75.553912000457331, 39.635782999935543 ], [ -75.553938000457322, 39.635779999935551 ], [ -75.554000000457222, 39.635760999935542 ], [ -75.55405500045714, 39.635744999935582 ], [ -75.554144000456972, 39.635689999935664 ], [ -75.554208000456867, 39.635631999935754 ], [ -75.554266000456778, 39.635565999935864 ], [ -75.554295000456761, 39.635492999935991 ], [ -75.554318000456703, 39.635415999936129 ], [ -75.554332000456668, 39.635331999936227 ], [ -75.554351000456677, 39.635281999936296 ], [ -75.554390000456578, 39.635234999936358 ], [ -75.554454000456474, 39.635169999936466 ], [ -75.554706000456122, 39.634948999936853 ], [ -75.55481900045595, 39.634870999936936 ], [ -75.554902000455797, 39.634815999937018 ], [ -75.555010000455638, 39.634755999937113 ], [ -75.555132000455444, 39.634688999937225 ], [ -75.555197000455337, 39.634652999937316 ], [ -75.555313000455158, 39.634570999937409 ], [ -75.555421000454999, 39.63448899993756 ], [ -75.555490000454881, 39.634419999937677 ], [ -75.555518000454867, 39.634392999937688 ], [ -75.555565000454749, 39.634334999937778 ], [ -75.555640000454673, 39.634241999937956 ], [ -75.555683000454565, 39.634188999938033 ], [ -75.555733000454495, 39.634144999938087 ], [ -75.555856000454298, 39.634085999938179 ], [ -75.555915000454206, 39.634043999938228 ], [ -75.555959000454152, 39.63400499993827 ], [ -75.555976000454109, 39.633974999938346 ], [ -75.556173000453839, 39.633629999938876 ], [ -75.556200000453771, 39.633591999938915 ], [ -75.556246000453712, 39.633546999939028 ], [ -75.556287000453665, 39.63351999993904 ], [ -75.556325000453569, 39.63350399993908 ], [ -75.556365000453525, 39.633494999939103 ], [ -75.556444000453382, 39.633477999939089 ], [ -75.55648700045333, 39.633462999939127 ], [ -75.556527000453286, 39.633440999939182 ], [ -75.556566000453245, 39.633411999939199 ], [ -75.556616000453118, 39.633386999939262 ], [ -75.556674000453029, 39.633352999939291 ], [ -75.556709000452997, 39.633323999939364 ], [ -75.556772000452895, 39.633258999939471 ], [ -75.5568320004528, 39.633188999939534 ], [ -75.556878000452741, 39.633126999939634 ], [ -75.55690600045267, 39.633070999939719 ], [ -75.556930000452667, 39.632994999939854 ], [ -75.556944000452631, 39.632913999940001 ], [ -75.556968000452571, 39.632851999940101 ], [ -75.556996000452557, 39.63280999994015 ], [ -75.557039000452505, 39.632764999940207 ], [ -75.557089000452436, 39.6327279999403 ], [ -75.557327000452062, 39.632590999940476 ], [ -75.557430000451859, 39.632264999941015 ], [ -75.557496000451749, 39.632088999941288 ], [ -75.557639000451559, 39.631735999941839 ], [ -75.55773100045144, 39.63162299994201 ], [ -75.557802000451318, 39.6315649999421 ], [ -75.55787900045118, 39.631499999942207 ], [ -75.558046000450929, 39.631313999942449 ], [ -75.558123000450792, 39.631061999942858 ], [ -75.55815000045078, 39.63093699994306 ], [ -75.558189000450682, 39.630746999943369 ], [ -75.558272000450586, 39.630494999943721 ], [ -75.558361000450418, 39.630333999944014 ], [ -75.558564000450133, 39.630116999944335 ], [ -75.558773000449776, 39.629986999944549 ], [ -75.558931000449547, 39.628411999946991 ], [ -75.559032000449406, 39.627716999948063 ], [ -75.559057000449343, 39.627545999948325 ], [ -75.559176000449156, 39.626748999949541 ], [ -75.559441000448771, 39.625844999950971 ], [ -75.559566000448569, 39.625417999951651 ], [ -75.559531000448601, 39.624980999952299 ], [ -75.559502000448674, 39.62461599995288 ], [ -75.559524000448619, 39.623777999954143 ], [ -75.559509000448656, 39.623456999954669 ], [ -75.559500000448679, 39.623276999954953 ], [ -75.559495000448692, 39.623166999955117 ], [ -75.559455000448736, 39.622313999956418 ], [ -75.559272000449027, 39.620940999958577 ], [ -75.559180000449146, 39.620143999959794 ], [ -75.559030000449411, 39.619369999961009 ], [ -75.558944000449515, 39.618742999961967 ], [ -75.558908000449605, 39.618482999962396 ], [ -75.558685000449941, 39.61787999996335 ], [ -75.558271000450588, 39.617643999963718 ], [ -75.557898000451132, 39.617509999963886 ], [ -75.557882000451173, 39.61662799996526 ], [ -75.557819000451275, 39.616324999965741 ], [ -75.557793000451341, 39.61620499996593 ], [ -75.557773000451334, 39.616109999966056 ], [ -75.55775500045138, 39.615974999966284 ], [ -75.557446000451876, 39.614876999967976 ], [ -75.557331000452052, 39.614022999969336 ], [ -75.557203000452205, 39.613080999970748 ], [ -75.556708000453, 39.612131999972235 ], [ -75.556560000453203, 39.611533999973176 ], [ -75.556641000453112, 39.610933999974122 ], [ -75.556952000452611, 39.610315999975057 ], [ -75.557206000452254, 39.609867999975734 ], [ -75.557432000451854, 39.609533999976293 ], [ -75.557371000451951, 39.609114999976953 ], [ -75.557109000452385, 39.608516999977837 ], [ -75.557073000452419, 39.607823999978962 ], [ -75.556974000452612, 39.607575999979304 ], [ -75.556541000453251, 39.606875999980389 ], [ -75.556306000453617, 39.606529999980921 ], [ -75.555951000454172, 39.606152999981532 ], [ -75.555639000454676, 39.605816999982039 ], [ -75.555628000454703, 39.605735999982187 ], [ -75.555562000454756, 39.605682999982264 ], [ -75.555501000454854, 39.605555999982471 ], [ -75.555487000454889, 39.605487999982586 ], [ -75.555461000454955, 39.605469999982574 ], [ -75.555438000454956, 39.605430999982673 ], [ -75.555423000454994, 39.605406999982677 ], [ -75.555430000454976, 39.605395999982704 ], [ -75.555431000454973, 39.60536999998277 ], [ -75.555432000454971, 39.605235999982938 ], [ -75.555404000455042, 39.605145999983108 ], [ -75.555379000455048, 39.605064999983199 ], [ -75.555354000455111, 39.605016999983263 ], [ -75.555311000455163, 39.604934999983413 ], [ -75.555283000455233, 39.604884999983483 ], [ -75.555175000455392, 39.604791999983661 ], [ -75.555059000455572, 39.604690999983802 ], [ -75.554882000455848, 39.60454099998401 ], [ -75.554623000456218, 39.60433099998437 ], [ -75.554492000456435, 39.604212999984554 ], [ -75.554100000457026, 39.603876999985062 ], [ -75.554088000457057, 39.603866999985087 ], [ -75.554031000457144, 39.603817999985154 ], [ -75.554010000457197, 39.603790999985222 ], [ -75.553953000457284, 39.60364899998541 ], [ -75.553911000457333, 39.603555999985531 ], [ -75.553778000457555, 39.603297999985955 ], [ -75.553578000457833, 39.60287699998662 ], [ -75.553533000457946, 39.602834999986669 ], [ -75.553392000458132, 39.602664999986928 ], [ -75.55335700045822, 39.602422999987311 ], [ -75.553326000458242, 39.602201999987642 ], [ -75.553333000458224, 39.602097999987848 ], [ -75.553424000458108, 39.602035999987891 ], [ -75.553491000457996, 39.601989999988007 ], [ -75.553464000458064, 39.601922999988119 ], [ -75.55352100045792, 39.601885999988156 ], [ -75.553541000457926, 39.601872999988188 ], [ -75.553512000457943, 39.601818999988268 ], [ -75.553473000458041, 39.601794999988272 ], [ -75.553398000458117, 39.601765999988345 ], [ -75.552540000459487, 39.601536999988696 ], [ -75.551643000460842, 39.601297999989072 ], [ -75.551344000461313, 39.601193999989221 ], [ -75.551321000461371, 39.601165999989291 ], [ -75.551144000461647, 39.601094999989357 ], [ -75.551057000461753, 39.601076999989402 ], [ -75.550877000462037, 39.601010999989512 ], [ -75.550610000462484, 39.600888999989706 ], [ -75.550555000462566, 39.600865999989708 ], [ -75.55043700046275, 39.600815999989834 ], [ -75.550318000462937, 39.600765999989903 ], [ -75.550218000463076, 39.600707999989993 ], [ -75.550157000463173, 39.600663999990047 ], [ -75.550064000463294, 39.60057699999021 ], [ -75.54996800046348, 39.600436999990393 ], [ -75.549931000463516, 39.600382999990472 ], [ -75.549905000463582, 39.600365999990515 ], [ -75.549733000463846, 39.600273999990634 ], [ -75.549657000463924, 39.60023199999074 ], [ -75.54954600046409, 39.600090999990925 ], [ -75.549526000464141, 39.600047999990977 ], [ -75.549513000464174, 39.60001899999105 ], [ -75.549461000464248, 39.599880999991285 ], [ -75.549424000464285, 39.599839999991332 ], [ -75.549392000464366, 39.599815999991336 ], [ -75.549331000464463, 39.599762999991469 ], [ -75.549261000464583, 39.599736999991478 ], [ -75.548882000465142, 39.599695999991525 ], [ -75.548636000465535, 39.599586999991743 ], [ -75.548513000465732, 39.599505999991834 ], [ -75.548474000465774, 39.5994799999919 ], [ -75.548144000466266, 39.59932499999212 ], [ -75.548068000466401, 39.599247999992258 ], [ -75.547974000466581, 39.59917699999238 ], [ -75.547845000466737, 39.599119999992467 ], [ -75.547833000466767, 39.599107999992441 ], [ -75.547821000466797, 39.599069999992537 ], [ -75.547799000466853, 39.599046999992538 ], [ -75.54766500046702, 39.598967999992681 ], [ -75.547604000467118, 39.598946999992734 ], [ -75.547511000467296, 39.598915999992755 ], [ -75.547444000467408, 39.598861999992835 ], [ -75.547369000467484, 39.59877799999299 ], [ -75.547323000467543, 39.59870499999306 ], [ -75.547270000467677, 39.598592999993286 ], [ -75.54725400046766, 39.598529999993332 ], [ -75.547245000467683, 39.598499999993408 ], [ -75.547159000467843, 39.598415999993563 ], [ -75.547157000467848, 39.598401999993541 ], [ -75.547154000467856, 39.598386999993579 ], [ -75.54712600046787, 39.598258999993789 ], [ -75.547105000467923, 39.598224999993818 ], [ -75.547076000467939, 39.598194999993893 ], [ -75.547031000467996, 39.59814599999396 ], [ -75.546940000468169, 39.598126999994008 ], [ -75.54691700046817, 39.598107999993999 ], [ -75.546828000468338, 39.598026999994147 ], [ -75.54678500046839, 39.59795199999428 ], [ -75.546780000468402, 39.597942999994245 ], [ -75.546740000468446, 39.597902999994346 ], [ -75.546690000468573, 39.597865999994383 ], [ -75.546597000468694, 39.5977969999945 ], [ -75.546512000468852, 39.597732999994605 ], [ -75.546405000469008, 39.5976729999947 ], [ -75.54636200046906, 39.597622999994769 ], [ -75.546314000469124, 39.597600999994825 ], [ -75.546226000469289, 39.597531999994885 ], [ -75.546212000469268, 39.597514999994928 ], [ -75.546207000469281, 39.597500999994963 ], [ -75.546175000469361, 39.597418999995057 ], [ -75.546158000469404, 39.597386999995138 ], [ -75.546142000469388, 39.597370999995178 ], [ -75.546054000469553, 39.597314999995262 ], [ -75.545970000469651, 39.597264999995332 ], [ -75.545934000469742, 39.597250999995367 ], [ -75.545896000469781, 39.597234999995351 ], [ -75.545776000469971, 39.597174999995445 ], [ -75.545703000470098, 39.59711099999555 ], [ -75.545320000470667, 39.596921999995857 ], [ -75.545169000470935, 39.596809999996026 ], [ -75.545011000471163, 39.596694999996203 ], [ -75.544961000471233, 39.596660999996288 ], [ -75.544348000472212, 39.59635099999673 ], [ -75.543499000473503, 39.595796999997617 ], [ -75.543495000473513, 39.595736999997712 ], [ -75.543488000473531, 39.595689999997774 ], [ -75.543461000473542, 39.595639999997843 ], [ -75.543346000473719, 39.595532999997999 ], [ -75.543205000473961, 39.59545099999815 ], [ -75.542903000474439, 39.595129999998619 ], [ -75.542779000474638, 39.595047999998769 ], [ -75.542743000474672, 39.59502399999883 ], [ -75.54273600047469, 39.595010999998806 ], [ -75.542683000474767, 39.594920999998976 ], [ -75.542630000474844, 39.594873999999038 ], [ -75.542494000475074, 39.594762999999205 ], [ -75.542445000475141, 39.594721999999251 ], [ -75.54237900047525, 39.594673999999372 ], [ -75.542277000475394, 39.594600999999443 ], [ -75.542146000475611, 39.594518999999593 ], [ -75.541963000475903, 39.594450999999708 ], [ -75.541800000476144, 39.594393999999795 ], [ -75.541676000476343, 39.594352999999842 ], [ -75.541484000476657, 39.594279 ], [ -75.541305000476882, 39.594236 ], [ -75.541107000477211, 39.594227 ], [ -75.540802000477697, 39.594255 ], [ -75.540698000477846, 39.594284 ], [ -75.540501000478173, 39.594310999999891 ], [ -75.540397000478322, 39.594319999999868 ], [ -75.540208000478628, 39.594335999999885 ], [ -75.540118000478742, 39.594343999999865 ], [ -75.539650000479469, 39.594285 ], [ -75.539349000479945, 39.594180000000108 ], [ -75.539023000480427, 39.594058000000302 ], [ -75.538560000481198, 39.59397700000045 ], [ -75.538224000481705, 39.593856000000642 ], [ -75.538145000481791, 39.593875000000594 ], [ -75.537915000482144, 39.593806000000711 ], [ -75.537705000482504, 39.593732000000784 ], [ -75.537596000482665, 39.593676000000869 ], [ -75.53753600048276, 39.593645000000947 ], [ -75.537503000482786, 39.593627000000993 ], [ -75.537478000482849, 39.593609000000981 ], [ -75.537375000482996, 39.593532000001119 ], [ -75.537244000483213, 39.593285000001515 ], [ -75.53719100048329, 39.593186000001651 ], [ -75.537229000483251, 39.592432000002816 ], [ -75.536941000483694, 39.591872000003718 ], [ -75.536081000485012, 39.59146800000434 ], [ -75.536048000485096, 39.591446000004339 ], [ -75.535255000486302, 39.590928000005135 ], [ -75.534462000487508, 39.590409000005991 ], [ -75.534216000487902, 39.590342000006046 ], [ -75.533968000488301, 39.5896150000072 ], [ -75.533641000488785, 39.58927000000773 ], [ -75.532992000489799, 39.589032000008103 ], [ -75.532322000490865, 39.589147000007927 ], [ -75.532237000490966, 39.589092000008009 ], [ -75.532173000491071, 39.589010000008159 ], [ -75.531921000491479, 39.588947000008261 ], [ -75.531785000491709, 39.588942000008217 ], [ -75.531563000492042, 39.588888000008353 ], [ -75.531400000492283, 39.588818000008416 ], [ -75.531279000492475, 39.588697000008608 ], [ -75.531304000492412, 39.588492000008955 ], [ -75.531308000492402, 39.588468000008959 ], [ -75.531312000492392, 39.588434000009045 ], [ -75.531315000492441, 39.588417000009031 ], [ -75.53129700049243, 39.588382000009119 ], [ -75.531279000492475, 39.588345000009156 ], [ -75.53122300049256, 39.58815700000946 ], [ -75.530909000493068, 39.587826000009954 ], [ -75.530781000493221, 39.587312000010797 ], [ -75.530648000493443, 39.587075000011168 ], [ -75.530493000493664, 39.586800000011579 ], [ -75.530141000494211, 39.586464000012086 ], [ -75.529309000495516, 39.586080000012657 ], [ -75.528765000496378, 39.585536000013519 ], [ -75.528460000496864, 39.585057000014274 ], [ -75.528205000497223, 39.584656000014888 ], [ -75.527693000498061, 39.58411200001575 ], [ -75.527101000498931, 39.584080000015774 ], [ -75.526141000500445, 39.584160000015686 ], [ -75.52461100050283, 39.584137000015687 ], [ -75.524561000502899, 39.58410400001577 ], [ -75.524209000503447, 39.584043000015868 ], [ -75.523503000504547, 39.583867000016141 ], [ -75.523275000504896, 39.583820000016203 ], [ -75.523132000505143, 39.58379100001622 ], [ -75.522969000505384, 39.583730000016317 ], [ -75.522499000506116, 39.583589000016559 ], [ -75.522252000506455, 39.583519000016679 ], [ -75.522055000506782, 39.583423000016808 ], [ -75.522027000506853, 39.583424000016805 ], [ -75.521941000506956, 39.583424000016805 ], [ -75.52182300050714, 39.583381000016857 ], [ -75.521681000507385, 39.583361000016907 ], [ -75.521595000507489, 39.583349000016938 ], [ -75.521438000507771, 39.583338000016965 ], [ -75.521391000507833, 39.583335000016973 ], [ -75.521086000508319, 39.583309000016982 ], [ -75.52091100050859, 39.583301000017002 ], [ -75.520837000508664, 39.58328600001704 ], [ -75.520809000508734, 39.58329000001703 ], [ -75.520785000508738, 39.583305000016992 ], [ -75.520753000508819, 39.583378000016864 ], [ -75.520665000508927, 39.583476000016731 ], [ -75.520639000508993, 39.583489000016698 ], [ -75.520619000509043, 39.583499000016673 ], [ -75.520531000509152, 39.583480000016721 ], [ -75.520471000509247, 39.583467000016753 ], [ -75.520378000509368, 39.58344600001675 ], [ -75.520301000509505, 39.583429000016793 ], [ -75.520292000509528, 39.58342200001681 ], [ -75.520226000509638, 39.583310000016979 ], [ -75.520213000509671, 39.583304000016994 ], [ -75.519982000510026, 39.583331000016926 ], [ -75.519750000510385, 39.583343000016953 ], [ -75.519636000510559, 39.583328000016934 ], [ -75.519575000510656, 39.583307000016987 ], [ -75.519366000510956, 39.583202000017138 ], [ -75.519251000511133, 39.583152000017208 ], [ -75.51919000051123, 39.583118000017294 ], [ -75.51912000051135, 39.583075000017345 ], [ -75.519000000511539, 39.583054000017398 ], [ -75.518792000511837, 39.583033000017394 ], [ -75.518658000512062, 39.58300300001747 ], [ -75.518449000512362, 39.582920000017566 ], [ -75.518393000512447, 39.582902000017611 ], [ -75.518263000512661, 39.582886000017652 ], [ -75.518157000512815, 39.582880000017667 ], [ -75.518065000512991, 39.582840000017711 ], [ -75.517960000513142, 39.582756000017866 ], [ -75.517814000513397, 39.582617000018047 ], [ -75.517742000513465, 39.582574000018099 ], [ -75.517606000513695, 39.582569000018111 ], [ -75.517553000513772, 39.582563000018126 ], [ -75.517487000513881, 39.582479000018282 ], [ -75.517416000514004, 39.582385000018405 ], [ -75.517322000514127, 39.582307000018545 ], [ -75.517077000514519, 39.582133000018814 ], [ -75.516982000514645, 39.582014000019001 ], [ -75.516896000514805, 39.581955000019093 ], [ -75.516810000514909, 39.581946000019116 ], [ -75.516773000515002, 39.581934000019146 ], [ -75.516761000515032, 39.581925000019112 ], [ -75.516728000515059, 39.581872000019189 ], [ -75.516695000515085, 39.5818280000193 ], [ -75.516637000515175, 39.581781000019362 ], [ -75.516580000515262, 39.581772000019384 ], [ -75.516502000515402, 39.581754000019373 ], [ -75.516457000515459, 39.581720000019459 ], [ -75.516374000515611, 39.581598000019653 ], [ -75.516332000515661, 39.581485000019825 ], [ -75.516276000515745, 39.581312000020091 ], [ -75.516261000515783, 39.581275000020128 ], [ -75.516238000515841, 39.581218000020215 ], [ -75.516207000515863, 39.581184000020301 ], [ -75.516104000516009, 39.581100000020399 ], [ -75.516020000516164, 39.581030000020519 ], [ -75.515853000516415, 39.580973000020606 ], [ -75.515685000516669, 39.580905000020721 ], [ -75.515670000516707, 39.580908000020713 ], [ -75.515577000516828, 39.580973000020606 ], [ -75.515540000516921, 39.581026000020529 ], [ -75.515491000516988, 39.581041000020491 ], [ -75.515472000516979, 39.581053000020461 ], [ -75.515423000517103, 39.58112600002039 ], [ -75.515414000517069, 39.581140000020355 ], [ -75.515398000517109, 39.581164000020294 ], [ -75.515346000517184, 39.581185000020298 ], [ -75.515319000517252, 39.581186000020296 ], [ -75.515187000517471, 39.581155000020317 ], [ -75.515075000517641, 39.581115000020418 ], [ -75.51503300051769, 39.581088000020429 ], [ -75.514892000517932, 39.580999000020597 ], [ -75.514747000518128, 39.580884000020774 ], [ -75.514658000518295, 39.580788000020902 ], [ -75.514551000518452, 39.58064900002114 ], [ -75.514481000518572, 39.580541000021299 ], [ -75.514418000518617, 39.580369000021562 ], [ -75.514316000518818, 39.58008700002199 ], [ -75.514292000518822, 39.579912000022262 ], [ -75.514262000518897, 39.579649000022641 ], [ -75.51426500051889, 39.579600000022765 ], [ -75.5142610005189, 39.579570000022784 ], [ -75.514248000518933, 39.579535000022872 ], [ -75.514230000518921, 39.579486000022939 ], [ -75.514207000518979, 39.579465000022935 ], [ -75.514184000518981, 39.579445000022986 ], [ -75.514187000518973, 39.579431000023021 ], [ -75.514202000518992, 39.579392000023063 ], [ -75.514202000518992, 39.579372000023113 ], [ -75.514189000519025, 39.579348000023117 ], [ -75.514043000519223, 39.579268000023262 ], [ -75.514032000519251, 39.579262000023277 ], [ -75.513949000519347, 39.579255000023295 ], [ -75.513775000519615, 39.579160000023421 ], [ -75.513721000519752, 39.579116000023475 ], [ -75.513577000519945, 39.578999000023657 ], [ -75.513443000520169, 39.578848000023925 ], [ -75.513322000520361, 39.578713000024095 ], [ -75.51328800052039, 39.578687000024161 ], [ -75.513120000520644, 39.57858300002431 ], [ -75.512987000520866, 39.578516000024422 ], [ -75.512962999479214, 39.578498000024467 ], [ -75.512907999479296, 39.578451000024529 ], [ -75.512869999479392, 39.578360000024645 ], [ -75.512769999479531, 39.578290000024765 ], [ -75.512500999479926, 39.575006000029873 ], [ -75.512245999480342, 39.57170000003498 ], [ -75.512072999480608, 39.569453000038493 ], [ -75.51195999948078, 39.567290000041851 ], [ -75.512026999480668, 39.567189000041992 ], [ -75.512170999480475, 39.567009000042276 ], [ -75.512326999480194, 39.566858000042544 ], [ -75.512426999480056, 39.566749000042705 ], [ -75.51244499948001, 39.566740000042728 ], [ -75.512519999479935, 39.566622000042912 ], [ -75.512593999479805, 39.566489000043077 ], [ -75.512611999479759, 39.566391000043268 ], [ -75.512619999479739, 39.566303000043376 ], [ -75.512612999479757, 39.566215000043542 ], [ -75.512805999479497, 39.565891000044019 ], [ -75.512889999479341, 39.565870000044072 ], [ -75.512943999479262, 39.565784000044175 ], [ -75.513024000520829, 39.565639000044428 ], [ -75.513012000520803, 39.565577000044527 ], [ -75.513028000520819, 39.565553000044531 ], [ -75.513170000520574, 39.56530500004493 ], [ -75.513474000520091, 39.564770000045769 ], [ -75.51350100052008, 39.564721000045836 ], [ -75.513520000520032, 39.564690000045914 ], [ -75.513564000519978, 39.564612000045997 ], [ -75.513723000519747, 39.564334000046415 ], [ -75.513763000519646, 39.564340000046457 ], [ -75.513825000519546, 39.564259000046547 ], [ -75.513873000519482, 39.56426200004654 ], [ -75.513952000519339, 39.56412200004678 ], [ -75.513913000519437, 39.564056000046889 ], [ -75.513969000519353, 39.563933000047086 ], [ -75.514047000519213, 39.563790000047277 ], [ -75.514132000519112, 39.563636000047495 ], [ -75.514263000518895, 39.563393000047881 ], [ -75.514579000518381, 39.562801000048808 ], [ -75.514662000518285, 39.562659000049052 ], [ -75.514756000518105, 39.562612000049114 ], [ -75.515007000517755, 39.562612000049114 ], [ -75.515031000517695, 39.562576000049148 ], [ -75.515674000516697, 39.561435000050949 ], [ -75.516033000516131, 39.560655000052122 ], [ -75.51677000051501, 39.559434000054068 ], [ -75.517814000513397, 39.557457000057127 ], [ -75.518144000512848, 39.55668400005834 ], [ -75.519068000511425, 39.555434000060245 ], [ -75.520200000509647, 39.554173000062235 ], [ -75.521364000507845, 39.552914000064163 ], [ -75.522495000506126, 39.551815000065858 ], [ -75.524107000503591, 39.550373000068134 ], [ -75.524736000502628, 39.549659000069198 ], [ -75.52600300050068, 39.548488000071018 ], [ -75.527028000499058, 39.547655000072325 ], [ -75.528440000496857, 39.546590000073991 ], [ -75.529292000495559, 39.545920000075 ], [ -75.529900000494592, 39.545477000075721 ], [ -75.530193000494137, 39.545262000076036 ], [ -75.530348000493916, 39.545060000076376 ], [ -75.531296000492432, 39.544226000077629 ], [ -75.532342000490814, 39.543280000079108 ], [ -75.533412000489136, 39.542044000081034 ], [ -75.534014000488241, 39.540702000083115 ], [ -75.533975000488283, 39.540218000083883 ], [ -75.533285000489343, 39.539208000085466 ], [ -75.532617000490404, 39.538102000087179 ], [ -75.531968000491418, 39.537165000088635 ], [ -75.531575000492012, 39.536825000089152 ], [ -75.530953000492957, 39.536564000089527 ], [ -75.530795000493242, 39.536529000089615 ], [ -75.530748000493304, 39.53651900008964 ], [ -75.530684000493409, 39.536505000089619 ], [ -75.530615000493526, 39.536490000089657 ], [ -75.529821000494735, 39.536318000089921 ], [ -75.529219000495686, 39.536076000090304 ], [ -75.528248000497172, 39.535586000091087 ], [ -75.527799000497851, 39.53536400009142 ], [ -75.52767500049805, 39.535277000091526 ], [ -75.527668000498068, 39.535268000091548 ], [ -75.527649000498116, 39.535242000091614 ], [ -75.527643000498131, 39.535234000091634 ], [ -75.527606000498167, 39.535185000091701 ], [ -75.527561000498224, 39.535125000091796 ], [ -75.527521000498325, 39.535027000091929 ], [ -75.527499000498324, 39.534972000092012 ], [ -75.527477000498379, 39.534768000092356 ], [ -75.527446000498401, 39.534500000092748 ], [ -75.527407000498499, 39.534397000092895 ], [ -75.52733000049858, 39.534189000093249 ], [ -75.527379000498513, 39.533222000094725 ], [ -75.527496000498331, 39.532715000095493 ], [ -75.527374000498526, 39.532288000096173 ], [ -75.527148000498869, 39.532089000096505 ], [ -75.52691900049922, 39.531891000096778 ], [ -75.526787000499439, 39.531440000097518 ], [ -75.526671000499618, 39.530215000099417 ], [ -75.52677100049948, 39.529215000100976 ], [ -75.526921000499215, 39.528612000101873 ], [ -75.526730000499526, 39.527693000103341 ], [ -75.526654000499661, 39.526638000104924 ], [ -75.526889000499295, 39.525559000106625 ], [ -75.527121000498937, 39.525093000107347 ], [ -75.527167000498878, 39.524505000108263 ], [ -75.527078000498989, 39.52382800010929 ], [ -75.527079000498986, 39.523707000109482 ], [ -75.527180000498845, 39.523480000109828 ], [ -75.527598000498188, 39.522551000111321 ], [ -75.5279260004977, 39.521634000112726 ], [ -75.528007000497553, 39.520425000114585 ], [ -75.528214000497201, 39.519290000116371 ], [ -75.528219000497245, 39.519230000116465 ], [ -75.528305000497085, 39.518219000117995 ], [ -75.52829500049711, 39.518187000118076 ], [ -75.528264000497131, 39.518082000118227 ], [ -75.527705000498031, 39.517733000118767 ], [ -75.527394000498475, 39.517443000119215 ], [ -75.527358000498566, 39.516846000120154 ], [ -75.527447000498398, 39.515968000121518 ], [ -75.527522000498323, 39.515614000122071 ], [ -75.52758900049821, 39.515531000122166 ], [ -75.528252000497162, 39.514720000123475 ], [ -75.528309000497075, 39.514651000123536 ], [ -75.528971000496028, 39.513663000125064 ], [ -75.52974100049488, 39.512040000127627 ], [ -75.529978000494509, 39.510816000129523 ], [ -75.530022000494398, 39.51041400013014 ], [ -75.530026000494388, 39.508498000133102 ], [ -75.529996000494464, 39.50675800013579 ], [ -75.530002000494449, 39.505993000136982 ], [ -75.530141000494211, 39.505373000137979 ], [ -75.530051000494382, 39.504817000138814 ], [ -75.529703000494919, 39.50415500013986 ], [ -75.529530000495186, 39.503559000140797 ], [ -75.5294000004954, 39.502842000141868 ], [ -75.529364000495434, 39.501850000143406 ], [ -75.529419000495352, 39.501367000144171 ], [ -75.529368000495424, 39.501229000144406 ], [ -75.528747000496423, 39.500881000144943 ], [ -75.528226000497227, 39.500546000145448 ], [ -75.528019000497522, 39.500414000145668 ], [ -75.527452000498386, 39.500112000146146 ], [ -75.527143000498882, 39.49980100014659 ], [ -75.526823000499405, 39.499411000147234 ], [ -75.526839000499365, 39.499393000147222 ], [ -75.526974000499138, 39.499168000147563 ], [ -75.527023000499071, 39.499124000147674 ], [ -75.527279000498652, 39.499036000147782 ], [ -75.527548000498257, 39.498960000147918 ], [ -75.527732000497963, 39.49897100014789 ], [ -75.527740000497943, 39.498674000148355 ], [ -75.527768000497929, 39.498487000148657 ], [ -75.527795000497861, 39.498346000148842 ], [ -75.527809000497882, 39.498301000148956 ], [ -75.527861000497751, 39.498139000149195 ], [ -75.531449000492216, 39.497726000149839 ], [ -75.537934000482153, 39.496982000150979 ], [ -75.538384000481415, 39.496942000151023 ], [ -75.538526000481227, 39.496929000151056 ], [ -75.542606000474905, 39.496574000151611 ], [ -75.542693000474742, 39.496568000151626 ], [ -75.54648600046886, 39.496242000152108 ], [ -75.54726200046764, 39.496215000152176 ], [ -75.559090000449316, 39.495806000152811 ], [ -75.563562000442346, 39.483290000172246 ], [ -75.563586000442342, 39.48304800017263 ], [ -75.560903000446501, 39.460378000207811 ], [ -75.560485000447159, 39.456845000213264 ], [ -75.560538000447082, 39.455645000215156 ], [ -75.555465000454944, 39.451321000221867 ], [ -75.550198000463126, 39.446749000228976 ], [ -75.549707000463854, 39.4463220002296 ], [ -75.549216000464639, 39.445896000230277 ], [ -75.544022000472694, 39.44138900023728 ], [ -75.541612000476448, 39.439297000240515 ], [ -75.538044000481989, 39.436200000245321 ], [ -75.534007000488259, 39.432698000250753 ], [ -75.531125000492693, 39.430197000254623 ], [ -75.525742000501054, 39.425571000261812 ], [ -75.523854000504002, 39.423949000264372 ], [ -75.514127000519068, 39.415591000277345 ], [ -75.512713999479615, 39.414376000279219 ], [ -75.501573999496941, 39.404802000294069 ], [ -75.500608999498411, 39.403972000295369 ], [ -75.499643999499881, 39.403143000296666 ], [ -75.487639999518535, 39.392844000312607 ], [ -75.481359999528308, 39.387555000320845 ], [ -75.499143999500689, 39.374997000340329 ], [ -75.502635999495283, 39.372535000344158 ], [ -75.505836999490271, 39.370256000347695 ], [ -75.50822199948658, 39.368559000350331 ], [ -75.511776999481071, 39.366030000354272 ], [ -75.51193999948083, 39.365947000354367 ], [ -75.512105999480582, 39.365830000354549 ], [ -75.512307999480242, 39.365685000354802 ], [ -75.512569999479865, 39.365567000354986 ], [ -75.512937999479277, 39.36545700035515 ], [ -75.514297000518809, 39.365149000355586 ], [ -75.515175000517445, 39.364889000356015 ], [ -75.515500000516965, 39.364734000356236 ], [ -75.51576900051657, 39.364553000356523 ], [ -75.515975000516221, 39.364363000356832 ], [ -75.516081000516067, 39.364015000357369 ], [ -75.516152000515945, 39.363573000358087 ], [ -75.516209000515857, 39.362857000359156 ], [ -75.516316000515701, 39.361924000360602 ], [ -75.516394000515561, 39.361594000361151 ], [ -75.516486000515442, 39.361391000361436 ], [ -75.516684000515113, 39.361138000361848 ], [ -75.516897000514803, 39.360988000362056 ], [ -75.517265000514215, 39.360843000362308 ], [ -75.517449000513921, 39.360797000362368 ], [ -75.517831000513354, 39.360687000362532 ], [ -75.518786000511852, 39.360516000362793 ], [ -75.519197000511213, 39.36039300036299 ], [ -75.519338000511027, 39.360320000363117 ], [ -75.519628000510579, 39.360066000363531 ], [ -75.520004000509971, 39.359483000364435 ], [ -75.520124000509782, 39.359226000364799 ], [ -75.520337000509471, 39.35900900036512 ], [ -75.520790000508725, 39.358669000365694 ], [ -75.520897000508569, 39.358606000365796 ], [ -75.521129000508211, 39.358550000365881 ], [ -75.5213420005079, 39.358585000365792 ], [ -75.52142000050776, 39.358607000365794 ], [ -75.521745000507281, 39.358773000365488 ], [ -75.521787000507231, 39.358782000365522 ], [ -75.522000000506864, 39.358929000365265 ], [ -75.522318000506402, 39.359095000365016 ], [ -75.522770000505659, 39.359435000364499 ], [ -75.523254000504949, 39.359712000364027 ], [ -75.5235840005044, 39.359810000363893 ], [ -75.523895000503956, 39.359849000363852 ], [ -75.52434800050321, 39.359847000363857 ], [ -75.524857000502436, 39.359804000363908 ], [ -75.525877000500884, 39.359642000364147 ], [ -75.526669000499624, 39.359435000364499 ], [ -75.527257000498707, 39.359243000364756 ], [ -75.527759000497952, 39.358971000365216 ], [ -75.528254000497157, 39.358509000365927 ], [ -75.528453000496881, 39.358305000366215 ], [ -75.528523000496762, 39.358206000366408 ], [ -75.528651000496552, 39.357962000366797 ], [ -75.528708000496465, 39.35781800036699 ], [ -75.528758000496396, 39.357642000367264 ], [ -75.528800000496346, 39.357470000367528 ], [ -75.528800000496346, 39.357164000368016 ], [ -75.528715000496447, 39.356881000368446 ], [ -75.528673000496497, 39.356782000368582 ], [ -75.528425000496895, 39.356463000369104 ], [ -75.528256000497151, 39.356306000369329 ], [ -75.527739000497945, 39.355943000369905 ], [ -75.527577000498241, 39.355818000370107 ], [ -75.527365000498548, 39.355463000370662 ], [ -75.527315000498618, 39.355342000370854 ], [ -75.527273000498667, 39.355225000371036 ], [ -75.527230000498776, 39.354950000371446 ], [ -75.527259000498702, 39.354675000371856 ], [ -75.527408000498497, 39.354368000372347 ], [ -75.527627000498114, 39.354097000372747 ], [ -75.528087000497408, 39.3537030003734 ], [ -75.528271000497114, 39.353616000373506 ], [ -75.528370000496977, 39.353557000373598 ], [ -75.528696000496495, 39.353430000373805 ], [ -75.52907100049589, 39.353423000373823 ], [ -75.529538000495165, 39.353534000373656 ], [ -75.529934000494563, 39.353717000373365 ], [ -75.530026000494388, 39.353775000373275 ], [ -75.53016000049422, 39.353846000373153 ], [ -75.530202000494171, 39.353860000373118 ], [ -75.531023000492894, 39.354352000372387 ], [ -75.531391000492306, 39.354508000372107 ], [ -75.531914000491497, 39.354595000372001 ], [ -75.532565000490479, 39.354511000372099 ], [ -75.532926000489908, 39.354356000372377 ], [ -75.533238000489405, 39.35422000037255 ], [ -75.533549000488961, 39.354047000372873 ], [ -75.534002000488272, 39.353676000373412 ], [ -75.534066000488167, 39.353612000373516 ], [ -75.534278000487802, 39.353332000373939 ], [ -75.534327000487735, 39.353061000374396 ], [ -75.534307000487786, 39.352224000375656 ], [ -75.534371000487681, 39.351827000376318 ], [ -75.53448400048751, 39.351425000376935 ], [ -75.53448400048751, 39.351389000376969 ], [ -75.534540000487425, 39.351321000377084 ], [ -75.534652000487256, 39.351154000377335 ], [ -75.534781000487044, 39.351050000377484 ], [ -75.535008000486698, 39.350891000377771 ], [ -75.53544600048599, 39.350691000378049 ], [ -75.535849000485371, 39.350617000378179 ], [ -75.536097000484972, 39.350629000378149 ], [ -75.536260000484731, 39.350642000378116 ], [ -75.536783000483922, 39.350766000377916 ], [ -75.537158000483373, 39.350899000377751 ], [ -75.537201000483265, 39.350904000377739 ], [ -75.537399000482992, 39.351015000377572 ], [ -75.537434000482904, 39.351020000377559 ], [ -75.537639000482613, 39.351095000377427 ], [ -75.537986000482078, 39.351256000377191 ], [ -75.53815600048182, 39.351336000377046 ], [ -75.538686000480993, 39.351672000376539 ], [ -75.53899000048051, 39.351954000376111 ], [ -75.539047000480423, 39.352053000375918 ], [ -75.539210000480182, 39.352395000375395 ], [ -75.539315000479974, 39.352719000374918 ], [ -75.53947100047975, 39.353267000374046 ], [ -75.53954900047961, 39.353443000373773 ], [ -75.539634000479509, 39.353623000373489 ], [ -75.539867000479148, 39.353887000373106 ], [ -75.540086000478823, 39.354058000372845 ], [ -75.540299000478456, 39.354174000372666 ], [ -75.540829000477629, 39.354311000372434 ], [ -75.541162000477129, 39.354354000372382 ], [ -75.541586000476457, 39.354366000372352 ], [ -75.542004000475799, 39.354260000372506 ], [ -75.542485000475097, 39.35406000037284 ], [ -75.542881000474438, 39.353774000373278 ], [ -75.543263000473871, 39.353236000374125 ], [ -75.543525000473437, 39.352631000375027 ], [ -75.543816000472987, 39.351873000376202 ], [ -75.543815000472989, 39.351837000376293 ], [ -75.544056000472665, 39.351363000377034 ], [ -75.544396000472091, 39.350969000377631 ], [ -75.544460000471986, 39.350915000377711 ], [ -75.544672000471678, 39.350837000377851 ], [ -75.545089000471023, 39.350772000377958 ], [ -75.545216000470816, 39.350763000377924 ], [ -75.546377000469022, 39.350816000377847 ], [ -75.547028000468003, 39.35094300037764 ], [ -75.54738900046749, 39.351077000377472 ], [ -75.54753700046723, 39.351117000377371 ], [ -75.547799000466853, 39.351269000377158 ], [ -75.547884000466695, 39.351327000377069 ], [ -75.547954000466575, 39.351426000376932 ], [ -75.548068000466401, 39.351619000376616 ], [ -75.548110000466352, 39.351713000376492 ], [ -75.548145000466263, 39.351961000376093 ], [ -75.548103000466369, 39.352619000375057 ], [ -75.548131000466299, 39.352921000374579 ], [ -75.548294000466058, 39.353195000374171 ], [ -75.548322000466044, 39.353204000374149 ], [ -75.548605000465557, 39.3534320003738 ], [ -75.54906500046485, 39.353673000373419 ], [ -75.549393000464363, 39.353791000373235 ], [ -75.549560000464112, 39.353837000373176 ], [ -75.549645000463954, 39.35385500037313 ], [ -75.550338000462887, 39.353991000372957 ], [ -75.550890000462005, 39.354038000372839 ], [ -75.551386000461264, 39.353978000372933 ], [ -75.551626000460885, 39.353940000373029 ], [ -75.552149000460076, 39.353740000373307 ], [ -75.552758000459107, 39.353426000373815 ], [ -75.55336900045819, 39.353010000374468 ], [ -75.553664000457729, 39.352665000374998 ], [ -75.554018000457177, 39.352415000375402 ], [ -75.554477000456473, 39.351922000376135 ], [ -75.554619000456228, 39.351718000376479 ], [ -75.554683000456123, 39.351506000376787 ], [ -75.554661000456178, 39.351110000377389 ], [ -75.554612000456245, 39.350921000377696 ], [ -75.554520000456421, 39.350611000378194 ], [ -75.554471000456488, 39.350480000378411 ], [ -75.554385000456591, 39.350350000378569 ], [ -75.554244000456833, 39.350161000378876 ], [ -75.554188000456918, 39.350099000378975 ], [ -75.553926000457295, 39.34996900037919 ], [ -75.553841000457453, 39.349938000379211 ], [ -75.553522000457917, 39.349913000379274 ], [ -75.55335300045823, 39.349922000379252 ], [ -75.553190000458471, 39.349941000379204 ], [ -75.552914000458884, 39.350055000379029 ], [ -75.552730000459178, 39.350088000379003 ], [ -75.552631000459314, 39.350115000378935 ], [ -75.552242000459955, 39.350157000378886 ], [ -75.55190300046047, 39.350114000378937 ], [ -75.551669000460834, 39.350038000379072 ], [ -75.551429000461212, 39.349895000379263 ], [ -75.551153000461625, 39.349568000379804 ], [ -75.551096000461712, 39.349483000379905 ], [ -75.550990000461866, 39.349181000380383 ], [ -75.550933000461953, 39.348803000380997 ], [ -75.550933000461953, 39.348488000381451 ], [ -75.551061000461743, 39.347757000382614 ], [ -75.551054000461761, 39.347419000383127 ], [ -75.55101100046187, 39.347100000383648 ], [ -75.550955000461954, 39.346127000385138 ], [ -75.550955000461954, 39.345892000385504 ], [ -75.551040000461796, 39.345568000385981 ], [ -75.551203000461555, 39.345310000386405 ], [ -75.55142200046123, 39.345156000386623 ], [ -75.551599000460953, 39.345105000386752 ], [ -75.551896000460488, 39.345104000386755 ], [ -75.552611000459365, 39.345150000386639 ], [ -75.55422300045683, 39.345404000386281 ], [ -75.554698000456142, 39.345600000385957 ], [ -75.554980000455657, 39.345765000385711 ], [ -75.555132000455444, 39.345871000385557 ], [ -75.555462000454952, 39.346222000385012 ], [ -75.555659000454625, 39.346456000384649 ], [ -75.555886000454279, 39.346743000384208 ], [ -75.556041000454059, 39.347044000383733 ], [ -75.556176000453831, 39.347638000382801 ], [ -75.556190000453796, 39.347661000382743 ], [ -75.556126000453901, 39.347837000382469 ], [ -75.556140000453865, 39.348093000382107 ], [ -75.556190000453796, 39.348287000381788 ], [ -75.556360000453537, 39.348615000381301 ], [ -75.556537000453261, 39.348808000380984 ], [ -75.556636000453125, 39.348861000380907 ], [ -75.556954000452606, 39.349013000380637 ], [ -75.557166000452298, 39.349098000380536 ], [ -75.557308000452053, 39.349120000380481 ], [ -75.557378000451934, 39.349101000380529 ], [ -75.557690000451487, 39.348627000381271 ], [ -75.557810000451298, 39.348369000381638 ], [ -75.55789500045114, 39.348144000382035 ], [ -75.557909000451161, 39.348076000382093 ], [ -75.557952000451053, 39.348013000382196 ], [ -75.558263000450609, 39.347313000383281 ], [ -75.558411000450349, 39.347082000383637 ], [ -75.55858100045009, 39.346789000384092 ], [ -75.558800000449764, 39.346549000384471 ], [ -75.559274000449022, 39.346249000384944 ], [ -75.559954000447988, 39.345886000385519 ], [ -75.560272000447469, 39.345623000385899 ], [ -75.560357000447311, 39.345519000386105 ], [ -75.560519000447073, 39.345067000386791 ], [ -75.56052000044707, 39.344779000387234 ], [ -75.560484000447161, 39.344500000387654 ], [ -75.56044200044721, 39.344234000388099 ], [ -75.560350000447329, 39.343888000388631 ], [ -75.560215000447556, 39.343686000388914 ], [ -75.559982000447917, 39.343466000389299 ], [ -75.559791000448229, 39.34337700038941 ], [ -75.559536000448588, 39.343297000389555 ], [ -75.55927500044902, 39.34322200038963 ], [ -75.558673000449971, 39.343103000389817 ], [ -75.558136000450759, 39.342921000390106 ], [ -75.557846000451207, 39.342764000390332 ], [ -75.557789000451351, 39.342715000390456 ], [ -75.557591000451623, 39.342464000390805 ], [ -75.557527000451728, 39.34233800039101 ], [ -75.557421000451882, 39.342050000391453 ], [ -75.557379000451931, 39.341893000391735 ], [ -75.557358000451984, 39.341501000392327 ], [ -75.557478000451795, 39.340901000393274 ], [ -75.557584000451641, 39.340653000393615 ], [ -75.557619000451609, 39.34058900039372 ], [ -75.558199000450713, 39.339938000394739 ], [ -75.558369000450398, 39.339590000395276 ], [ -75.558398000450381, 39.339473000395458 ], [ -75.558369000450398, 39.339329000395708 ], [ -75.558334000450486, 39.339230000395844 ], [ -75.558093000450867, 39.338956000396252 ], [ -75.557725000451399, 39.338679000396723 ], [ -75.556954000452606, 39.338250000397352 ], [ -75.556813000452848, 39.3381690003975 ], [ -75.556714000452985, 39.338098000397622 ], [ -75.556650000453089, 39.338085000397598 ], [ -75.556318000453587, 39.337879000397947 ], [ -75.556113000453934, 39.337655000398286 ], [ -75.555717000454536, 39.337066000399204 ], [ -75.555689000454606, 39.336618000399881 ], [ -75.55568100045457, 39.336530000400046 ], [ -75.555752000454504, 39.336143000400625 ], [ -75.555880000454295, 39.335827000401139 ], [ -75.556103000453959, 39.335482000401669 ], [ -75.556205000453758, 39.335325000401895 ], [ -75.556361000453535, 39.335212000402066 ], [ -75.556382000453482, 39.335153000402158 ], [ -75.556523000453296, 39.335012000402401 ], [ -75.557598000451605, 39.334048000403868 ], [ -75.558539000450139, 39.333489000404768 ], [ -75.558617000450056, 39.333466000404769 ], [ -75.558645000449985, 39.333466000404769 ], [ -75.558843000449713, 39.333334000404989 ], [ -75.55919700044916, 39.333252000405139 ], [ -75.559494000448694, 39.333165000405245 ], [ -75.559919000448019, 39.33307700040541 ], [ -75.560385000447297, 39.332967000405574 ], [ -75.560661000446885, 39.332839000405784 ], [ -75.561779000445142, 39.332374000406503 ], [ -75.562436000444109, 39.332159000406818 ], [ -75.562734000443641, 39.3321040004069 ], [ -75.563483000442488, 39.332123000406852 ], [ -75.563604000442297, 39.332131000406889 ], [ -75.564120000441505, 39.332088000406941 ], [ -75.564290000441247, 39.332060000406955 ], [ -75.564629000440732, 39.331982000407095 ], [ -75.564806000440456, 39.331936000407154 ], [ -75.565160000439903, 39.331786000407419 ], [ -75.56566200043909, 39.33149500040787 ], [ -75.565817000438869, 39.331345000408078 ], [ -75.566178000438299, 39.331109000408446 ], [ -75.566843000437245, 39.330565000409308 ], [ -75.567310000436521, 39.330266000409779 ], [ -75.567423000436349, 39.330166000409918 ], [ -75.567593000436091, 39.330039000410125 ], [ -75.567705000435922, 39.329876000410366 ], [ -75.567734000435905, 39.329863000410398 ], [ -75.568010000435436, 39.329668000410663 ], [ -75.568052000435387, 39.329609000410755 ], [ -75.56817900043518, 39.329496000410927 ], [ -75.568264000435079, 39.329437000411019 ], [ -75.568349000434921, 39.329319000411203 ], [ -75.569007000433885, 39.328744000412144 ], [ -75.569318000433441, 39.328364000412705 ], [ -75.56955100043308, 39.328016000413243 ], [ -75.569756000432733, 39.32761800041385 ], [ -75.569820000432628, 39.326577000415512 ], [ -75.569763000432715, 39.326163000416102 ], [ -75.569523000433094, 39.325457000417202 ], [ -75.569473000433163, 39.325385000417327 ], [ -75.568821000434184, 39.323921000419602 ], [ -75.568716000434335, 39.323523000420209 ], [ -75.568879000434094, 39.322991000421041 ], [ -75.56907000043384, 39.322540000421725 ], [ -75.569162000433664, 39.322404000421955 ], [ -75.569331000433408, 39.3221150004224 ], [ -75.569607000432995, 39.3216180004232 ], [ -75.569791000432701, 39.32135100042359 ], [ -75.570576000431458, 39.319856000425943 ], [ -75.570958000430892, 39.318845000427473 ], [ -75.571240000430464, 39.318384000428182 ], [ -75.571283000430356, 39.318253000428399 ], [ -75.571537000429998, 39.317846000429029 ], [ -75.571587000429929, 39.317747000429165 ], [ -75.572486000428512, 39.316385000431296 ], [ -75.572697000428207, 39.316066000431817 ], [ -75.572732000428118, 39.315957000431979 ], [ -75.573870000426382, 39.314456000434291 ], [ -75.574280000425745, 39.313819000435274 ], [ -75.574429000425482, 39.313611000435628 ], [ -75.57462000042517, 39.313434000435905 ], [ -75.575086000424449, 39.313175000436274 ], [ -75.575284000424176, 39.313097000436414 ], [ -75.575631000423641, 39.312933000436658 ], [ -75.575850000423316, 39.312856000436796 ], [ -75.575963000423087, 39.312833000436797 ], [ -75.576133000422828, 39.312823000436822 ], [ -75.576804000421816, 39.312720000436968 ], [ -75.577596000420556, 39.31240100043749 ], [ -75.577780000420319, 39.312337000437594 ], [ -75.577921000420076, 39.312314000437652 ], [ -75.578296000419471, 39.312136000437874 ], [ -75.578975000418438, 39.311962000438143 ], [ -75.580347000416282, 39.31143200043897 ], [ -75.580495000416079, 39.31140400043904 ], [ -75.580601000415925, 39.31135000043912 ], [ -75.581145000415063, 39.311131000439445 ], [ -75.582630000412792, 39.310164000440977 ], [ -75.583040000412154, 39.309864000441451 ], [ -75.583181000411912, 39.309697000441702 ], [ -75.583358000411636, 39.309592000441853 ], [ -75.583379000411583, 39.309561000441875 ], [ -75.583747000411051, 39.309207000442427 ], [ -75.584093000410519, 39.308895000442931 ], [ -75.58434100041012, 39.308718000443207 ], [ -75.584765000409448, 39.308644000443337 ], [ -75.585048000409017, 39.308674000443261 ], [ -75.585090000408968, 39.308692000443273 ], [ -75.585295000408621, 39.308830000443038 ], [ -75.585331000408587, 39.308839000443015 ], [ -75.585748000407932, 39.309125000442577 ], [ -75.586031000407502, 39.309241000442398 ], [ -75.586731000406417, 39.309377000442169 ], [ -75.587021000405969, 39.309466000442058 ], [ -75.587183000405673, 39.309560000441877 ], [ -75.587325000405485, 39.309699000441697 ], [ -75.587381000405401, 39.310009000441198 ], [ -75.587367000405436, 39.310140000440981 ], [ -75.587276000405552, 39.310514000440435 ], [ -75.587283000405534, 39.310609000440252 ], [ -75.587318000405503, 39.310757000440049 ], [ -75.58741700040531, 39.310910000439776 ], [ -75.587495000405227, 39.31100900043964 ], [ -75.58770000040488, 39.311098000439529 ], [ -75.58775000040481, 39.311152000439449 ], [ -75.58803300040438, 39.311285000439227 ], [ -75.588315000403952, 39.311410000439025 ], [ -75.589511000402069, 39.31167900043863 ], [ -75.590012000401316, 39.311744000438523 ], [ -75.590409000400712, 39.311746000438518 ], [ -75.591335000399226, 39.311638000438677 ], [ -75.591679000398699, 39.311539000438813 ], [ -75.591851000398435, 39.311437000439014 ], [ -75.592056000398145, 39.311252000439254 ], [ -75.592105000398078, 39.311184000439368 ], [ -75.59214800039797, 39.311116000439483 ], [ -75.592211000397867, 39.310800000439997 ], [ -75.59219000039792, 39.310413000440576 ], [ -75.592236000397861, 39.310169000440965 ], [ -75.592338000397717, 39.309948000441295 ], [ -75.592571000397356, 39.309658000441743 ], [ -75.593052000396597, 39.309233000442418 ], [ -75.593193000396354, 39.309020000442729 ], [ -75.593285000396236, 39.308776000443117 ], [ -75.593391000396082, 39.308609000443369 ], [ -75.593441000395956, 39.308546000443471 ], [ -75.593646000395665, 39.308405000443713 ], [ -75.593889000395279, 39.308417000443683 ], [ -75.594047000395051, 39.308408000443706 ], [ -75.594096000394984, 39.308412000443695 ], [ -75.59422200039478, 39.308432000443645 ], [ -75.594326000394631, 39.308465000443618 ], [ -75.594371000394517, 39.308480000443581 ], [ -75.594476000394366, 39.308537000443494 ], [ -75.594574000394232, 39.308629000443318 ], [ -75.594608000394146, 39.308675000443259 ], [ -75.594631000394145, 39.308706000443237 ], [ -75.594652000394092, 39.308780000443107 ], [ -75.594663000394064, 39.308818000443068 ], [ -75.594663000394064, 39.30891500044288 ], [ -75.594668000394051, 39.309016000442739 ], [ -75.594684000394068, 39.309157000442497 ], [ -75.594685000394065, 39.309302000442301 ], [ -75.594700000394027, 39.309430000442092 ], [ -75.594721000393974, 39.30954300044192 ], [ -75.594753000393951, 39.309636000441799 ], [ -75.594805000393876, 39.30974400044164 ], [ -75.594841000393785, 39.309801000441553 ], [ -75.594899000393696, 39.309873000441428 ], [ -75.594963000393648, 39.309927000441348 ], [ -75.595065000393447, 39.30997400044123 ], [ -75.595128000393345, 39.309997000441228 ], [ -75.59525700039319, 39.310033000441138 ], [ -75.595268000393162, 39.310036000441187 ], [ -75.595390000392968, 39.310068000441106 ], [ -75.595410000392917, 39.310071000441098 ], [ -75.59547100039282, 39.310081000441073 ], [ -75.595561000392706, 39.310083000441068 ], [ -75.595675000392532, 39.310083000441068 ], [ -75.595765000392362, 39.310080000441076 ], [ -75.595822000392275, 39.310076000441086 ], [ -75.595913000392159, 39.310059000441129 ], [ -75.595961000392094, 39.310047000441159 ], [ -75.596040000391952, 39.310026000441155 ], [ -75.596093000391875, 39.310010000441196 ], [ -75.596178000391717, 39.309969000441242 ], [ -75.596237000391625, 39.309936000441326 ], [ -75.596270000391598, 39.309915000441322 ], [ -75.596348000391458, 39.309866000441446 ], [ -75.596482000391291, 39.309841000441452 ], [ -75.596554000391166, 39.309809000441533 ], [ -75.596690000390936, 39.309751000441622 ], [ -75.596998000390442, 39.309612000441803 ], [ -75.597106000390283, 39.309554000441892 ], [ -75.597351000389892, 39.309557000441885 ], [ -75.597413000389793, 39.309572000441904 ], [ -75.597740000389308, 39.309646000441774 ], [ -75.598242000388552, 39.309864000441451 ], [ -75.598631000387911, 39.309907000441342 ], [ -75.598758000387704, 39.309906000441345 ], [ -75.599105000387169, 39.309805000441543 ], [ -75.599218000386998, 39.309737000441601 ], [ -75.599246000386984, 39.309629000441817 ], [ -75.59935200038683, 39.308966000442808 ], [ -75.599450000386639, 39.308650000443322 ], [ -75.599571000386447, 39.30844200044362 ], [ -75.600072000385694, 39.308106000444184 ], [ -75.60018600038552, 39.30806500044423 ], [ -75.600398000385212, 39.30801900044429 ], [ -75.60061700038483, 39.307986000444316 ], [ -75.60073700038464, 39.307959000444384 ], [ -75.601091000384088, 39.307948000444412 ], [ -75.601607000383297, 39.30799900044434 ], [ -75.601727000383107, 39.308021000444285 ], [ -75.601847000382918, 39.308066000444228 ], [ -75.602003000382695, 39.308110000444174 ], [ -75.602031000382624, 39.308110000444174 ], [ -75.602151000382491, 39.308177000444061 ], [ -75.60254000038185, 39.308346000443805 ], [ -75.602767000381505, 39.308480000443581 ], [ -75.602915000381302, 39.308578000443447 ], [ -75.603240000380765, 39.308860000442962 ], [ -75.603446000380472, 39.309094000442599 ], [ -75.603524000380332, 39.309300000442306 ], [ -75.603510000380368, 39.309589000441861 ], [ -75.603474000380402, 39.309706000441679 ], [ -75.603149000380938, 39.310559000440321 ], [ -75.603157000380918, 39.310627000440263 ], [ -75.603220000380816, 39.310798000440002 ], [ -75.603320000380677, 39.310959000439709 ], [ -75.603404000380522, 39.311054000439583 ], [ -75.60351700038035, 39.311116000439483 ], [ -75.603602000380192, 39.311147000439462 ], [ -75.603836000379829, 39.311182000439373 ], [ -75.604069000379468, 39.311131000439445 ], [ -75.604331000379091, 39.310941000439755 ], [ -75.604599000378641, 39.310642000440225 ], [ -75.604684000378541, 39.310533000440387 ], [ -75.604776000378365, 39.310344000440693 ], [ -75.604910000378197, 39.310059000441129 ], [ -75.605009000378004, 39.309761000441597 ], [ -75.605072000377902, 39.309635000441801 ], [ -75.60532000037756, 39.309390000442136 ], [ -75.605708000376922, 39.309181000442493 ], [ -75.605864000376698, 39.309049000442712 ], [ -75.605927000376596, 39.308968000442803 ], [ -75.606210000376166, 39.308448000443605 ], [ -75.606450000375787, 39.308181000444051 ], [ -75.606598000375584, 39.308090000444167 ], [ -75.606909000375083, 39.308053000444261 ], [ -75.607157000374684, 39.308088000444172 ], [ -75.607553000374082, 39.308225000443997 ], [ -75.607723000373824, 39.308328000443794 ], [ -75.607758000373735, 39.308332000443784 ], [ -75.607914000373512, 39.308394000443684 ], [ -75.608034000373323, 39.308461000443629 ], [ -75.608508000372581, 39.308792000443077 ], [ -75.608720000372273, 39.308899000442921 ], [ -75.608798000372133, 39.308908000442898 ], [ -75.608968000371874, 39.308903000442911 ], [ -75.609250000371446, 39.308834000443028 ], [ -75.609385000371219, 39.308801000443054 ], [ -75.609759000370673, 39.30876300044315 ], [ -75.610233000369931, 39.308977000442781 ], [ -75.610537000369447, 39.309156000442499 ], [ -75.610863000368965, 39.309276000442367 ], [ -75.611195000368411, 39.309328000442235 ], [ -75.611365000368153, 39.309323000442248 ], [ -75.611492000367946, 39.309295000442319 ], [ -75.612008000367155, 39.308954000442839 ], [ -75.61213800036694, 39.308906000442903 ], [ -75.612270000366777, 39.308813000443081 ], [ -75.612814000365915, 39.308499000443533 ], [ -75.613153000365401, 39.308349000443798 ], [ -75.61354200036476, 39.308261000443906 ], [ -75.613832000364312, 39.308242000443954 ], [ -75.614256000363696, 39.308307000443847 ], [ -75.61470900036295, 39.308548000443466 ], [ -75.615161000362264, 39.308897000442926 ], [ -75.615388000361918, 39.309081000442632 ], [ -75.615593000361571, 39.309287000442339 ], [ -75.615805000361263, 39.309515000441991 ], [ -75.616060000360847, 39.309735000441606 ], [ -75.616392000360349, 39.309765000441587 ], [ -75.617184000359146, 39.309864000441451 ], [ -75.617234000359076, 39.309877000441418 ], [ -75.617792000358179, 39.309861000441458 ], [ -75.618189000357575, 39.309998000441226 ], [ -75.618493000357091, 39.309988000441251 ], [ -75.618549000357007, 39.309969000441242 ], [ -75.618839000356559, 39.310004000441211 ], [ -75.619136000356093, 39.310079000441078 ], [ -75.619256000355904, 39.310096000441092 ], [ -75.619581000355424, 39.310068000441106 ], [ -75.619631000355355, 39.310058000441131 ], [ -75.619758000355148, 39.309981000441269 ], [ -75.619977000354822, 39.309768000441579 ], [ -75.620387000354185, 39.30952700044196 ], [ -75.620550000353887, 39.309373000442179 ], [ -75.620620000353824, 39.309238000442406 ], [ -75.620980000353256, 39.308893000442936 ], [ -75.621207000352911, 39.308811000443086 ], [ -75.62137900035259, 39.308755000443171 ], [ -75.62144000035255, 39.308738000443157 ], [ -75.621998000351653, 39.308631000443313 ], [ -75.622027000351636, 39.308667000443279 ], [ -75.622578000350757, 39.308596000443401 ], [ -75.62296000035019, 39.308405000443713 ], [ -75.622988000350119, 39.308396000443679 ], [ -75.623069000349972, 39.308280000443858 ], [ -75.623101000349948, 39.308233000443977 ], [ -75.623151000349878, 39.308205000443991 ], [ -75.623245000349698, 39.308058000444248 ], [ -75.623264000349707, 39.308029000444265 ], [ -75.623545000349282, 39.30696000044594 ], [ -75.623623000349141, 39.306843000446122 ], [ -75.623849000348798, 39.306562000446547 ], [ -75.624047000348469, 39.306376000446846 ], [ -75.624584000347625, 39.30599500044741 ], [ -75.62500100034697, 39.30572700044786 ], [ -75.625127000346822, 39.305582000448055 ], [ -75.625141000346787, 39.305541000448159 ], [ -75.625169000346716, 39.305073000448886 ], [ -75.625233000346611, 39.304802000449286 ], [ -75.62539600034637, 39.304490000449789 ], [ -75.625524000346161, 39.304345000449985 ], [ -75.625764000345839, 39.304146000450316 ], [ -75.625969000345492, 39.304091000450398 ], [ -75.626132000345251, 39.3041300004503 ], [ -75.626217000345093, 39.304171000450253 ], [ -75.626619000344476, 39.304398000449908 ], [ -75.626846000344131, 39.304501000449761 ], [ -75.627270000343458, 39.304521000449711 ], [ -75.627531000343083, 39.304438000449863 ], [ -75.628291000341903, 39.303886000450689 ], [ -75.629562000339888, 39.302963000452166 ], [ -75.629887000339409, 39.302759000452454 ], [ -75.630085000339079, 39.302681000452594 ], [ -75.630360000338669, 39.302673000452614 ], [ -75.63039800033863, 39.302672000452617 ], [ -75.630425000338562, 39.302671000452619 ], [ -75.630524000338426, 39.302692000452566 ], [ -75.630571000338364, 39.302703000452539 ], [ -75.630629000338274, 39.30273700045251 ], [ -75.630668000338176, 39.302749000452479 ], [ -75.630712000338121, 39.302761000452449 ], [ -75.630828000337942, 39.302771000452424 ], [ -75.630943000337766, 39.302768000452431 ], [ -75.631047000337617, 39.302760000452452 ], [ -75.631151000337468, 39.302735000452515 ], [ -75.63122800033733, 39.302707000452529 ], [ -75.631280000337256, 39.302655000452603 ], [ -75.631327000337194, 39.30258200045273 ], [ -75.631326000337197, 39.30254000045278 ], [ -75.631327000337194, 39.302521000452828 ], [ -75.631270000337281, 39.302449000452953 ], [ -75.631227000337333, 39.302393000453037 ], [ -75.631195000337357, 39.302332000453134 ], [ -75.631192000337364, 39.302286000453194 ], [ -75.631202000337396, 39.302252000453223 ], [ -75.6312400003373, 39.30217100045337 ], [ -75.631277000337263, 39.30211700045345 ], [ -75.631351000337133, 39.302063000453529 ], [ -75.631412000337036, 39.302026000453566 ], [ -75.631491000336894, 39.302022000453576 ], [ -75.631532000336847, 39.302028000453618 ], [ -75.631688000336624, 39.302099000453495 ], [ -75.631840000336354, 39.302106000453477 ], [ -75.631917000336273, 39.302091000453515 ], [ -75.632040000336076, 39.301872000453841 ], [ -75.632044000336066, 39.30176800045399 ], [ -75.63206200033602, 39.301706000454089 ], [ -75.632103000335974, 39.301659000454151 ], [ -75.632189000335813, 39.301586000454279 ], [ -75.632245000335729, 39.301548000454318 ], [ -75.632270000335723, 39.301529000454366 ], [ -75.632441000335461, 39.30139500045459 ], [ -75.632515000335331, 39.301336000454683 ], [ -75.632571000335247, 39.301286000454752 ], [ -75.632591000335196, 39.301273000454785 ], [ -75.632663000335128, 39.301251000454783 ], [ -75.63270200033503, 39.301249000454789 ], [ -75.632917000334714, 39.301237000454819 ], [ -75.633229000334211, 39.301230000454836 ], [ -75.633412000333919, 39.301330000454698 ], [ -75.633707000333459, 39.301404000454568 ], [ -75.633919000333151, 39.301591000454266 ], [ -75.634027000332992, 39.301647000454182 ], [ -75.634169000332747, 39.301688000454135 ], [ -75.634285000332568, 39.301707000454087 ], [ -75.63443100033237, 39.301704000454095 ], [ -75.634711000331947, 39.301652000454169 ], [ -75.634999000331504, 39.301539000454341 ], [ -75.63511700033132, 39.30148100045443 ], [ -75.635215000331129, 39.30142700045451 ], [ -75.635432000330809, 39.301393000454595 ], [ -75.635835000330189, 39.301347000454655 ], [ -75.636297000329478, 39.301358000454627 ], [ -75.636513000329103, 39.30135700045463 ], [ -75.636763000328756, 39.30135700045463 ], [ -75.636957000328437, 39.301375000454584 ], [ -75.637120000328196, 39.301385000454616 ], [ -75.637292000327932, 39.301390000454603 ], [ -75.637837000327067, 39.301424000454517 ], [ -75.638162000326588, 39.301429000454505 ], [ -75.638696000325751, 39.301414000454542 ], [ -75.638841000325499, 39.301441000454474 ], [ -75.638983000325311, 39.301466000454468 ], [ -75.639032000325244, 39.301475000454445 ], [ -75.639423000324598, 39.301428000454507 ], [ -75.640061000323612, 39.301440000454477 ], [ -75.640082000323559, 39.301440000454477 ], [ -75.640174000323441, 39.301442000454472 ], [ -75.640841000322382, 39.301454000454498 ], [ -75.640959000322198, 39.301318000454671 ], [ -75.640875000322353, 39.301224000454852 ], [ -75.641497000321408, 39.301159000454959 ], [ -75.641928000320718, 39.300891000455351 ], [ -75.642240000320214, 39.300096000456563 ], [ -75.642382000320026, 39.299690000457247 ], [ -75.64248100031989, 39.299441000457591 ], [ -75.642566000319732, 39.29924700045791 ], [ -75.642615000319665, 39.299184000458013 ], [ -75.642700000319508, 39.29910700045815 ], [ -75.64299000031906, 39.298907000458428 ], [ -75.643492000318304, 39.298607000458901 ], [ -75.644121000317341, 39.298234000459502 ], [ -75.644270000317078, 39.298156000459585 ], [ -75.644291000317025, 39.298156000459585 ], [ -75.646081000314268, 39.296998000461372 ], [ -75.64629300031396, 39.296870000461581 ], [ -75.647354000312305, 39.296121000462733 ], [ -75.647424000312185, 39.296048000462861 ], [ -75.647508000312087, 39.295983000462968 ], [ -75.64755800031196, 39.29594400046301 ], [ -75.647686000311808, 39.295880000463114 ], [ -75.647792000311597, 39.295844000463205 ], [ -75.647947000311376, 39.29583800046322 ], [ -75.648061000311202, 39.295851000463188 ], [ -75.648195000310977, 39.295774000463325 ], [ -75.648237000310928, 39.295729000463382 ], [ -75.648450000310618, 39.29543500046384 ], [ -75.648528000310478, 39.295193000464224 ], [ -75.648536000310457, 39.295161000464248 ], [ -75.648570000310428, 39.295026000464475 ], [ -75.64860500031034, 39.294886000464658 ], [ -75.648705000310201, 39.294487000465267 ], [ -75.64874000031017, 39.294419000465382 ], [ -75.648952000309805, 39.294094000465918 ], [ -75.649094000309617, 39.293705000466502 ], [ -75.649108000309582, 39.293421000466935 ], [ -75.649179000309459, 39.29315100046739 ], [ -75.64950400030898, 39.292991000467623 ], [ -75.649929000308305, 39.292448000468482 ], [ -75.650035000308151, 39.292335000468654 ], [ -75.650431000307549, 39.292126000468954 ], [ -75.650494000307447, 39.292085000469001 ], [ -75.650636000307202, 39.291940000469253 ], [ -75.650714000307062, 39.291849000469369 ], [ -75.650763000306995, 39.291826000469428 ], [ -75.651117000306442, 39.291613000469738 ], [ -75.651159000306393, 39.291594000469786 ], [ -75.651350000306081, 39.291589000469799 ], [ -75.651802000305395, 39.291753000469555 ], [ -75.652014000305087, 39.291765000469525 ], [ -75.652276000304653, 39.291795000469449 ], [ -75.652403000304446, 39.291853000469359 ], [ -75.652573000304187, 39.291920000469304 ], [ -75.652693000303998, 39.291951000469226 ], [ -75.652947000303641, 39.291949000469231 ], [ -75.653237000303193, 39.291758000469542 ], [ -75.653746000302363, 39.291652000469696 ], [ -75.653972000302019, 39.291367000470132 ], [ -75.6543750003014, 39.291220000470389 ], [ -75.654461000301296, 39.291184000470423 ], [ -75.654757000300833, 39.29115500047044 ], [ -75.654807000300707, 39.291164000470474 ], [ -75.65521700030007, 39.291315000470206 ], [ -75.65534400029992, 39.291386000470084 ], [ -75.6557470002993, 39.291578000469826 ], [ -75.656143000298641, 39.291602000469766 ], [ -75.656369000298298, 39.291570000469846 ], [ -75.657627000296372, 39.291540000469865 ], [ -75.659267000293823, 39.291625000469764 ], [ -75.659444000293547, 39.291651000469699 ], [ -75.659727000293117, 39.291681000469623 ], [ -75.660476000291908, 39.291672000469646 ], [ -75.660553000291827, 39.291659000469679 ], [ -75.661034000291068, 39.291624000469767 ], [ -75.661911000289706, 39.291511000469939 ], [ -75.662950000288106, 39.291307000470226 ], [ -75.663311000287536, 39.291152000470447 ], [ -75.664025000286415, 39.290828000470981 ], [ -75.664399000285869, 39.290727000471122 ], [ -75.664901000285056, 39.290566000471358 ], [ -75.665466000284198, 39.290657000471242 ], [ -75.665811000283668, 39.290567000471356 ], [ -75.665943000283448, 39.290532000471444 ], [ -75.666181000283075, 39.290320000471752 ], [ -75.666619000282424, 39.29028100047185 ], [ -75.666769000282159, 39.290290000471828 ], [ -75.666965000281834, 39.290302000471797 ], [ -75.667269000281408, 39.290417000471621 ], [ -75.667524000280991, 39.290623000471271 ], [ -75.667771000280595, 39.290915000470818 ], [ -75.667841000280475, 39.290977000470718 ], [ -75.668372000279703, 39.291186000470418 ], [ -75.668612000279325, 39.291239000470341 ], [ -75.668958000278792, 39.291291000470267 ], [ -75.669276000278273, 39.291397000470113 ], [ -75.669630000277721, 39.291372000470119 ], [ -75.66991300027729, 39.291254000470303 ], [ -75.670160000276894, 39.291113000470546 ], [ -75.67018800027688, 39.291036000470626 ], [ -75.670252000276776, 39.290923000470855 ], [ -75.670302000276706, 39.290891000470879 ], [ -75.670938000275669, 39.290815000471014 ], [ -75.671425000274951, 39.290853000470918 ], [ -75.671843000274293, 39.290842000470946 ], [ -75.672153000273795, 39.290862000470895 ], [ -75.672754000272846, 39.290985000470755 ], [ -75.67290300027264, 39.290984000470758 ], [ -75.673327000271968, 39.291027000470649 ], [ -75.673482000271747, 39.290931000470835 ], [ -75.673751000271352, 39.290898000470861 ], [ -75.674232000270592, 39.290909000470833 ], [ -75.674423000270281, 39.290840000470951 ], [ -75.674613000269972, 39.290470000471544 ], [ -75.674727000269797, 39.290415000471626 ], [ -75.674819000269679, 39.290410000471638 ], [ -75.674988000269423, 39.290436000471573 ], [ -75.675200000269058, 39.290498000471473 ], [ -75.675561000268544, 39.290653000471252 ], [ -75.675829000268095, 39.290787000471028 ], [ -75.675956000267888, 39.290867000470939 ], [ -75.676472000267097, 39.291148000470457 ], [ -75.676706000266734, 39.291368000470129 ], [ -75.676840000266509, 39.291421000470052 ], [ -75.677066000266166, 39.291523000469908 ], [ -75.677151000266065, 39.291572000469841 ], [ -75.677172000266012, 39.291662000469671 ], [ -75.677264000265893, 39.291774000469502 ], [ -75.677476000265528, 39.291913000469265 ], [ -75.67771600026515, 39.292227000468813 ], [ -75.677780000265045, 39.292294000468701 ], [ -75.678042000264668, 39.292477000468409 ], [ -75.678105000264566, 39.292495000468364 ], [ -75.678303000264236, 39.292512000468378 ], [ -75.67876300026353, 39.292689000468101 ], [ -75.678847000263431, 39.292693000468091 ], [ -75.678996000263169, 39.292688000468104 ], [ -75.679364000262638, 39.292596000468222 ], [ -75.679653000262192, 39.292558000468262 ], [ -75.679845000261878, 39.29245300046847 ], [ -75.680056000261516, 39.292447000468485 ], [ -75.680198000261328, 39.292474000468417 ], [ -75.680261000261225, 39.292496000468361 ], [ -75.680600000260711, 39.292760000467979 ], [ -75.681138000259864, 39.293103000467454 ], [ -75.681286000259604, 39.29314300046741 ], [ -75.681335000259537, 39.293170000467342 ], [ -75.681385000259468, 39.29320500046731 ], [ -75.681887000258712, 39.29369400046653 ], [ -75.682191000258229, 39.293917000466195 ], [ -75.682820000257266, 39.294337000465532 ], [ -75.683053000256905, 39.294516000465251 ], [ -75.6831170002568, 39.294578000465151 ], [ -75.683357000256422, 39.294960000464584 ], [ -75.683605000256023, 39.295224000464145 ], [ -75.684043000255372, 39.295925000463058 ], [ -75.684114000255249, 39.296019000462934 ], [ -75.684121000255232, 39.296082000462832 ], [ -75.684453000254734, 39.296476000462235 ], [ -75.684863000254097, 39.296898000461567 ], [ -75.684959000253912, 39.296974000461432 ], [ -75.685054000253785, 39.29704100046132 ], [ -75.685188000253561, 39.297089000461256 ], [ -75.685298000253397, 39.297096000461238 ], [ -75.687309000250309, 39.297218000461044 ], [ -75.688037000249153, 39.297262000460989 ], [ -75.688079000249104, 39.297248000461025 ], [ -75.69221800024269, 39.297561000460519 ], [ -75.701497000228244, 39.298263000459428 ], [ -75.70576000022163, 39.298620000458868 ], [ -75.710928000213642, 39.299039000458208 ], [ -75.712036000211924, 39.29912300045811 ], [ -75.714557000208004, 39.299339000457792 ], [ -75.714901000207476, 39.299366000457724 ], [ -75.715969000205803, 39.299274000457842 ], [ -75.719652000200085, 39.299026000458241 ], [ -75.722395000195831, 39.298883000458488 ], [ -75.726898000188839, 39.298621000458866 ], [ -75.727789000187443, 39.298552000458983 ], [ -75.729669000184515, 39.29844100045915 ], [ -75.734412000177144, 39.298204000459521 ], [ -75.736934000173278, 39.298056000459781 ], [ -75.739389000169467, 39.297907000459986 ], [ -75.739615000169067, 39.297883000460047 ], [ -75.739643000169053, 39.297870000460023 ], [ -75.74210300016523, 39.297754000460202 ], [ -75.744153000162044, 39.297646000460418 ], [ -75.74475600016109, 39.297609000460454 ], [ -75.746048000159135, 39.297531000460594 ], [ -75.746916000157739, 39.297533000460589 ], [ -75.747448000156908, 39.297535000460584 ], [ -75.748072000155958, 39.297520000460565 ], [ -75.748527000155264, 39.297509000460593 ], [ -75.749318000154005, 39.297490000460641 ], [ -75.750000000152966, 39.297474000460682 ], [ -75.750382000152399, 39.297449000460688 ], [ -75.751791000150206, 39.297359000460858 ], [ -75.752981000148338, 39.297283000460936 ], [ -75.753212000147983, 39.297267000460977 ], [ -75.753908000146907, 39.297224000461028 ], [ -75.754141000146547, 39.297209000461066 ], [ -75.756264000143233, 39.297073000461296 ], [ -75.76001800013745, 39.296823000461643 ], [ -75.760074000137308, 39.296819000461653 ], [ -75.760101000137297, 39.297153000461151 ], [ -75.760431000136805, 39.301280000454767 ], [ -75.760911000136048, 39.3071850004456 ], [ -75.761619000134942, 39.315923000432008 ], [ -75.761660000134896, 39.316395000431271 ], [ -75.762841000133051, 39.331066000408498 ], [ -75.762844000133043, 39.331116000408429 ], [ -75.763938000131361, 39.344682000387365 ], [ -75.763949000131333, 39.34481100038721 ], [ -75.76431100013076, 39.349305000380184 ], [ -75.765126000129499, 39.359410000364505 ], [ -75.765338000129191, 39.362037000360431 ], [ -75.76571900012857, 39.366758000353116 ], [ -75.765758000128528, 39.367182000352443 ], [ -75.766298000127676, 39.373893000342036 ], [ -75.766594000127213, 39.377563000336352 ], [ -75.767120000126397, 39.38407100032623 ], [ -75.767302000126108, 39.386323000322761 ], [ -75.76732100012606, 39.386554000322405 ], [ -75.767749000125434, 39.391829000314203 ], [ -75.767868000125247, 39.393334000311881 ], [ -75.768664000123977, 39.403145000296661 ], [ -75.768751000123871, 39.40423200029494 ], [ -75.769362000122896, 39.411919000283035 ], [ -75.769389000122885, 39.412260000282515 ], [ -75.769688000122414, 39.416001000276708 ], [ -75.769797000122253, 39.417377000274541 ], [ -75.770186000121612, 39.422134000267135 ], [ -75.770394000121314, 39.424726000263149 ], [ -75.770977000120411, 39.431892000251992 ], [ -75.771903000118982, 39.443237000234433 ], [ -75.772046000118735, 39.444996000231697 ], [ -75.772073000118723, 39.44533300023113 ], [ -75.772093000118673, 39.445583000230783 ], [ -75.772131000118634, 39.446051000230057 ], [ -75.772162000118556, 39.446441000229413 ], [ -75.772611000117877, 39.452013000220802 ], [ -75.773280000116813, 39.460303000207944 ], [ -75.773331000116741, 39.460932000206924 ], [ -75.773689000116178, 39.465336000200125 ], [ -75.773705000116195, 39.465529000199808 ], [ -75.773766000116098, 39.466255000198657 ], [ -75.773813000116036, 39.466868000197735 ], [ -75.773869000115951, 39.467586000196604 ], [ -75.774203000115392, 39.471767000190141 ], [ -75.774500000114926, 39.475456000184408 ], [ -75.774725000114586, 39.47825900018006 ], [ -75.774946000114255, 39.480951000175878 ], [ -75.77522700011383, 39.484337000170626 ], [ -75.775395000113576, 39.486407000167389 ], [ -75.775397000113571, 39.486493000167286 ], [ -75.775488000113398, 39.487603000165564 ], [ -75.775525000113362, 39.488062000164803 ], [ -75.775530000113349, 39.488127000164752 ], [ -75.776037000112581, 39.494348000155071 ], [ -75.776987000111092, 39.506033000136938 ], [ -75.777055000110977, 39.506867000135628 ], [ -75.777205000110769, 39.508715000132781 ], [ -75.777427000110379, 39.511454000128538 ], [ -75.777569000110191, 39.513182000125823 ], [ -75.777632000110088, 39.513980000124604 ], [ -75.777718000109928, 39.515041000122949 ], [ -75.778026000109492, 39.518836000117062 ], [ -75.778174000109232, 39.520669000114196 ], [ -75.779127000107735, 39.532412000095974 ], [ -75.779212000107634, 39.533459000094354 ], [ -75.779270000107545, 39.534165000093253 ], [ -75.779313000107493, 39.534731000092393 ], [ -75.779382000107375, 39.535554000091111 ], [ -75.779457000107243, 39.536516000089591 ], [ -75.779812000106688, 39.540876000082847 ], [ -75.780242000106057, 39.54619500007459 ], [ -75.78092400010496, 39.554636000061464 ], [ -75.780959000104929, 39.555061000060846 ], [ -75.78155600010399, 39.562434000049393 ], [ -75.782356000102766, 39.5722960000341 ], [ -75.782742000102132, 39.577073000026644 ], [ -75.78280100010204, 39.577801000025545 ], [ -75.78314200010152, 39.581997000019044 ], [ -75.783163000101524, 39.582253000018625 ], [ -75.78369600010069, 39.588821000008409 ], [ -75.783830000100465, 39.590478000005874 ], [ -75.784281000099782, 39.596006999997257 ], [ -75.784290000099759, 39.596114999997098 ], [ -75.784340000099689, 39.596733999996161 ], [ -75.784994000098663, 39.604780999983632 ], [ -75.785111000098482, 39.60620799998145 ], [ -75.785127000098441, 39.606410999981108 ], [ -75.785132000098429, 39.606471999981011 ], [ -75.785510000097872, 39.611083999973857 ], [ -75.785572000097773, 39.611839999972688 ], [ -75.786276000096677, 39.62052899995922 ], [ -75.786369000096499, 39.621664999957432 ], [ -75.78712100009534, 39.630903999943087 ], [ -75.787276000095119, 39.632876999940038 ], [ -75.78738400009496, 39.634129999938125 ], [ -75.78739200009494, 39.634239999937904 ], [ -75.787405000094907, 39.634401999937666 ], [ -75.787409000094897, 39.634459999937576 ], [ -75.78745400009484, 39.63505599993664 ], [ -75.787473000094792, 39.635284999936289 ], [ -75.787557000094694, 39.636320999934696 ], [ -75.787571000094658, 39.63649799993442 ], [ -75.787624000094581, 39.637143999933414 ], [ -75.787638000094546, 39.637322999933133 ], [ -75.787687000094479, 39.637914999932207 ], [ -75.787753000094369, 39.638730999930942 ], [ -75.787775000094314, 39.639004999930535 ], [ -75.788112000093804, 39.643141999924126 ], [ -75.788274000093566, 39.645121999921059 ], [ -75.788521000093169, 39.648132999916356 ], [ -75.788546000093163, 39.648457999915877 ], [ -75.788564000093118, 39.648683999915534 ], [ -75.788635000092995, 39.649567999914154 ], [ -75.788655000092945, 39.6498379999137 ], [ -75.788678000092943, 39.650143999913269 ], [ -75.788702000092883, 39.650485999912689 ], [ -75.788720000092894, 39.650754999912294 ], [ -75.788745000092831, 39.651150999911692 ], [ -75.788770000092768, 39.651564999911045 ], [ -75.788793000092767, 39.651961999910441 ], [ -75.788810000092724, 39.652285999909907 ], [ -75.788871000092627, 39.653638999907798 ], [ -75.788881000092601, 39.653937999907328 ], [ -75.788894000092625, 39.6542819999068 ], [ -75.788915000092572, 39.654880999905913 ], [ -75.788929000092537, 39.65525499990531 ], [ -75.788937000092517, 39.655506999904901 ], [ -75.788948000092489, 39.655867999904387 ], [ -75.788959000092518, 39.656263999903729 ], [ -75.788967000092498, 39.656569999903297 ], [ -75.788976000092475, 39.656948999902681 ], [ -75.78898200009246, 39.657218999902284 ], [ -75.78898600009245, 39.657434999901909 ], [ -75.788988000092445, 39.657524999901796 ], [ -75.788999000092417, 39.658209999900748 ], [ -75.788999000092417, 39.658227999900703 ], [ -75.788999000092417, 39.658245999900657 ], [ -75.789000000092415, 39.658263999900669 ], [ -75.789000000092415, 39.658282999900621 ], [ -75.789000000092415, 39.658299999900578 ], [ -75.789000000092415, 39.658317999900532 ], [ -75.789001000092412, 39.658335999900544 ], [ -75.789001000092412, 39.658353999900498 ], [ -75.789001000092412, 39.658371999900453 ], [ -75.789001000092412, 39.658390999900462 ], [ -75.78900200009241, 39.658407999900419 ], [ -75.78900200009241, 39.658425999900373 ], [ -75.78900200009241, 39.658443999900385 ], [ -75.78900200009241, 39.658461999900339 ], [ -75.789003000092407, 39.658479999900294 ], [ -75.789003000092407, 39.658497999900305 ], [ -75.789003000092407, 39.65851599990026 ], [ -75.789003000092407, 39.658533999900214 ], [ -75.789004000092405, 39.658551999900169 ], [ -75.789004000092405, 39.65856999990018 ], [ -75.789004000092405, 39.658587999900135 ], [ -75.789004000092405, 39.65860599990009 ], [ -75.789004000092405, 39.658623999900101 ], [ -75.789005000092402, 39.658641999900055 ], [ -75.789005000092402, 39.65865999990001 ], [ -75.789005000092402, 39.658677999900021 ], [ -75.789005000092402, 39.658695999899976 ], [ -75.789005000092402, 39.658713999899931 ], [ -75.7890060000924, 39.658731999899942 ], [ -75.7890060000924, 39.658749999899896 ], [ -75.7890060000924, 39.658768999899848 ], [ -75.7890060000924, 39.658786999899803 ], [ -75.7890060000924, 39.658804999899814 ], [ -75.789007000092454, 39.658822999899769 ], [ -75.789007000092454, 39.658841999899721 ], [ -75.789007000092454, 39.658858999899735 ], [ -75.789007000092454, 39.65887699989969 ], [ -75.789007000092454, 39.658894999899644 ], [ -75.789008000092451, 39.658912999899655 ], [ -75.789008000092451, 39.65893099989961 ], [ -75.789008000092451, 39.658948999899565 ], [ -75.789008000092451, 39.658966999899576 ], [ -75.789008000092451, 39.658984999899531 ], [ -75.789009000092449, 39.659002999899485 ], [ -75.789009000092449, 39.65902099989944 ], [ -75.789009000092449, 39.659038999899451 ], [ -75.789009000092449, 39.659056999899406 ], [ -75.789009000092449, 39.65907499989936 ], [ -75.789009000092449, 39.659092999899372 ], [ -75.789010000092446, 39.659110999899326 ], [ -75.789010000092446, 39.659128999899281 ], [ -75.789010000092446, 39.659146999899292 ], [ -75.789010000092446, 39.659164999899247 ], [ -75.789010000092446, 39.659182999899201 ], [ -75.789010000092446, 39.659200999899213 ], [ -75.789010000092446, 39.659218999899167 ], [ -75.789011000092444, 39.659236999899122 ], [ -75.789011000092444, 39.659254999899076 ], [ -75.789011000092444, 39.659272999899088 ], [ -75.789011000092444, 39.659290999899042 ], [ -75.789011000092444, 39.659308999898997 ], [ -75.789011000092444, 39.659326999899008 ], [ -75.789011000092444, 39.659344999898963 ], [ -75.789012000092441, 39.659362999898917 ], [ -75.789012000092441, 39.659380999898929 ], [ -75.789012000092441, 39.659398999898883 ], [ -75.789012000092441, 39.659416999898838 ], [ -75.789012000092441, 39.659434999898849 ], [ -75.789012000092441, 39.659452999898804 ], [ -75.789012000092441, 39.659470999898758 ], [ -75.789012000092441, 39.659488999898713 ], [ -75.789013000092439, 39.659506999898724 ], [ -75.789013000092439, 39.659524999898679 ], [ -75.789013000092439, 39.659542999898633 ], [ -75.789013000092439, 39.659560999898645 ], [ -75.789013000092439, 39.659578999898599 ], [ -75.789013000092439, 39.659596999898554 ], [ -75.789013000092439, 39.659614999898565 ], [ -75.789013000092439, 39.65963299989852 ], [ -75.789013000092439, 39.659650999898474 ], [ -75.789014000092436, 39.65967899989846 ], [ -75.789023000092413, 39.659789999898294 ], [ -75.788922000092555, 39.664568999890832 ], [ -75.788921000092557, 39.664586999890844 ], [ -75.78892000009256, 39.664604999890798 ], [ -75.78892000009256, 39.66462399989075 ], [ -75.788919000092562, 39.664641999890762 ], [ -75.788919000092562, 39.664660999890714 ], [ -75.788917000092567, 39.66470499989066 ], [ -75.78891600009257, 39.664731999890591 ], [ -75.788915000092572, 39.664768999890555 ], [ -75.788915000092572, 39.664786999890509 ], [ -75.788914000092575, 39.664804999890464 ], [ -75.788913000092577, 39.664830999890455 ], [ -75.78891200009258, 39.664866999890364 ], [ -75.788911000092583, 39.664893999890353 ], [ -75.788910000092585, 39.664929999890319 ], [ -75.788909000092588, 39.664957999890248 ], [ -75.78890800009259, 39.664992999890217 ], [ -75.788907000092593, 39.665019999890148 ], [ -75.788906000092595, 39.665048999890132 ], [ -75.788905000092598, 39.665082999890046 ], [ -75.788905000092598, 39.665092999890021 ], [ -75.7889040000926, 39.665118999890012 ], [ -75.7889040000926, 39.665128999889987 ], [ -75.788903000092603, 39.665145999889944 ], [ -75.788902000092605, 39.66518199988991 ], [ -75.788902000092605, 39.665192999889882 ], [ -75.788901000092608, 39.665208999889842 ], [ -75.78890000009261, 39.665245999889805 ], [ -75.788899000092613, 39.665278999889779 ], [ -75.788898000092615, 39.665296999889733 ], [ -75.788898000092615, 39.665314999889688 ], [ -75.788897000092618, 39.66533399988964 ], [ -75.78889600009262, 39.665350999889654 ], [ -75.788895000092623, 39.665368999889608 ], [ -75.788894000092625, 39.665386999889563 ], [ -75.788894000092625, 39.665405999889572 ], [ -75.788893000092628, 39.665422999889529 ], [ -75.78889200009263, 39.665440999889483 ], [ -75.788891000092633, 39.665458999889495 ], [ -75.788890000092636, 39.665476999889449 ], [ -75.788890000092636, 39.665494999889404 ], [ -75.788889000092581, 39.665512999889415 ], [ -75.788888000092584, 39.66553099988937 ], [ -75.788887000092586, 39.665548999889324 ], [ -75.788886000092589, 39.665566999889279 ], [ -75.788886000092589, 39.665585999889288 ], [ -75.788885000092591, 39.665603999889242 ], [ -75.788884000092594, 39.665621999889197 ], [ -75.788883000092596, 39.665639999889208 ], [ -75.788882000092599, 39.665657999889163 ], [ -75.788881000092601, 39.665675999889118 ], [ -75.788881000092601, 39.665693999889129 ], [ -75.788880000092604, 39.665711999889083 ], [ -75.788879000092606, 39.665729999889038 ], [ -75.788878000092609, 39.665747999889049 ], [ -75.788877000092612, 39.665765999889004 ], [ -75.788877000092612, 39.665783999888959 ], [ -75.788876000092614, 39.665801999888913 ], [ -75.788875000092617, 39.665819999888924 ], [ -75.788874000092619, 39.665837999888879 ], [ -75.788873000092622, 39.665855999888834 ], [ -75.788872000092624, 39.665873999888845 ], [ -75.788871000092627, 39.6658919998888 ], [ -75.788871000092627, 39.665909999888754 ], [ -75.788870000092629, 39.665927999888765 ], [ -75.788869000092632, 39.66594599988872 ], [ -75.788868000092634, 39.665963999888675 ], [ -75.788867000092637, 39.665981999888686 ], [ -75.788866000092639, 39.665999999888641 ], [ -75.788866000092639, 39.666017999888595 ], [ -75.788865000092642, 39.66603599988855 ], [ -75.788864000092644, 39.666053999888561 ], [ -75.788863000092647, 39.666071999888516 ], [ -75.788862000092649, 39.66608999988847 ], [ -75.788860000092654, 39.666127999888431 ], [ -75.788859000092657, 39.666143999888391 ], [ -75.788859000092657, 39.6661629998884 ], [ -75.788858000092659, 39.666179999888357 ], [ -75.788857000092662, 39.666197999888311 ], [ -75.788856000092665, 39.66621699988832 ], [ -75.788855000092667, 39.666233999888277 ], [ -75.78885400009267, 39.666251999888232 ], [ -75.788853000092672, 39.666271999888238 ], [ -75.788852000092675, 39.666287999888198 ], [ -75.788852000092675, 39.666305999888152 ], [ -75.788851000092677, 39.666323999888107 ], [ -75.78885000009268, 39.666341999888118 ], [ -75.788849000092682, 39.666359999888073 ], [ -75.788848000092685, 39.666377999888027 ], [ -75.788847000092687, 39.666395999888039 ], [ -75.78884600009269, 39.666414999887991 ], [ -75.788845000092692, 39.666431999887948 ], [ -75.788844000092695, 39.666450999887957 ], [ -75.788843000092697, 39.666467999887914 ], [ -75.788843000092697, 39.666485999887868 ], [ -75.7888420000927, 39.666503999887823 ], [ -75.788841000092702, 39.666521999887834 ], [ -75.788840000092705, 39.666539999887789 ], [ -75.788839000092707, 39.666557999887743 ], [ -75.78883800009271, 39.666575999887755 ], [ -75.788837000092713, 39.666593999887709 ], [ -75.788836000092715, 39.666611999887664 ], [ -75.788835000092718, 39.666629999887675 ], [ -75.78883400009272, 39.66664799988763 ], [ -75.788833000092723, 39.666665999887584 ], [ -75.788832000092725, 39.666683999887596 ], [ -75.788831000092671, 39.666703999887545 ], [ -75.788831000092671, 39.666719999887505 ], [ -75.788830000092673, 39.666738999887514 ], [ -75.788829000092676, 39.666755999887471 ], [ -75.788828000092678, 39.666773999887425 ], [ -75.788827000092681, 39.66679199988738 ], [ -75.788826000092683, 39.666809999887391 ], [ -75.788825000092686, 39.666827999887346 ], [ -75.788824000092688, 39.666846999887298 ], [ -75.788823000092691, 39.666863999887312 ], [ -75.788822000092694, 39.666881999887266 ], [ -75.788821000092696, 39.666899999887221 ], [ -75.788820000092699, 39.666917999887232 ], [ -75.788819000092701, 39.666935999887187 ], [ -75.788818000092704, 39.666953999887141 ], [ -75.788817000092706, 39.666971999887096 ], [ -75.788816000092709, 39.666991999887102 ], [ -75.788815000092711, 39.667008999887059 ], [ -75.788814000092714, 39.667026999887014 ], [ -75.788814000092714, 39.667043999887028 ], [ -75.788813000092716, 39.667061999886982 ], [ -75.788812000092719, 39.667079999886937 ], [ -75.788811000092721, 39.667097999886948 ], [ -75.788810000092724, 39.667115999886903 ], [ -75.788809000092726, 39.667133999886858 ], [ -75.788808000092729, 39.667151999886869 ], [ -75.788807000092731, 39.667169999886823 ], [ -75.788806000092734, 39.667187999886778 ], [ -75.788805000092736, 39.667205999886789 ], [ -75.788804000092739, 39.667223999886744 ], [ -75.788803000092742, 39.667241999886699 ], [ -75.788802000092744, 39.667259999886653 ], [ -75.788801000092747, 39.667277999886664 ], [ -75.788800000092749, 39.667295999886619 ], [ -75.788799000092752, 39.667313999886574 ], [ -75.788798000092754, 39.667331999886585 ], [ -75.788797000092757, 39.66734999988654 ], [ -75.788796000092759, 39.667367999886494 ], [ -75.788795000092762, 39.667386999886503 ], [ -75.788794000092764, 39.66740399988646 ], [ -75.788793000092767, 39.667421999886415 ], [ -75.788792000092769, 39.667439999886426 ], [ -75.788791000092772, 39.667457999886381 ], [ -75.788790000092774, 39.667475999886335 ], [ -75.788789000092777, 39.667494999886287 ], [ -75.788788000092779, 39.667511999886301 ], [ -75.788787000092782, 39.667529999886256 ], [ -75.788786000092784, 39.66754799988621 ], [ -75.788785000092787, 39.667566999886219 ], [ -75.788784000092789, 39.667583999886176 ], [ -75.788783000092792, 39.667601999886131 ], [ -75.788782000092795, 39.667619999886142 ], [ -75.788781000092797, 39.667637999886097 ], [ -75.788779000092802, 39.667657999886046 ], [ -75.788779000092802, 39.66767499988606 ], [ -75.788778000092805, 39.667691999886017 ], [ -75.78877600009281, 39.667709999885972 ], [ -75.788775000092812, 39.667727999885926 ], [ -75.788774000092815, 39.667745999885938 ], [ -75.788773000092817, 39.667763999885892 ], [ -75.788772000092763, 39.667781999885847 ], [ -75.788771000092765, 39.667799999885858 ], [ -75.788770000092768, 39.667817999885813 ], [ -75.788769000092771, 39.667835999885767 ], [ -75.788768000092773, 39.667853999885779 ], [ -75.788767000092776, 39.667871999885733 ], [ -75.788766000092778, 39.667889999885688 ], [ -75.788765000092781, 39.667907999885699 ], [ -75.788764000092783, 39.667925999885654 ], [ -75.788763000092786, 39.667943999885608 ], [ -75.788762000092788, 39.667961999885563 ], [ -75.788761000092791, 39.667979999885574 ], [ -75.788760000092793, 39.667997999885529 ], [ -75.788759000092796, 39.668015999885483 ], [ -75.788758000092798, 39.668033999885495 ], [ -75.788756000092803, 39.668051999885449 ], [ -75.788755000092806, 39.668069999885404 ], [ -75.788754000092808, 39.668087999885415 ], [ -75.788753000092811, 39.66810599988537 ], [ -75.788752000092813, 39.668123999885324 ], [ -75.788751000092816, 39.668141999885336 ], [ -75.788750000092818, 39.66815999988529 ], [ -75.788749000092821, 39.668178999885242 ], [ -75.788748000092824, 39.668195999885199 ], [ -75.788747000092826, 39.668213999885211 ], [ -75.788746000092829, 39.668231999885165 ], [ -75.788745000092831, 39.66824999988512 ], [ -75.788743000092836, 39.668267999885131 ], [ -75.788742000092839, 39.668285999885086 ], [ -75.788741000092841, 39.66830399988504 ], [ -75.788740000092844, 39.668321999885052 ], [ -75.788739000092846, 39.668341999885001 ], [ -75.788738000092849, 39.668357999884961 ], [ -75.788737000092851, 39.66837699988497 ], [ -75.788736000092854, 39.668393999884927 ], [ -75.788735000092856, 39.668411999884881 ], [ -75.788734000092859, 39.668429999884836 ], [ -75.788732000092864, 39.668447999884847 ], [ -75.788731000092866, 39.668465999884802 ], [ -75.788730000092869, 39.668484999884754 ], [ -75.788729000092872, 39.668502999884765 ], [ -75.788728000092874, 39.66852099988472 ], [ -75.788727000092877, 39.668537999884677 ], [ -75.788726000092879, 39.668555999884688 ], [ -75.788725000092882, 39.668573999884643 ], [ -75.788723000092887, 39.668591999884597 ], [ -75.788722000092889, 39.668609999884609 ], [ -75.788721000092892, 39.668627999884563 ], [ -75.788720000092894, 39.668646999884515 ], [ -75.788719000092897, 39.66866499988447 ], [ -75.788718000092899, 39.668681999884484 ], [ -75.788717000092902, 39.668699999884439 ], [ -75.788716000092904, 39.668717999884393 ], [ -75.788714000092853, 39.668735999884404 ], [ -75.788713000092855, 39.668753999884359 ], [ -75.788712000092858, 39.668772999884311 ], [ -75.78871100009286, 39.668789999884325 ], [ -75.788710000092863, 39.66880799988428 ], [ -75.788709000092865, 39.668826999884232 ], [ -75.788708000092868, 39.668843999884245 ], [ -75.788706000092873, 39.6688619998842 ], [ -75.788705000092875, 39.668879999884155 ], [ -75.788704000092878, 39.668897999884109 ], [ -75.78870300009288, 39.668915999884121 ], [ -75.788702000092883, 39.668933999884075 ], [ -75.788701000092885, 39.66895199988403 ], [ -75.78869900009289, 39.668970999884039 ], [ -75.788698000092893, 39.668987999883996 ], [ -75.788697000092895, 39.669006999883948 ], [ -75.788696000092898, 39.669023999883962 ], [ -75.788695000092901, 39.669041999883916 ], [ -75.788694000092903, 39.669059999883871 ], [ -75.788692000092908, 39.66907899988388 ], [ -75.788691000092911, 39.669096999883834 ], [ -75.788690000092913, 39.669114999883789 ], [ -75.788689000092916, 39.669131999883746 ], [ -75.788688000092918, 39.669150999883755 ], [ -75.788686000092923, 39.669167999883712 ], [ -75.788685000092926, 39.669185999883666 ], [ -75.788684000092928, 39.669203999883678 ], [ -75.788683000092931, 39.669221999883632 ], [ -75.788682000092933, 39.669239999883587 ], [ -75.788680000092938, 39.669257999883598 ], [ -75.788679000092941, 39.669275999883553 ], [ -75.788678000092943, 39.669293999883507 ], [ -75.788677000092946, 39.669311999883519 ], [ -75.788676000092948, 39.669329999883473 ], [ -75.788674000092954, 39.669347999883428 ], [ -75.788673000092956, 39.669365999883382 ], [ -75.788672000092959, 39.669383999883394 ], [ -75.788671000092961, 39.669402999883346 ], [ -75.788670000092964, 39.669419999883303 ], [ -75.788668000092969, 39.669437999883314 ], [ -75.788667000092971, 39.669455999883269 ], [ -75.788666000092974, 39.669473999883223 ], [ -75.788665000092976, 39.669491999883235 ], [ -75.788664000092979, 39.669509999883189 ], [ -75.788662000092984, 39.669527999883144 ], [ -75.788661000092986, 39.669545999883155 ], [ -75.788660000092989, 39.66956399988311 ], [ -75.788659000092991, 39.669582999883062 ], [ -75.788657000092996, 39.669599999883019 ], [ -75.788656000092942, 39.66961799988303 ], [ -75.788655000092945, 39.669635999882985 ], [ -75.788654000092947, 39.669653999882939 ], [ -75.788652000092952, 39.669671999882951 ], [ -75.788651000092955, 39.669689999882905 ], [ -75.788650000092957, 39.66970799988286 ], [ -75.78864900009296, 39.669725999882871 ], [ -75.788647000092965, 39.669743999882826 ], [ -75.788646000092967, 39.66976199988278 ], [ -75.78864500009297, 39.669779999882792 ], [ -75.788644000092972, 39.669797999882746 ], [ -75.788642000092977, 39.669815999882701 ], [ -75.78864100009298, 39.669833999882655 ], [ -75.788640000092983, 39.669851999882667 ], [ -75.788639000092985, 39.669870999882619 ], [ -75.78863700009299, 39.669887999882576 ], [ -75.788636000092993, 39.669905999882587 ], [ -75.788635000092995, 39.669923999882542 ], [ -75.788634000092998, 39.669942999882494 ], [ -75.788632000093003, 39.669959999882508 ], [ -75.788631000093005, 39.669977999882462 ], [ -75.788630000093008, 39.669995999882417 ], [ -75.78862900009301, 39.670013999882428 ], [ -75.788627000093015, 39.670031999882383 ], [ -75.788626000093018, 39.670049999882337 ], [ -75.78862500009302, 39.670067999882292 ], [ -75.788623000093025, 39.670085999882303 ], [ -75.788622000093028, 39.670105999882253 ], [ -75.78862100009303, 39.670121999882213 ], [ -75.788620000093033, 39.670139999882224 ], [ -75.788618000093038, 39.670157999882179 ], [ -75.788617000093041, 39.670175999882133 ], [ -75.788616000093043, 39.670193999882144 ], [ -75.788614000093048, 39.670211999882099 ], [ -75.788613000093051, 39.670229999882054 ], [ -75.788612000093053, 39.670248999882062 ], [ -75.788610000093058, 39.67026599988202 ], [ -75.788609000093061, 39.670283999881974 ], [ -75.788608000093063, 39.670301999881929 ], [ -75.788607000093066, 39.67031999988194 ], [ -75.788605000093071, 39.670337999881895 ], [ -75.788604000093073, 39.670355999881849 ], [ -75.788603000093076, 39.670373999881861 ], [ -75.788601000093081, 39.670395999881805 ], [ -75.788600000093084, 39.671411999880206 ], [ -75.788599000093086, 39.671512999880065 ], [ -75.788599000093086, 39.67622199987278 ], [ -75.788599000093086, 39.678156999869771 ], [ -75.788597000093034, 39.678427999869371 ], [ -75.788591000093049, 39.679390999867849 ], [ -75.788591000093049, 39.67954099986764 ], [ -75.788595000093039, 39.680654999865908 ], [ -75.788595000093039, 39.680725999865786 ], [ -75.788595000093039, 39.68081799986561 ], [ -75.788595000093039, 39.681004999865365 ], [ -75.788595000093039, 39.681255999864959 ], [ -75.788594000093042, 39.681604999864419 ], [ -75.788594000093042, 39.681949999863889 ], [ -75.788594000093042, 39.683624999861252 ], [ -75.788591000093049, 39.685654999858116 ], [ -75.788589000093054, 39.687258999855658 ], [ -75.788589000093054, 39.687855999854719 ], [ -75.788589000093054, 39.687890999854631 ], [ -75.788586000093062, 39.690560999850504 ], [ -75.788586000093062, 39.691247999849452 ], [ -75.788584000093067, 39.692864999846961 ], [ -75.788585000093065, 39.693412999846089 ], [ -75.788586000093062, 39.694232999844814 ], [ -75.788586000093062, 39.695141999843372 ], [ -75.788592000093047, 39.699824999836153 ], [ -75.788592000093047, 39.700299999835408 ], [ -75.788591000093049, 39.700541999835025 ], [ -75.788592000093047, 39.701703999833228 ], [ -75.788596000093037, 39.707384999824399 ], [ -75.788595000093039, 39.71574499981142 ], [ -75.788598000093089, 39.715901999811194 ], [ -75.788596000093037, 39.716714999809938 ], [ -75.788596000093037, 39.719726999805232 ], [ -75.788596000093037, 39.722198999801378 ], [ -75.784700000099122, 39.722198999801378 ], [ -75.778904000108128, 39.722198999801378 ], [ -75.774253000115323, 39.722198999801378 ], [ -75.773786000116047, 39.722199999801376 ], [ -75.773779000116065, 39.72221699980139 ], [ -75.773622000116291, 39.722594999800776 ], [ -75.773303000116812, 39.723347999799614 ], [ -75.773069000117175, 39.723895999798742 ], [ -75.772914000117396, 39.724254999798234 ], [ -75.772787000117603, 39.724544999797786 ], [ -75.77266000011781, 39.724834999797281 ], [ -75.772510000118018, 39.725176999796759 ], [ -75.772351000118306, 39.725534999796196 ], [ -75.772192000118537, 39.725891999795692 ], [ -75.77196200011889, 39.726402999794857 ], [ -75.77175300011919, 39.726861999794153 ], [ -75.771496000119612, 39.727421999793307 ], [ -75.771275000119942, 39.727896999792563 ], [ -75.771053000120276, 39.728371999791818 ], [ -75.770797000120695, 39.728913999790961 ], [ -75.770666000120912, 39.729187999790554 ], [ -75.770324000121434, 39.729896999789446 ], [ -75.770068000121796, 39.730419999788637 ], [ -75.76980200012224, 39.730958999787788 ], [ -75.769517000122676, 39.731530999786912 ], [ -75.769238000123096, 39.732084999786082 ], [ -75.768991000123492, 39.73257099978531 ], [ -75.768836000123713, 39.732872999784831 ], [ -75.768802000123799, 39.732937999784724 ], [ -75.768776000123808, 39.73298999978465 ], [ -75.768670000124018, 39.733194999784359 ], [ -75.768603000124074, 39.733324999784145 ], [ -75.768551000124205, 39.733424999783949 ], [ -75.768455000124334, 39.733608999783712 ], [ -75.768386000124451, 39.733742999783487 ], [ -75.768342000124505, 39.733825999783335 ], [ -75.768263000124648, 39.733976999783124 ], [ -75.768184000124734, 39.734126999782859 ], [ -75.768114000124854, 39.734260999782691 ], [ -75.768026000125019, 39.734426999782443 ], [ -75.767964000125062, 39.734543999782261 ], [ -75.767902000125162, 39.734660999782079 ], [ -75.767823000125304, 39.734810999781814 ], [ -75.767752000125427, 39.734943999781592 ], [ -75.767716000125461, 39.735010999781537 ], [ -75.767671000125517, 39.735093999781384 ], [ -75.76760000012564, 39.735226999781162 ], [ -75.767529000125762, 39.735360999780994 ], [ -75.767484000125819, 39.735443999780841 ], [ -75.767421000125921, 39.735559999780662 ], [ -75.767331000126092, 39.735726999780411 ], [ -75.767295000126126, 39.735794999780296 ], [ -75.767240000126208, 39.73589399978016 ], [ -75.767168000126333, 39.736026999779938 ], [ -75.767105000126435, 39.736142999779759 ], [ -75.767050000126517, 39.73624299977962 ], [ -75.766987000126619, 39.736358999779441 ], [ -75.766914000126746, 39.736491999779219 ], [ -75.766850000126794, 39.736607999779039 ], [ -75.766786000126899, 39.73672399977886 ], [ -75.766658000127109, 39.736955999778502 ], [ -75.766584000127239, 39.73708899977828 ], [ -75.766446000127416, 39.737336999777881 ], [ -75.766363000127569, 39.737485999777675 ], [ -75.766298000127676, 39.737601999777496 ], [ -75.766186000127846, 39.737799999777167 ], [ -75.766093000127967, 39.737964999776921 ], [ -75.76605600012806, 39.738030999776811 ], [ -75.766009000128122, 39.738113999776715 ], [ -75.765962000128184, 39.738196999776562 ], [ -75.76535000012916, 39.739267999774881 ], [ -75.764388000130623, 39.740909999772384 ], [ -75.76356300013191, 39.742282999770225 ], [ -75.762650000133362, 39.743763999767907 ], [ -75.761563000135027, 39.745480999765277 ], [ -75.760674000136419, 39.746849999763128 ], [ -75.760353000136888, 39.747405999762293 ], [ -75.759338000138484, 39.748847999760017 ], [ -75.758747000139408, 39.749715999758678 ], [ -75.758494000139763, 39.750080999758097 ], [ -75.758439000139902, 39.750160999758009 ], [ -75.758318000140036, 39.75033499975774 ], [ -75.758184000140261, 39.750525999757429 ], [ -75.758074000140425, 39.7506839997572 ], [ -75.75794000014065, 39.750873999756891 ], [ -75.757807000140872, 39.751064999756579 ], [ -75.757690000141054, 39.751230999756331 ], [ -75.757416000141461, 39.751617999755751 ], [ -75.757089000141946, 39.75207599975505 ], [ -75.756659000142633, 39.752674999754106 ], [ -75.756317000143156, 39.753146999753369 ], [ -75.756030000143596, 39.753538999752777 ], [ -75.755673000144157, 39.754024999752005 ], [ -75.755383000144604, 39.754415999751416 ], [ -75.755034000145145, 39.754883999750689 ], [ -75.754682000145692, 39.755353999749957 ], [ -75.754470000146057, 39.755633999749477 ], [ -75.75445800014603, 39.755648999749496 ], [ -75.754446000146061, 39.755664999749456 ], [ -75.754434000146091, 39.755679999749418 ], [ -75.754423000146119, 39.755695999749435 ], [ -75.754411000146149, 39.755710999749397 ], [ -75.754399000146122, 39.755726999749356 ], [ -75.754387000146153, 39.755742999749316 ], [ -75.754375000146183, 39.755757999749335 ], [ -75.754364000146211, 39.755773999749294 ], [ -75.754352000146241, 39.755788999749257 ], [ -75.754340000146215, 39.755804999749216 ], [ -75.754328000146245, 39.755819999749235 ], [ -75.754316000146275, 39.755835999749195 ], [ -75.754305000146303, 39.755850999749157 ], [ -75.754163000146491, 39.756037999748855 ], [ -75.754056000146704, 39.756177999748672 ], [ -75.753913000146895, 39.756363999748373 ], [ -75.753794000147082, 39.756518999748153 ], [ -75.753675000147268, 39.756673999747875 ], [ -75.753568000147425, 39.756812999747694 ], [ -75.753436000147644, 39.756982999747436 ], [ -75.753328000147803, 39.757122999747196 ], [ -75.753208000147993, 39.757276999746978 ], [ -75.753088000148182, 39.7574319997467 ], [ -75.752944000148375, 39.757616999746404 ], [ -75.752835000148593, 39.757755999746223 ], [ -75.752727000148752, 39.757892999745991 ], [ -75.752592000148923, 39.75806399974573 ], [ -75.75251500014906, 39.758161999745596 ], [ -75.752494000149113, 39.758189999745525 ], [ -75.752472000149112, 39.758217999745511 ], [ -75.752338000149336, 39.758386999745255 ], [ -75.752180000149565, 39.758586999744921 ], [ -75.751985000149887, 39.758832999744527 ], [ -75.751838000150144, 39.759016999744233 ], [ -75.751568000150542, 39.759353999743723 ], [ -75.751457000150708, 39.759491999743489 ], [ -75.751420000150745, 39.759537999743429 ], [ -75.751395000150808, 39.759569999743405 ], [ -75.751218000151084, 39.759787999743082 ], [ -75.751067000151295, 39.759975999742778 ], [ -75.750990000151432, 39.760069999742598 ], [ -75.7509010001516, 39.760178999742436 ], [ -75.75077400015175, 39.760333999742215 ], [ -75.750660000151925, 39.760474999741973 ], [ -75.75058400015206, 39.760567999741852 ], [ -75.750431000152275, 39.76075499974155 ], [ -75.750303000152485, 39.760910999741327 ], [ -75.750214000152653, 39.761019999741166 ], [ -75.750124000152766, 39.761128999740947 ], [ -75.750008000152945, 39.761268999740764 ], [ -75.749893000153122, 39.761408999740524 ], [ -75.749799000153303, 39.761519999740358 ], [ -75.749619000153587, 39.761736999740037 ], [ -75.74945100015384, 39.7619379997397 ], [ -75.749347000153989, 39.762061999739501 ], [ -75.74912600015432, 39.762324999739121 ], [ -75.748932000154639, 39.762556999738763 ], [ -75.748670000155016, 39.762864999738269 ], [ -75.748539000155233, 39.763019999738049 ], [ -75.748500000155275, 39.763065999737989 ], [ -75.748448000155406, 39.763126999737892 ], [ -75.748386000155506, 39.763199999737765 ], [ -75.748285000155647, 39.763317999737581 ], [ -75.748198000155753, 39.763419999737437 ], [ -75.748098000155949, 39.763536999737255 ], [ -75.748048000156018, 39.763594999737165 ], [ -75.74798500015612, 39.763668999737035 ], [ -75.747872000156292, 39.763799999736818 ], [ -75.747746000156496, 39.76394599973662 ], [ -75.747619000156647, 39.764091999736365 ], [ -75.747494000156848, 39.764237999736167 ], [ -75.747380000157023, 39.764369999735948 ], [ -75.747228000157293, 39.764543999735679 ], [ -75.747139000157404, 39.764645999735535 ], [ -75.747012000157611, 39.764790999735283 ], [ -75.746847000157857, 39.764979999734976 ], [ -75.746707000158096, 39.76514099973474 ], [ -75.746528000158378, 39.765342999734457 ], [ -75.746387000158563, 39.765502999734167 ], [ -75.746247000158803, 39.765661999733936 ], [ -75.746092000159024, 39.765835999733667 ], [ -75.746028000159129, 39.76590899973354 ], [ -75.745977000159201, 39.765965999733453 ], [ -75.745924000159278, 39.766025999733358 ], [ -75.745831000159455, 39.766128999733212 ], [ -75.745659000159719, 39.766321999732895 ], [ -75.745513000159917, 39.766484999732654 ], [ -75.745393000160107, 39.76661899973243 ], [ -75.745153000160485, 39.766884999732042 ], [ -75.744940000160852, 39.767121999731671 ], [ -75.744792000161056, 39.767283999731433 ], [ -75.744685000161212, 39.767401999731248 ], [ -75.744550000161439, 39.767550999730986 ], [ -75.744483000161551, 39.767623999730915 ], [ -75.744442000161598, 39.767667999730804 ], [ -75.744388000161678, 39.767726999730712 ], [ -75.744267000161869, 39.767859999730547 ], [ -75.744173000161993, 39.767962999730344 ], [ -75.744064000162211, 39.768079999730162 ], [ -75.744010000162291, 39.76813899973007 ], [ -75.743875000162461, 39.768285999729869 ], [ -75.743590000162897, 39.768593999729376 ], [ -75.743413000163173, 39.768783999729067 ], [ -75.743113000163646, 39.769105999728595 ], [ -75.742840000164108, 39.769397999728142 ], [ -75.742593000164447, 39.769659999727708 ], [ -75.742359000164811, 39.769907999727366 ], [ -75.742138000165198, 39.770140999727005 ], [ -75.742097000165245, 39.770183999726896 ], [ -75.74202900016536, 39.770255999726828 ], [ -75.741850000165641, 39.770442999726527 ], [ -75.741658000165899, 39.77064399972619 ], [ -75.741465000166215, 39.770843999725912 ], [ -75.74132700016645, 39.770987999725662 ], [ -75.741268000166542, 39.771049999725562 ], [ -75.741174000166666, 39.771146999725431 ], [ -75.740976000166995, 39.771352999725082 ], [ -75.740792000167289, 39.771542999724829 ], [ -75.74070700016739, 39.771630999724664 ], [ -75.740650000167477, 39.771688999724574 ], [ -75.740622000167548, 39.771717999724558 ], [ -75.740566000167632, 39.771775999724468 ], [ -75.740397000167889, 39.771948999724202 ], [ -75.740228000168145, 39.772120999723938 ], [ -75.740073000168366, 39.772278999723653 ], [ -75.739946000168572, 39.772407999723441 ], [ -75.739876000168692, 39.772479999723373 ], [ -75.739812000168797, 39.772544999723266 ], [ -75.739749000168899, 39.772608999723161 ], [ -75.739669000168988, 39.772689999723013 ], [ -75.739621000169109, 39.772738999722947 ], [ -75.739557000169157, 39.772802999722842 ], [ -75.739461000169342, 39.772899999722711 ], [ -75.739433000169356, 39.77292799972264 ], [ -75.739276000169639, 39.773085999722412 ], [ -75.739067000169939, 39.773295999722109 ], [ -75.738801000170383, 39.773562999721662 ], [ -75.738605000170651, 39.773757999721397 ], [ -75.738380000170991, 39.773981999721002 ], [ -75.738168000171356, 39.774189999720704 ], [ -75.737971000171626, 39.774384999720382 ], [ -75.737802000171882, 39.774551999720131 ], [ -75.737674000172092, 39.774676999719929 ], [ -75.737547000172299, 39.774801999719728 ], [ -75.737349000172628, 39.774995999719465 ], [ -75.737192000172854, 39.775148999719192 ], [ -75.737036000173077, 39.775300999718979 ], [ -75.736951000173235, 39.775383999718827 ], [ -75.73661600017374, 39.77570799971835 ], [ -75.736236000174358, 39.776072999717769 ], [ -75.73584000017496, 39.77645199971721 ], [ -75.735295000175824, 39.77696899971636 ], [ -75.734718000176713, 39.777512999715555 ], [ -75.734435000177143, 39.777776999715115 ], [ -75.734093000177666, 39.778095999714651 ], [ -75.733958000177893, 39.778220999714449 ], [ -75.733674000178326, 39.778483999714012 ], [ -75.733209000179045, 39.778911999713387 ], [ -75.732996000179355, 39.779106999713065 ], [ -75.732523000180095, 39.77953599971238 ], [ -75.732482000180141, 39.779573999712341 ], [ -75.732195000180582, 39.779834999711966 ], [ -75.731648000181451, 39.780327999711176 ], [ -75.731221000182131, 39.780709999710552 ], [ -75.730991000182485, 39.780913999710265 ], [ -75.730899000182603, 39.780995999710115 ], [ -75.730823000182738, 39.781063999710057 ], [ -75.73056200018317, 39.781294999709644 ], [ -75.730408000183388, 39.781429999709474 ], [ -75.730239000183644, 39.781579999709209 ], [ -75.730008000184, 39.781782999708923 ], [ -75.729838000184259, 39.781930999708663 ], [ -75.729622000184577, 39.782119999708414 ], [ -75.729482000184817, 39.782241999708219 ], [ -75.729405000184954, 39.782308999708107 ], [ -75.729064000185474, 39.782603999707646 ], [ -75.728583000186234, 39.783020999706991 ], [ -75.728255000186721, 39.783300999706569 ], [ -75.728037000187044, 39.783488999706265 ], [ -75.727723000187552, 39.783754999705877 ], [ -75.72744100018798, 39.783994999705499 ], [ -75.727175000188424, 39.784219999705158 ], [ -75.726999000188698, 39.784367999704898 ], [ -75.726573000189319, 39.784724999704338 ], [ -75.726145000190002, 39.785081999703777 ], [ -75.725875000190399, 39.785304999703442 ], [ -75.725541000190958, 39.785581999703027 ], [ -75.725127000191605, 39.785922999702507 ], [ -75.725010000191787, 39.786017999702324 ], [ -75.724934000191865, 39.786079999702224 ], [ -75.72474200019218, 39.786236999701998 ], [ -75.724646000192308, 39.786315999701856 ], [ -75.72451700019252, 39.786419999701707 ], [ -75.724355000192759, 39.78655099970149 ], [ -75.724276000192901, 39.786615999701439 ], [ -75.724131000193154, 39.786733999701255 ], [ -75.724018000193325, 39.786824999701082 ], [ -75.723921000193457, 39.786902999700942 ], [ -75.723872000193523, 39.7869419997009 ], [ -75.723710000193762, 39.787072999700683 ], [ -75.723579000193979, 39.787177999700532 ], [ -75.723515000194084, 39.787229999700457 ], [ -75.72341600019422, 39.787307999700317 ], [ -75.723286000194435, 39.787412999700166 ], [ -75.723171000194611, 39.787504999700047 ], [ -75.723024000194869, 39.787620999699868 ], [ -75.722894000195026, 39.787725999699717 ], [ -75.722812000195177, 39.787789999699612 ], [ -75.722747000195284, 39.787842999699535 ], [ -75.72266400019538, 39.787907999699428 ], [ -75.72258200019553, 39.787972999699321 ], [ -75.722549000195556, 39.787998999699255 ], [ -75.72251600019564, 39.788024999699246 ], [ -75.722402000195814, 39.788114999699076 ], [ -75.722239000196055, 39.788243999698864 ], [ -75.722076000196296, 39.788372999698709 ], [ -75.721912000196596, 39.788500999698499 ], [ -75.721715000196866, 39.788654999698224 ], [ -75.721584000197083, 39.788757999698078 ], [ -75.721404000197367, 39.788898999697892 ], [ -75.721289000197544, 39.788988999697722 ], [ -75.72120600019764, 39.789052999697617 ], [ -75.721025000197926, 39.789192999697434 ], [ -75.720894000198143, 39.789295999697231 ], [ -75.720531000198719, 39.789575999696808 ], [ -75.720463000198833, 39.789627999696734 ], [ -75.720314000199039, 39.789742999696557 ], [ -75.720132000199328, 39.789882999696317 ], [ -75.719900000199686, 39.790059999696041 ], [ -75.719768000199906, 39.790161999695897 ], [ -75.719602000200155, 39.79028899969569 ], [ -75.719535000200267, 39.790338999695621 ], [ -75.719502000200293, 39.790364999695612 ], [ -75.71916900020085, 39.790616999695203 ], [ -75.718752000201448, 39.790932999694689 ], [ -75.718367000202079, 39.791221999694244 ], [ -75.717931000202725, 39.791547999693762 ], [ -75.717561000203318, 39.791822999693352 ], [ -75.717309000203727, 39.79200999969305 ], [ -75.716937000204268, 39.792283999692643 ], [ -75.716531000204895, 39.792582999692172 ], [ -75.716226000205381, 39.79280599969178 ], [ -75.715750000206128, 39.793151999691247 ], [ -75.715324000206806, 39.79345999969081 ], [ -75.715068000207168, 39.793643999690516 ], [ -75.714622000207896, 39.793962999689995 ], [ -75.714348000208304, 39.794158999689728 ], [ -75.714142000208653, 39.794304999689473 ], [ -75.714004000208831, 39.794402999689339 ], [ -75.713918000208992, 39.794463999689242 ], [ -75.713815000209138, 39.794536999689115 ], [ -75.71362400020945, 39.794671999688887 ], [ -75.713296000209937, 39.794902999688532 ], [ -75.713071000210277, 39.795059999688306 ], [ -75.712899000210541, 39.795180999688114 ], [ -75.712465000211239, 39.795483999687633 ], [ -75.712136000211729, 39.795712999687282 ], [ -75.711962000211997, 39.795832999687093 ], [ -75.711701000212429, 39.796013999686807 ], [ -75.711387000212881, 39.796228999686491 ], [ -75.711125000213315, 39.796408999686207 ], [ -75.710968000213541, 39.796516999686048 ], [ -75.71082800021378, 39.796611999685922 ], [ -75.710635000214097, 39.796742999685705 ], [ -75.71049500021428, 39.796838999685519 ], [ -75.710179000214794, 39.797052999685206 ], [ -75.709969000215096, 39.797194999685019 ], [ -75.709740000215447, 39.797349999684741 ], [ -75.709546000215767, 39.797479999684526 ], [ -75.709352000216086, 39.797609999684369 ], [ -75.709017000216591, 39.797833999683974 ], [ -75.708716000217066, 39.798034999683694 ], [ -75.708504000217374, 39.798175999683451 ], [ -75.708167000217884, 39.798398999683116 ], [ -75.707812000218439, 39.798632999682752 ], [ -75.707545000218886, 39.798807999682481 ], [ -75.70729600021923, 39.79897099968224 ], [ -75.707207000219398, 39.79902899968215 ], [ -75.707064000219646, 39.799122999682027 ], [ -75.706921000219836, 39.799215999681849 ], [ -75.706761000220069, 39.7993199996817 ], [ -75.70659700022037, 39.799425999681546 ], [ -75.70645400022056, 39.799518999681368 ], [ -75.70631000022081, 39.799611999681247 ], [ -75.706239000220876, 39.799657999681187 ], [ -75.706185000220955, 39.799691999681102 ], [ -75.706135000221082, 39.799723999681078 ], [ -75.706060000221157, 39.799772999681011 ], [ -75.705988000221282, 39.799818999680895 ], [ -75.705916000221407, 39.799865999680833 ], [ -75.705826000221521, 39.799922999680746 ], [ -75.705736000221691, 39.799980999680656 ], [ -75.70562800022185, 39.800049999680539 ], [ -75.705538000221964, 39.800106999680452 ], [ -75.705412000222168, 39.800187999680361 ], [ -75.705268000222418, 39.800279999680185 ], [ -75.705142000222622, 39.800359999680097 ], [ -75.705034000222781, 39.80042899967998 ], [ -75.704854000223065, 39.800542999679806 ], [ -75.704691000223306, 39.800645999679659 ], [ -75.704547000223499, 39.800736999679486 ], [ -75.704203000224084, 39.800953999679166 ], [ -75.704058000224279, 39.801044999678993 ], [ -75.703949000224441, 39.801112999678935 ], [ -75.703732000224761, 39.801249999678703 ], [ -75.703586000225016, 39.801339999678532 ], [ -75.703459000225223, 39.801419999678444 ], [ -75.703314000225419, 39.801509999678274 ], [ -75.703277000225512, 39.801532999678273 ], [ -75.703168000225673, 39.801600999678158 ], [ -75.702968000225951, 39.801724999677958 ], [ -75.702749000226333, 39.801859999677731 ], [ -75.702585000226577, 39.80196099967759 ], [ -75.702494000226693, 39.802017999677503 ], [ -75.702220000227157, 39.802185999677249 ], [ -75.70196400022752, 39.802342999677023 ], [ -75.701762000227859, 39.802465999676826 ], [ -75.701634000228069, 39.802544999676684 ], [ -75.701322000228515, 39.802733999676377 ], [ -75.701120000228855, 39.80285699967618 ], [ -75.700937000229146, 39.802967999676014 ], [ -75.700495000229807, 39.803233999675626 ], [ -75.700218000230223, 39.803399999675378 ], [ -75.700089000230435, 39.803477999675238 ], [ -75.699645000231158, 39.803741999674855 ], [ -75.699442000231443, 39.803862999674664 ], [ -75.699273000231699, 39.803962999674468 ], [ -75.698847000232377, 39.804214999674116 ], [ -75.69860500023276, 39.804357999673869 ], [ -75.698438000233011, 39.804455999673735 ], [ -75.697991000233685, 39.804716999673303 ], [ -75.697768000234021, 39.804847999673086 ], [ -75.697637000234238, 39.804922999673011 ], [ -75.69715100023501, 39.805204999672583 ], [ -75.696908000235396, 39.805344999672343 ], [ -75.696721000235698, 39.805452999672184 ], [ -75.696627000235821, 39.805506999672104 ], [ -75.696496000236039, 39.805581999671972 ], [ -75.69638300023621, 39.805645999671867 ], [ -75.696271000236379, 39.80571099967176 ], [ -75.696177000236503, 39.805763999671683 ], [ -75.696083000236683, 39.805817999671604 ], [ -75.695970000236855, 39.805881999671499 ], [ -75.695801000237111, 39.805978999671368 ], [ -75.695688000237283, 39.806042999671263 ], [ -75.695613000237415, 39.806084999671214 ], [ -75.695462000237626, 39.806170999671053 ], [ -75.69536800023775, 39.806223999670976 ], [ -75.695293000237882, 39.806266999670925 ], [ -75.695161000238102, 39.806340999670795 ], [ -75.695047000238276, 39.80640499967069 ], [ -75.694953000238399, 39.806457999670613 ], [ -75.694840000238571, 39.806521999670508 ], [ -75.694764000238706, 39.806563999670459 ], [ -75.694689000238839, 39.80660599967041 ], [ -75.694632000238926, 39.806637999670329 ], [ -75.694537000239052, 39.806690999670252 ], [ -75.694432000239203, 39.806750999670157 ], [ -75.694121000239704, 39.806923999669891 ], [ -75.693780000240224, 39.807112999669584 ], [ -75.693552000240572, 39.80723899966938 ], [ -75.693153000241182, 39.807459999669049 ], [ -75.692791000241755, 39.807657999668777 ], [ -75.692525000242199, 39.807803999668522 ], [ -75.691933000243125, 39.80812599966805 ], [ -75.691641000243578, 39.808283999667765 ], [ -75.691373000243971, 39.808428999667569 ], [ -75.690817000244863, 39.808727999667099 ], [ -75.69062500024512, 39.808829999666955 ], [ -75.690356000245572, 39.808973999666705 ], [ -75.690164000245829, 39.809075999666561 ], [ -75.689740000246502, 39.80930099966622 ], [ -75.68952800024681, 39.809412999666051 ], [ -75.689393000247037, 39.809483999665929 ], [ -75.689355000247133, 39.809503999665878 ], [ -75.689026000247623, 39.809675999665615 ], [ -75.688794000247981, 39.80979799966542 ], [ -75.68862000024825, 39.809888999665304 ], [ -75.688291000248739, 39.810059999665043 ], [ -75.687961000249288, 39.810230999664782 ], [ -75.687748000249599, 39.810340999664561 ], [ -75.687243000250362, 39.810600999664189 ], [ -75.686989000250776, 39.810730999663974 ], [ -75.686814000251047, 39.810819999663863 ], [ -75.686424000251634, 39.811018999663531 ], [ -75.686151000252096, 39.811157999663294 ], [ -75.685955000252363, 39.81125599966316 ], [ -75.685799000252644, 39.811334999663018 ], [ -75.685447000253191, 39.811511999662741 ], [ -75.685212000253557, 39.811629999662614 ], [ -75.685035000253833, 39.811717999662449 ], [ -75.684878000254059, 39.811796999662306 ], [ -75.68450500025466, 39.811981999662066 ], [ -75.684328000254936, 39.812069999661901 ], [ -75.684092000255248, 39.812186999661719 ], [ -75.683894000255577, 39.812283999661588 ], [ -75.683559000256082, 39.812448999661342 ], [ -75.683322000256453, 39.812564999661163 ], [ -75.683046000256923, 39.812699999660936 ], [ -75.682888000257151, 39.812776999660798 ], [ -75.682453000257794, 39.81298899966049 ], [ -75.682255000258124, 39.813083999660307 ], [ -75.682057000258453, 39.813179999660179 ], [ -75.681958000258589, 39.813227999660114 ], [ -75.681639000259111, 39.813380999659842 ], [ -75.681482000259336, 39.813455999659766 ], [ -75.681383000259473, 39.813503999659702 ], [ -75.681325000259562, 39.813531999659631 ], [ -75.68124400025971, 39.813569999659592 ], [ -75.681206000259749, 39.813587999659546 ], [ -75.680962000260138, 39.813703999659367 ], [ -75.680925000260174, 39.813721999659322 ], [ -75.680786000260412, 39.813787999659212 ], [ -75.680667000260598, 39.813843999659127 ], [ -75.680468000260873, 39.813938999659001 ], [ -75.680308000261164, 39.814013999658869 ], [ -75.680149000261395, 39.814088999658793 ], [ -75.679909000261773, 39.814201999658621 ], [ -75.679610000262244, 39.814341999658382 ], [ -75.679390000262572, 39.814444999658235 ], [ -75.6791700002629, 39.814546999658035 ], [ -75.67882900026342, 39.814704999657806 ], [ -75.678549000263899, 39.814834999657592 ], [ -75.678388000264135, 39.814908999657519 ], [ -75.678208000264419, 39.814991999657366 ], [ -75.677806000265036, 39.815175999657072 ], [ -75.677585000265367, 39.81527699965693 ], [ -75.677364000265698, 39.815377999656789 ], [ -75.67720300026599, 39.815450999656662 ], [ -75.676880000266465, 39.815596999656407 ], [ -75.676618000266899, 39.815714999656223 ], [ -75.676376000267226, 39.815823999656061 ], [ -75.67623400026747, 39.815886999655959 ], [ -75.675867000268056, 39.816051999655713 ], [ -75.675523000268583, 39.816204999655497 ], [ -75.675341000268872, 39.816285999655349 ], [ -75.674895000269544, 39.816483999655077 ], [ -75.674611000269977, 39.816608999654875 ], [ -75.674449000270215, 39.81668099965475 ], [ -75.67430700027046, 39.81674299965465 ], [ -75.674063000270849, 39.816849999654494 ], [ -75.673778000271284, 39.816973999654294 ], [ -75.673514000271666, 39.817088999654118 ], [ -75.673371000271914, 39.817150999654018 ], [ -75.673269000272057, 39.817194999653964 ], [ -75.673086000272349, 39.817273999653821 ], [ -75.672902000272643, 39.817353999653676 ], [ -75.672678000272981, 39.817449999653547 ], [ -75.672514000273225, 39.817519999653427 ], [ -75.672351000273522, 39.817589999653308 ], [ -75.67216700027376, 39.817668999653222 ], [ -75.672024000274007, 39.817729999653125 ], [ -75.671901000274204, 39.81778199965305 ], [ -75.671840000274301, 39.817807999652985 ], [ -75.671696000274494, 39.817868999652887 ], [ -75.671512000274788, 39.817946999652804 ], [ -75.671389000274985, 39.817998999652673 ], [ -75.671246000275232, 39.818059999652633 ], [ -75.671102000275425, 39.818119999652538 ], [ -75.670979000275622, 39.818171999652407 ], [ -75.670918000275719, 39.818197999652398 ], [ -75.670712000276069, 39.818283999652238 ], [ -75.670568000276262, 39.818343999652143 ], [ -75.670466000276406, 39.818386999652091 ], [ -75.670199000276853, 39.818498999651922 ], [ -75.670075000277052, 39.81854999965185 ], [ -75.669931000277245, 39.818609999651756 ], [ -75.669643000277688, 39.818728999651569 ], [ -75.669478000277934, 39.818796999651454 ], [ -75.66923100027833, 39.81889899965131 ], [ -75.669045000278629, 39.818974999651175 ], [ -75.668777000279022, 39.819084999651011 ], [ -75.668591000279321, 39.819160999650876 ], [ -75.668301000279769, 39.819277999650694 ], [ -75.668115000280068, 39.819353999650616 ], [ -75.667805000280566, 39.819478999650414 ], [ -75.66763700028082, 39.819546999650299 ], [ -75.667409000281168, 39.819638999650181 ], [ -75.667306000281314, 39.819680999650075 ], [ -75.667167000281552, 39.819735999649993 ], [ -75.667140000281563, 39.819746999649965 ], [ -75.666995000281815, 39.819804999649875 ], [ -75.666767000282164, 39.819895999649759 ], [ -75.666600000282415, 39.819962999649647 ], [ -75.666476000282614, 39.82001199964958 ], [ -75.666247000282965, 39.820102999649407 ], [ -75.66603900028332, 39.820184999649314 ], [ -75.665790000283664, 39.820283999649178 ], [ -75.665540000284068, 39.820381999648987 ], [ -75.665228000284571, 39.82050499964879 ], [ -75.665040000284876, 39.820577999648719 ], [ -75.664685000285374, 39.820715999648485 ], [ -75.664477000285729, 39.820796999648337 ], [ -75.66437200028588, 39.82083799964829 ], [ -75.664122000286284, 39.820933999648162 ], [ -75.66393300028659, 39.821006999648034 ], [ -75.663787000286788, 39.82106299964795 ], [ -75.663473000287297, 39.821183999647758 ], [ -75.6632010002877, 39.821286999647612 ], [ -75.663159000287749, 39.821303999647569 ], [ -75.662719000288462, 39.821470999647318 ], [ -75.662404000288916, 39.821589999647131 ], [ -75.662299000289124, 39.821628999647089 ], [ -75.662173000289272, 39.821676999646968 ], [ -75.662005000289582, 39.821739999646866 ], [ -75.661900000289734, 39.821778999646824 ], [ -75.661774000289938, 39.82182699964676 ], [ -75.661648000290086, 39.821873999646698 ], [ -75.661501000290343, 39.821928999646616 ], [ -75.661395000290497, 39.821967999646517 ], [ -75.661227000290751, 39.822030999646415 ], [ -75.661122000290902, 39.822069999646374 ], [ -75.661016000291113, 39.822108999646332 ], [ -75.660890000291261, 39.82215599964627 ], [ -75.66070000029157, 39.82222599964615 ], [ -75.660595000291721, 39.822264999646052 ], [ -75.660468000291928, 39.822310999645993 ], [ -75.66036300029208, 39.822349999645951 ], [ -75.660321000292186, 39.822364999645913 ], [ -75.660173000292389, 39.822419999645831 ], [ -75.66006800029254, 39.822457999645792 ], [ -75.659899000292853, 39.822519999645692 ], [ -75.659793000293007, 39.822558999645594 ], [ -75.659687000293161, 39.822596999645555 ], [ -75.659624000293263, 39.822619999645553 ], [ -75.659603000293259, 39.822627999645533 ], [ -75.658817000294505, 39.8229119996451 ], [ -75.658776000294552, 39.822926999645063 ], [ -75.658605000294813, 39.822988999644963 ], [ -75.658351000295227, 39.82307999964479 ], [ -75.658138000295537, 39.823155999644712 ], [ -75.657778000296105, 39.823283999644502 ], [ -75.657502000296574, 39.823381999644369 ], [ -75.657226000296987, 39.82347899964418 ], [ -75.656800000297665, 39.823628999643972 ], [ -75.656438000298181, 39.823754999643768 ], [ -75.656225000298548, 39.823828999643638 ], [ -75.656098000298755, 39.823873999643581 ], [ -75.655714000299326, 39.824006999643359 ], [ -75.655479000299692, 39.824087999643268 ], [ -75.655287000300007, 39.824153999643158 ], [ -75.65486000030063, 39.824299999642903 ], [ -75.654582000301104, 39.82439399964278 ], [ -75.654368000301417, 39.824466999642652 ], [ -75.653961000302047, 39.82460399964242 ], [ -75.653704000302469, 39.824690999642314 ], [ -75.653554000302677, 39.824740999642245 ], [ -75.653468000302837, 39.824769999642172 ], [ -75.65334000030299, 39.82481299964212 ], [ -75.653168000303253, 39.824869999642033 ], [ -75.653082000303414, 39.824898999642016 ], [ -75.652932000303622, 39.82494899964189 ], [ -75.652803000303834, 39.824990999641841 ], [ -75.65269600030399, 39.825026999641807 ], [ -75.652503000304307, 39.825090999641702 ], [ -75.652309000304626, 39.8251539996416 ], [ -75.652159000304835, 39.825203999641531 ], [ -75.652030000305047, 39.825245999641425 ], [ -75.651879000305257, 39.825295999641355 ], [ -75.651729000305522, 39.825344999641288 ], [ -75.651621000305681, 39.825379999641257 ], [ -75.651449000305945, 39.825435999641172 ], [ -75.651298000306156, 39.825484999641105 ], [ -75.651169000306368, 39.825526999640999 ], [ -75.650996000306634, 39.825582999640915 ], [ -75.650824000306898, 39.825637999640833 ], [ -75.650716000307057, 39.825672999640801 ], [ -75.650542000307325, 39.825728999640717 ], [ -75.650391000307593, 39.825776999640652 ], [ -75.650283000307752, 39.825811999640564 ], [ -75.650089000308071, 39.825873999640464 ], [ -75.649937000308284, 39.8259219996404 ], [ -75.649851000308445, 39.825949999640386 ], [ -75.649721000308602, 39.825990999640283 ], [ -75.649635000308763, 39.826018999640269 ], [ -75.649527000308922, 39.826052999640183 ], [ -75.649502000308985, 39.826055999640175 ], [ -75.649440000309085, 39.826079999640172 ], [ -75.64931100030924, 39.826120999640068 ], [ -75.649246000309347, 39.826141999640072 ], [ -75.649094000309617, 39.826189999640007 ], [ -75.648986000309776, 39.826223999639922 ], [ -75.648856000309991, 39.826264999639875 ], [ -75.64874800031015, 39.826298999639789 ], [ -75.648640000310309, 39.826331999639763 ], [ -75.648510000310523, 39.826372999639716 ], [ -75.648423000310629, 39.826399999639648 ], [ -75.648315000310788, 39.826433999639619 ], [ -75.648207000310947, 39.826467999639533 ], [ -75.648077000311162, 39.826507999639489 ], [ -75.647968000311323, 39.82654199963946 ], [ -75.647860000311539, 39.826574999639377 ], [ -75.647773000311645, 39.826601999639365 ], [ -75.647643000311859, 39.826641999639264 ], [ -75.647556000311965, 39.826668999639253 ], [ -75.647448000312181, 39.826702999639167 ], [ -75.647317000312341, 39.826742999639123 ], [ -75.6472090003125, 39.826775999639096 ], [ -75.647144000312608, 39.826795999639046 ], [ -75.647078000312717, 39.826815999638995 ], [ -75.646883000313039, 39.826875999638901 ], [ -75.646644000313415, 39.82694899963883 ], [ -75.646426000313738, 39.82701499963872 ], [ -75.646187000314114, 39.827086999638595 ], [ -75.645991000314439, 39.827145999638503 ], [ -75.645686000314868, 39.827237999638385 ], [ -75.645490000315192, 39.827296999638293 ], [ -75.645294000315516, 39.827354999638203 ], [ -75.64514200031573, 39.827400999638087 ], [ -75.644989000315945, 39.82744599963803 ], [ -75.64479300031627, 39.827503999637941 ], [ -75.644575000316593, 39.827568999637833 ], [ -75.644422000316865, 39.827613999637776 ], [ -75.644269000317081, 39.82765899963772 ], [ -75.644094000317352, 39.827709999637648 ], [ -75.643963000317569, 39.827748999637549 ], [ -75.643876000317675, 39.827773999637543 ], [ -75.643788000317841, 39.827799999637477 ], [ -75.643613000318112, 39.827850999637405 ], [ -75.643460000318328, 39.827894999637351 ], [ -75.643373000318491, 39.827920999637286 ], [ -75.643198000318762, 39.827970999637216 ], [ -75.643001000319032, 39.828027999637129 ], [ -75.642804000319359, 39.828084999637042 ], [ -75.64262900031963, 39.828134999636973 ], [ -75.642475000319848, 39.828178999636918 ], [ -75.642344000320065, 39.828216999636822 ], [ -75.642256000320231, 39.828241999636816 ], [ -75.642081000320502, 39.828291999636747 ], [ -75.641979000320646, 39.828320999636674 ], [ -75.641835000320839, 39.828360999636629 ], [ -75.641682000321111, 39.828404999636575 ], [ -75.641506000321385, 39.828453999636451 ], [ -75.641308000321658, 39.828508999636369 ], [ -75.641176000321877, 39.828545999636333 ], [ -75.64108900032204, 39.82857099963627 ], [ -75.640935000322258, 39.828613999636218 ], [ -75.640759000322532, 39.828662999636151 ], [ -75.640627000322752, 39.828698999636117 ], [ -75.64047300032297, 39.828741999636009 ], [ -75.640253000323298, 39.828802999635911 ], [ -75.640055000323628, 39.828857999635829 ], [ -75.63992200032385, 39.828893999635795 ], [ -75.639703000324175, 39.828954999635698 ], [ -75.639571000324395, 39.828990999635664 ], [ -75.639373000324667, 39.829044999635528 ], [ -75.639174000324999, 39.829098999635448 ], [ -75.638976000325329, 39.829152999635369 ], [ -75.638711000325713, 39.829224999635301 ], [ -75.638425000326151, 39.829302999635161 ], [ -75.638182000326537, 39.829367999635053 ], [ -75.637984000326867, 39.829421999634974 ], [ -75.637807000327143, 39.829468999634912 ], [ -75.637652000327364, 39.829510999634806 ], [ -75.637476000327638, 39.829557999634744 ], [ -75.637233000328024, 39.829622999634637 ], [ -75.637034000328299, 39.82967599963456 ], [ -75.635950000330013, 39.829960999634125 ], [ -75.634843000331728, 39.830249999633679 ], [ -75.634794000331794, 39.830261999633649 ], [ -75.634739000331876, 39.830276999633668 ], [ -75.634683000331961, 39.830290999633633 ], [ -75.634606000332099, 39.830310999633582 ], [ -75.634561000332155, 39.830322999633552 ], [ -75.634506000332237, 39.830336999633573 ], [ -75.63443900033235, 39.83035399963353 ], [ -75.634417000332405, 39.830358999633518 ], [ -75.634350000332461, 39.830375999633475 ], [ -75.634239000332684, 39.830403999633461 ], [ -75.634139000332823, 39.830428999633398 ], [ -75.634017000333017, 39.830458999633379 ], [ -75.633961000333102, 39.830472999633344 ], [ -75.633861000333241, 39.830496999633283 ], [ -75.633831000333316, 39.830503999633265 ], [ -75.633738000333437, 39.830525999633267 ], [ -75.633604000333662, 39.830557999633186 ], [ -75.633503000333803, 39.830580999633185 ], [ -75.633402000333945, 39.830604999633124 ], [ -75.633268000334169, 39.830634999633105 ], [ -75.633167000334311, 39.830657999633047 ], [ -75.633033000334535, 39.830688999633026 ], [ -75.632944000334646, 39.83071099963297 ], [ -75.632856000334812, 39.830731999632917 ], [ -75.632744000334981, 39.830759999632903 ], [ -75.632588000335204, 39.830798999632805 ], [ -75.632499000335372, 39.830819999632809 ], [ -75.632410000335483, 39.830841999632753 ], [ -75.632321000335651, 39.830863999632754 ], [ -75.632254000335763, 39.830879999632714 ], [ -75.632187000335819, 39.830896999632671 ], [ -75.632098000335986, 39.830918999632672 ], [ -75.632009000336097, 39.830939999632619 ], [ -75.631920000336265, 39.830961999632564 ], [ -75.631808000336434, 39.830988999632552 ], [ -75.631741000336547, 39.831004999632512 ], [ -75.631697000336601, 39.831015999632484 ], [ -75.63158500033677, 39.831042999632473 ], [ -75.631518000336882, 39.831058999632432 ], [ -75.631474000336937, 39.831069999632405 ], [ -75.631429000336993, 39.831080999632377 ], [ -75.631273000337274, 39.83111799963234 ], [ -75.631072000337554, 39.831166999632273 ], [ -75.630894000337832, 39.831208999632167 ], [ -75.630737000338115, 39.831246999632128 ], [ -75.630536000338395, 39.831294999632064 ], [ -75.630358000338674, 39.831336999632015 ], [ -75.6302010003389, 39.831373999631921 ], [ -75.629978000339293, 39.831426999631844 ], [ -75.629799000339574, 39.831468999631795 ], [ -75.629665000339742, 39.831500999631714 ], [ -75.629508000340024, 39.83153699963168 ], [ -75.629352000340248, 39.831573999631644 ], [ -75.629218000340472, 39.831604999631566 ], [ -75.629083000340643, 39.831635999631544 ], [ -75.628860000340978, 39.83168799963147 ], [ -75.628613000341375, 39.831744999631383 ], [ -75.628479000341599, 39.831775999631304 ], [ -75.628232000341995, 39.831832999631217 ], [ -75.627964000342388, 39.83189399963112 ], [ -75.627739000342729, 39.831944999631048 ], [ -75.62756000034301, 39.831985999631002 ], [ -75.627425000343237, 39.832015999630926 ], [ -75.627313000343406, 39.832041999630917 ], [ -75.6270670003438, 39.832096999630835 ], [ -75.62693200034397, 39.832126999630759 ], [ -75.626909000344028, 39.832132999630744 ], [ -75.626842000344141, 39.832147999630763 ], [ -75.62673000034431, 39.8321729996307 ], [ -75.62664000034448, 39.832192999630649 ], [ -75.626393000344819, 39.832247999630567 ], [ -75.626236000345102, 39.832282999630536 ], [ -75.626124000345271, 39.832307999630473 ], [ -75.626011000345443, 39.832331999630469 ], [ -75.625921000345556, 39.832351999630419 ], [ -75.625831000345727, 39.832371999630368 ], [ -75.625742000345838, 39.832391999630374 ], [ -75.625652000346008, 39.832410999630326 ], [ -75.625562000346122, 39.832430999630276 ], [ -75.625472000346292, 39.832450999630282 ], [ -75.625359000346464, 39.832474999630222 ], [ -75.625292000346519, 39.832489999630184 ], [ -75.625247000346633, 39.832499999630215 ], [ -75.62520200034669, 39.83250999963019 ], [ -75.625112000346803, 39.832528999630142 ], [ -75.625022000346974, 39.832548999630092 ], [ -75.624864000347202, 39.832582999630063 ], [ -75.624729000347429, 39.832611999629989 ], [ -75.624594000347599, 39.832640999629973 ], [ -75.62450400034777, 39.832660999629923 ], [ -75.624370000347994, 39.832689999629906 ], [ -75.624347000347996, 39.832694999629894 ], [ -75.624302000348052, 39.832703999629871 ], [ -75.624234000348167, 39.832718999629833 ], [ -75.624144000348338, 39.832737999629842 ], [ -75.624027000348519, 39.832762999629779 ], [ -75.623914000348691, 39.832786999629718 ], [ -75.623847000348803, 39.832801999629737 ], [ -75.623712000348974, 39.832830999629664 ], [ -75.623576000349203, 39.83285899962965 ], [ -75.623486000349374, 39.832877999629602 ], [ -75.623419000349429, 39.832892999629564 ], [ -75.623284000349656, 39.832921999629548 ], [ -75.623193000349829, 39.8329409996295 ], [ -75.623171000349828, 39.83294499962949 ], [ -75.623103000349943, 39.832959999629452 ], [ -75.623036000350055, 39.832973999629473 ], [ -75.622923000350227, 39.832997999629413 ], [ -75.622810000350398, 39.833020999629355 ], [ -75.622721000350509, 39.833039999629364 ], [ -75.622585000350739, 39.83306899962929 ], [ -75.622472000350911, 39.833091999629289 ], [ -75.622382000351081, 39.833110999629241 ], [ -75.622315000351193, 39.833124999629206 ], [ -75.622224000351309, 39.833143999629215 ], [ -75.622156000351424, 39.833157999629179 ], [ -75.622111000351481, 39.833166999629157 ], [ -75.622020000351597, 39.833185999629109 ], [ -75.621975000351711, 39.833194999629086 ], [ -75.621908000351823, 39.833208999629107 ], [ -75.621795000351995, 39.833232999629047 ], [ -75.621659000352167, 39.833260999629033 ], [ -75.621501000352453, 39.833292999628952 ], [ -75.621343000352681, 39.833325999628926 ], [ -75.621094000353082, 39.833375999628856 ], [ -75.620846000353424, 39.833426999628728 ], [ -75.620642000353769, 39.833467999628681 ], [ -75.620462000354053, 39.833504999628644 ], [ -75.620281000354339, 39.833540999628553 ], [ -75.620145000354512, 39.833567999628542 ], [ -75.6199860003548, 39.833599999628461 ], [ -75.619805000355086, 39.833635999628427 ], [ -75.619602000355371, 39.833675999628383 ], [ -75.619421000355658, 39.833711999628292 ], [ -75.619172000356059, 39.833760999628225 ], [ -75.618922000356406, 39.833809999628158 ], [ -75.618719000356748, 39.833849999628114 ], [ -75.618492000357094, 39.833893999628003 ], [ -75.618265000357439, 39.833937999627949 ], [ -75.618129000357669, 39.833964999627938 ], [ -75.617948000357956, 39.833999999627849 ], [ -75.617744000358243, 39.834038999627808 ], [ -75.617608000358473, 39.834064999627742 ], [ -75.617472000358703, 39.834090999627733 ], [ -75.617290000358992, 39.834124999627647 ], [ -75.617108000359224, 39.834159999627616 ], [ -75.616881000359626, 39.834202999627564 ], [ -75.616745000359799, 39.834227999627501 ], [ -75.616563000360088, 39.83426299962747 ], [ -75.616359000360433, 39.834300999627374 ], [ -75.616200000360664, 39.834329999627357 ], [ -75.616132000360778, 39.834342999627324 ], [ -75.615950000361067, 39.834376999627295 ], [ -75.6157680003613, 39.83441099962721 ], [ -75.615635000361522, 39.834434999627206 ], [ -75.615518000361703, 39.83445699962715 ], [ -75.615336000361992, 39.834489999627124 ], [ -75.615044000362445, 39.834542999627047 ], [ -75.614901000362693, 39.834568999626981 ], [ -75.614719000362982, 39.834601999626955 ], [ -75.614468000363331, 39.834647999626839 ], [ -75.614309000363619, 39.834676999626822 ], [ -75.614218000363735, 39.834692999626782 ], [ -75.614172000363794, 39.834700999626762 ], [ -75.614104000363909, 39.834712999626731 ], [ -75.614082000363965, 39.834716999626778 ], [ -75.613968000364139, 39.834737999626725 ], [ -75.613876000364257, 39.834753999626685 ], [ -75.61378500036443, 39.834769999626644 ], [ -75.613626000364661, 39.834798999626628 ], [ -75.613489000364837, 39.834822999626567 ], [ -75.613375000365068, 39.834842999626574 ], [ -75.61323900036524, 39.834866999626513 ], [ -75.613102000365473, 39.834890999626452 ], [ -75.612988000365647, 39.834910999626459 ], [ -75.612851000365879, 39.834934999626398 ], [ -75.612714000366054, 39.834958999626394 ], [ -75.612532000366343, 39.834990999626314 ], [ -75.612418000366517, 39.83501099962632 ], [ -75.612304000366692, 39.835030999626269 ], [ -75.612213000366864, 39.835045999626232 ], [ -75.61207600036704, 39.835069999626228 ], [ -75.611939000367272, 39.83509299962617 ], [ -75.611825000367446, 39.835112999626119 ], [ -75.61171100036762, 39.835132999626126 ], [ -75.611574000367852, 39.835155999626068 ], [ -75.611391000368144, 39.835186999626046 ], [ -75.611277000368318, 39.835205999625998 ], [ -75.611095000368607, 39.83523699962592 ], [ -75.610935000368841, 39.835263999625909 ], [ -75.610729000369133, 39.83529899962582 ], [ -75.610547000369422, 39.835328999625801 ], [ -75.610364000369714, 39.83535999962578 ], [ -75.610158000370063, 39.835393999625694 ], [ -75.609884000370471, 39.835438999625637 ], [ -75.609678000370764, 39.835472999625551 ], [ -75.609495000371055, 39.835502999625533 ], [ -75.609267000371403, 39.835539999625496 ], [ -75.609038000371754, 39.835576999625403 ], [ -75.608763000372221, 39.835620999625348 ], [ -75.608557000372514, 39.835653999625322 ], [ -75.608374000372805, 39.835683999625246 ], [ -75.608191000373097, 39.83571299962523 ], [ -75.607861000373589, 39.835764999625098 ], [ -75.607664000373916, 39.835795999625077 ], [ -75.6075460003741, 39.835813999625032 ], [ -75.60748000037421, 39.835824999625004 ], [ -75.607396000374308, 39.835837999625028 ], [ -75.607313000374461, 39.835850999624995 ], [ -75.607229000374559, 39.835863999624962 ], [ -75.607169000374654, 39.835872999624939 ], [ -75.607094000374786, 39.835884999624909 ], [ -75.606943000374997, 39.835907999624908 ], [ -75.60686400037514, 39.835920999624875 ], [ -75.606758000375294, 39.835936999624835 ], [ -75.606628000375508, 39.835955999624844 ], [ -75.606522000375662, 39.835971999624803 ], [ -75.606417000375814, 39.835987999624763 ], [ -75.606311000376024, 39.836003999624779 ], [ -75.606194000376206, 39.836022999624731 ], [ -75.606075000376393, 39.836040999624686 ], [ -75.605926000376598, 39.836062999624687 ], [ -75.605779000376856, 39.836085999624629 ], [ -75.605708000376922, 39.836096999624601 ], [ -75.605554000377197, 39.836118999624603 ], [ -75.60531200037758, 39.836155999624509 ], [ -75.605070000377907, 39.836191999624475 ], [ -75.604828000378291, 39.836227999624384 ], [ -75.604586000378674, 39.836262999624353 ], [ -75.604357000379025, 39.836296999624324 ], [ -75.604150000379377, 39.836326999624248 ], [ -75.603966000379671, 39.836353999624237 ], [ -75.603713000380026, 39.836389999624146 ], [ -75.603530000380317, 39.836415999624137 ], [ -75.603323000380669, 39.836445999624061 ], [ -75.603047000381082, 39.83648499962402 ], [ -75.602771000381495, 39.836523999623921 ], [ -75.602495000381907, 39.836562999623879 ], [ -75.602288000382259, 39.836590999623866 ], [ -75.602104000382553, 39.8366169996238 ], [ -75.601897000382849, 39.836644999623786 ], [ -75.601690000383201, 39.836673999623713 ], [ -75.601459000383556, 39.836704999623691 ], [ -75.601252000383852, 39.836732999623621 ], [ -75.601068000384146, 39.836757999623558 ], [ -75.600861000384441, 39.836785999623544 ], [ -75.600654000384793, 39.836813999623473 ], [ -75.600446000385091, 39.836840999623462 ], [ -75.600216000385444, 39.836870999623386 ], [ -75.600101000385621, 39.836886999623403 ], [ -75.599870000385977, 39.836916999623327 ], [ -75.59970900038627, 39.836937999623331 ], [ -75.599524000386566, 39.836960999623273 ], [ -75.599386000386744, 39.836978999623227 ], [ -75.599202000387038, 39.837002999623223 ], [ -75.599017000387335, 39.837026999623163 ], [ -75.59881000038763, 39.837052999623097 ], [ -75.598602000387984, 39.837078999623088 ], [ -75.598487000388161, 39.83709399962305 ], [ -75.598464000388162, 39.837095999623045 ], [ -75.59837500038833, 39.837106999623018 ], [ -75.598279000388459, 39.837119999623042 ], [ -75.598164000388635, 39.837133999623006 ], [ -75.598094000388755, 39.837141999622986 ], [ -75.598025000388873, 39.837150999622963 ], [ -75.597979000388932, 39.837156999622948 ], [ -75.59795600038899, 39.837159999622941 ], [ -75.597864000389109, 39.83717099962297 ], [ -75.597748000389288, 39.837184999622934 ], [ -75.597656000389463, 39.837196999622904 ], [ -75.597564000389582, 39.837207999622876 ], [ -75.597471000389703, 39.837218999622849 ], [ -75.59740200038982, 39.837227999622826 ], [ -75.597379000389878, 39.837229999622878 ], [ -75.597310000389996, 39.837238999622855 ], [ -75.597171000390176, 39.837255999622812 ], [ -75.597102000390294, 39.837263999622792 ], [ -75.596986000390473, 39.837277999622756 ], [ -75.596894000390648, 39.837288999622785 ], [ -75.596778000390827, 39.83730299962275 ], [ -75.596663000391004, 39.837316999622715 ], [ -75.596594000391065, 39.837324999622695 ], [ -75.59642800039137, 39.837343999622647 ], [ -75.596313000391547, 39.837357999622668 ], [ -75.596174000391727, 39.837374999622625 ], [ -75.596059000391904, 39.837387999622592 ], [ -75.595966000392082, 39.837398999622565 ], [ -75.595781000392378, 39.837420999622566 ], [ -75.595712000392439, 39.837428999622546 ], [ -75.595689000392497, 39.837431999622538 ], [ -75.595666000392555, 39.837434999622531 ], [ -75.595573000392676, 39.837444999622505 ], [ -75.595504000392793, 39.837452999622485 ], [ -75.595458000392853, 39.83745899962247 ], [ -75.59538900039297, 39.837466999622507 ], [ -75.595342000393032, 39.837471999622494 ], [ -75.595296000393091, 39.837476999622481 ], [ -75.595227000393209, 39.837485999622459 ], [ -75.595181000393268, 39.837490999622446 ], [ -75.59513400039333, 39.837495999622433 ], [ -75.595042000393505, 39.837506999622406 ], [ -75.594972000393625, 39.837514999622385 ], [ -75.594926000393684, 39.837519999622373 ], [ -75.594880000393744, 39.837524999622417 ], [ -75.594857000393802, 39.837527999622409 ], [ -75.594834000393803, 39.837530999622402 ], [ -75.594764000393923, 39.837538999622382 ], [ -75.59469500039404, 39.837545999622364 ], [ -75.594602000394161, 39.837556999622336 ], [ -75.594533000394279, 39.837564999622316 ], [ -75.594464000394396, 39.837572999622296 ], [ -75.594371000394517, 39.837582999622327 ], [ -75.594302000394634, 39.837590999622307 ], [ -75.594186000394814, 39.837603999622274 ], [ -75.594140000394873, 39.837608999622262 ], [ -75.594048000395048, 39.837618999622237 ], [ -75.593840000395346, 39.837641999622235 ], [ -75.593585000395763, 39.837669999622165 ], [ -75.593376000396063, 39.837692999622107 ], [ -75.593191000396359, 39.837712999622113 ], [ -75.593099000396535, 39.837722999622088 ], [ -75.593052000396597, 39.837728999622072 ], [ -75.593006000396656, 39.83773399962206 ], [ -75.592913000396777, 39.837742999622037 ], [ -75.592798000396954, 39.837755999622061 ], [ -75.592705000397132, 39.837765999622036 ], [ -75.592636000397249, 39.837772999622018 ], [ -75.592589000397311, 39.837777999622006 ], [ -75.592520000397428, 39.837785999621985 ], [ -75.592311000397729, 39.83780799962193 ], [ -75.592126000398025, 39.837826999621939 ], [ -75.591941000398322, 39.837846999621888 ], [ -75.59170900039868, 39.837870999621828 ], [ -75.59157000039886, 39.837884999621849 ], [ -75.591292000399335, 39.837913999621776 ], [ -75.59094500039987, 39.837948999621744 ], [ -75.590759000400169, 39.837967999621696 ], [ -75.590411000400707, 39.838001999621667 ], [ -75.590087000401184, 39.838034999621584 ], [ -75.589901000401483, 39.838052999621596 ], [ -75.589716000401779, 39.83807099962155 ], [ -75.58955300040202, 39.838085999621512 ], [ -75.589438000402197, 39.838097999621482 ], [ -75.589322000402376, 39.838108999621511 ], [ -75.589206000402555, 39.838119999621483 ], [ -75.589043000402796, 39.838134999621445 ], [ -75.588904000403033, 39.838147999621413 ], [ -75.588695000403334, 39.838167999621419 ], [ -75.588533000403629, 39.838182999621381 ], [ -75.588484000403696, 39.838187999621368 ], [ -75.588324000403929, 39.83820299962133 ], [ -75.588185000404167, 39.8382149996213 ], [ -75.588022000404408, 39.838229999621319 ], [ -75.587836000404707, 39.838246999621276 ], [ -75.587674000404945, 39.838261999621238 ], [ -75.587488000405244, 39.838278999621195 ], [ -75.587326000405483, 39.838292999621217 ], [ -75.587136000405792, 39.838309999621174 ], [ -75.586927000406092, 39.838328999621126 ], [ -75.586765000406331, 39.838342999621148 ], [ -75.586556000406688, 39.838360999621102 ], [ -75.586393000406929, 39.838374999621067 ], [ -75.586277000407108, 39.838385999621039 ], [ -75.586068000407408, 39.83840399962105 ], [ -75.585836000407767, 39.838422999621002 ], [ -75.585603000408128, 39.838442999620952 ], [ -75.585371000408486, 39.838461999620961 ], [ -75.585185000408785, 39.83847799962092 ], [ -75.585045000409025, 39.838488999620893 ], [ -75.584976000409142, 39.838494999620877 ], [ -75.584836000409325, 39.83850599962085 ], [ -75.584627000409682, 39.838522999620864 ], [ -75.584441000409981, 39.838537999620826 ], [ -75.584301000410164, 39.838548999620798 ], [ -75.584185000410343, 39.838557999620775 ], [ -75.584069000410523, 39.838566999620753 ], [ -75.583953000410702, 39.838576999620784 ], [ -75.583813000410942, 39.838586999620759 ], [ -75.583697000411121, 39.838595999620736 ], [ -75.5835810004113, 39.838604999620713 ], [ -75.583464000411482, 39.838613999620691 ], [ -75.583325000411662, 39.838624999620663 ], [ -75.583208000411844, 39.838633999620697 ], [ -75.583115000412022, 39.838640999620679 ], [ -75.582976000412202, 39.838650999620654 ], [ -75.582836000412442, 39.838661999620626 ], [ -75.582743000412563, 39.838667999620611 ], [ -75.582650000412741, 39.838674999620594 ], [ -75.582510000412924, 39.838684999620568 ], [ -75.582371000413161, 39.838695999620597 ], [ -75.582231000413401, 39.838705999620572 ], [ -75.582068000413642, 39.838716999620544 ], [ -75.581928000413882, 39.838726999620519 ], [ -75.581789000414062, 39.838736999620494 ], [ -75.58169600041424, 39.838743999620476 ], [ -75.581579000414422, 39.838751999620513 ], [ -75.581463000414601, 39.838759999620493 ], [ -75.581277000414843, 39.83877299962046 ], [ -75.581114000415141, 39.838783999620432 ], [ -75.580974000415324, 39.838793999620407 ], [ -75.580788000415623, 39.838805999620376 ], [ -75.580671000415805, 39.838813999620413 ], [ -75.580532000416042, 39.83882299962039 ], [ -75.580415000416224, 39.83883099962037 ], [ -75.580322000416345, 39.838836999620355 ], [ -75.580159000416586, 39.83884699962033 ], [ -75.580042000416768, 39.83885499962031 ], [ -75.579973000416885, 39.8388589996203 ], [ -75.579926000416947, 39.838861999620292 ], [ -75.579879000417009, 39.838864999620284 ], [ -75.579856000417067, 39.838866999620336 ], [ -75.579786000417187, 39.838870999620326 ], [ -75.579693000417308, 39.838876999620311 ], [ -75.57964600041737, 39.838879999620303 ], [ -75.579576000417489, 39.838884999620291 ], [ -75.579460000417669, 39.838891999620273 ], [ -75.579320000417908, 39.83890099962025 ], [ -75.579204000418088, 39.838907999620233 ], [ -75.579110000418211, 39.83891299962022 ], [ -75.579017000418389, 39.838918999620205 ], [ -75.578901000418568, 39.838925999620244 ], [ -75.57878400041875, 39.838932999620226 ], [ -75.578691000418871, 39.838938999620211 ], [ -75.578598000419049, 39.838943999620199 ], [ -75.578481000419231, 39.838950999620181 ], [ -75.57836500041941, 39.838957999620163 ], [ -75.578248000419592, 39.838964999620146 ], [ -75.578155000419713, 39.838969999620133 ], [ -75.578062000419834, 39.838975999620118 ], [ -75.577945000420016, 39.838981999620103 ], [ -75.577852000420194, 39.838987999620144 ], [ -75.577708000420387, 39.838995999620124 ], [ -75.577591000420568, 39.839002999620106 ], [ -75.577452000420806, 39.839009999620089 ], [ -75.577335000420987, 39.839016999620071 ], [ -75.577195000421227, 39.839024999620051 ], [ -75.57712500042129, 39.839028999620041 ], [ -75.57705500042141, 39.839032999620031 ], [ -75.576962000421588, 39.839037999620018 ], [ -75.576868000421712, 39.83904399962006 ], [ -75.576775000421833, 39.839048999620047 ], [ -75.576659000422012, 39.839054999620032 ], [ -75.576519000422252, 39.839062999620012 ], [ -75.576425000422375, 39.839067999619999 ], [ -75.576379000422492, 39.839069999619994 ], [ -75.576332000422553, 39.839072999619987 ], [ -75.576239000422675, 39.839077999619974 ], [ -75.576169000422794, 39.839080999619966 ], [ -75.576076000422916, 39.839085999619954 ], [ -75.575959000423097, 39.839092999619936 ], [ -75.575866000423275, 39.839096999619926 ], [ -75.575772000423399, 39.83910199961997 ], [ -75.575656000423578, 39.839107999619955 ], [ -75.575586000423698, 39.839111999619945 ], [ -75.57546900042388, 39.83911799961993 ], [ -75.575376000424001, 39.839122999619917 ], [ -75.57516600042436, 39.839132999619892 ], [ -75.575003000424601, 39.839140999619872 ], [ -75.574769000424965, 39.839152999619841 ], [ -75.574606000425206, 39.839159999619881 ], [ -75.574373000425567, 39.83917199961985 ], [ -75.574163000425926, 39.839180999619828 ], [ -75.573953000426229, 39.839190999619802 ], [ -75.573766000426531, 39.83919999961978 ], [ -75.573556000426834, 39.839208999619757 ], [ -75.573346000427193, 39.839217999619791 ], [ -75.573206000427376, 39.839223999619776 ], [ -75.573019000427678, 39.839231999619756 ], [ -75.572763000428097, 39.839242999619728 ], [ -75.5725530004284, 39.839251999619705 ], [ -75.572366000428701, 39.839259999619685 ], [ -75.572132000429065, 39.839268999619662 ], [ -75.571829000429545, 39.839280999619689 ], [ -75.57157200042991, 39.839290999619664 ], [ -75.571479000430088, 39.839294999619653 ], [ -75.57143200043015, 39.839296999619648 ], [ -75.571175000430571, 39.839305999619626 ], [ -75.571012000430812, 39.839311999619611 ], [ -75.570872000430995, 39.839316999619598 ], [ -75.570732000431235, 39.839321999619585 ], [ -75.570592000431475, 39.839326999619573 ], [ -75.570475000431657, 39.839330999619563 ], [ -75.570370000431808, 39.839333999619612 ], [ -75.57024100043202, 39.839338999619599 ], [ -75.570148000432141, 39.839341999619592 ], [ -75.569984000432385, 39.839347999619577 ], [ -75.569774000432744, 39.839353999619561 ], [ -75.569564000433047, 39.839360999619544 ], [ -75.569330000433411, 39.839368999619523 ], [ -75.56919000043365, 39.839372999619513 ], [ -75.569122000433708, 39.839374999619508 ], [ -75.569027000433891, 39.839377999619501 ], [ -75.568793000434255, 39.839384999619483 ], [ -75.568676000434436, 39.839387999619476 ], [ -75.568536000434619, 39.839391999619522 ], [ -75.568417000434806, 39.839394999619515 ], [ -75.568253000435107, 39.839399999619502 ], [ -75.568090000435348, 39.839404999619489 ], [ -75.568042000435412, 39.839405999619487 ], [ -75.56795000043553, 39.839407999619482 ], [ -75.567833000435712, 39.839410999619474 ], [ -75.567693000435952, 39.839414999619464 ], [ -75.567554000436189, 39.839418999619454 ], [ -75.567412000436377, 39.839421999619447 ], [ -75.567296000436556, 39.839424999619439 ], [ -75.567155000436799, 39.839428999619429 ], [ -75.567039000436978, 39.839430999619424 ], [ -75.56692200043716, 39.839433999619416 ], [ -75.566805000437341, 39.839436999619409 ], [ -75.566711000437465, 39.839438999619404 ], [ -75.566571000437705, 39.839441999619396 ], [ -75.566478000437826, 39.839443999619391 ], [ -75.566408000437946, 39.839445999619386 ], [ -75.566291000438127, 39.839447999619381 ], [ -75.566127000438371, 39.839451999619428 ], [ -75.565894000438732, 39.839455999619418 ], [ -75.565843000438804, 39.839456999619415 ], [ -75.565730000438975, 39.839459999619407 ], [ -75.565590000439215, 39.839461999619402 ], [ -75.565450000439455, 39.839464999619395 ], [ -75.565380000439518, 39.839465999619392 ], [ -75.565288000439693, 39.839467999619387 ], [ -75.565100000439998, 39.83947099961938 ], [ -75.564961000440178, 39.839473999619372 ], [ -75.564842000440365, 39.839475999619367 ], [ -75.564656000440664, 39.839478999619359 ], [ -75.564515000440906, 39.839480999619354 ], [ -75.564445000440969, 39.839481999619352 ], [ -75.564352000441147, 39.839482999619349 ], [ -75.564258000441271, 39.839484999619344 ], [ -75.564164000441451, 39.839484999619344 ], [ -75.564047000441633, 39.839487999619337 ], [ -75.563954000441754, 39.839488999619334 ], [ -75.563860000441878, 39.839489999619332 ], [ -75.563697000442176, 39.839491999619327 ], [ -75.563580000442357, 39.839493999619322 ], [ -75.563416000442601, 39.839495999619317 ], [ -75.563276000442784, 39.839496999619314 ], [ -75.563206000442904, 39.839497999619311 ], [ -75.562832000443507, 39.839501999619301 ], [ -75.562435000444111, 39.839504999619294 ], [ -75.562178000444533, 39.839506999619289 ], [ -75.561874000444959, 39.839509999619338 ], [ -75.561453000445624, 39.839511999619333 ], [ -75.561149000446107, 39.83951299961933 ], [ -75.56086900044653, 39.839513999619328 ], [ -75.560471000447137, 39.839514999619325 ], [ -75.560284000447439, 39.839515999619323 ], [ -75.56002700044786, 39.839515999619323 ], [ -75.559770000448225, 39.839515999619323 ], [ -75.559583000448526, 39.839514999619325 ], [ -75.559326000448948, 39.839514999619325 ], [ -75.55920900044913, 39.839514999619325 ], [ -75.559069000449313, 39.839513999619328 ], [ -75.558759000449811, 39.839513999619328 ], [ -75.558268000450596, 39.839511999619333 ], [ -75.5578710004512, 39.839509999619338 ], [ -75.557403000451927, 39.839506999619289 ], [ -75.55705300045247, 39.839503999619296 ], [ -75.556725000452957, 39.839500999619304 ], [ -75.556468000453378, 39.839498999619309 ], [ -75.556305000453619, 39.839496999619314 ], [ -75.556071000453983, 39.839494999619319 ], [ -75.555674000454587, 39.839489999619332 ], [ -75.555487000454889, 39.839486999619339 ], [ -75.555276000455251, 39.839483999619347 ], [ -75.555066000455554, 39.839480999619354 ], [ -75.554926000455794, 39.839478999619359 ], [ -75.554762000456037, 39.839475999619367 ], [ -75.55462200045622, 39.839473999619372 ], [ -75.5543420004567, 39.839468999619385 ], [ -75.553944000457307, 39.839461999619402 ], [ -75.553641000457787, 39.839455999619418 ], [ -75.553454000458032, 39.839452999619425 ], [ -75.553220000458396, 39.839441999619396 ], [ -75.552986000458759, 39.839442999619394 ], [ -75.5526590004593, 39.839434999619414 ], [ -75.552402000459665, 39.839428999619429 ], [ -75.552028000460268, 39.839419999619452 ], [ -75.551655000460869, 39.839409999619477 ], [ -75.551374000461294, 39.839402999619494 ], [ -75.55129900046137, 39.839399999619502 ], [ -75.551117000461659, 39.839395999619512 ], [ -75.550837000462138, 39.839387999619476 ], [ -75.550557000462561, 39.839378999619498 ], [ -75.550323000462924, 39.839371999619516 ], [ -75.550206000463106, 39.839368999619523 ], [ -75.549903000463587, 39.839358999619549 ], [ -75.54961900046402, 39.839348999619574 ], [ -75.549502000464202, 39.839345999619582 ], [ -75.549431000464324, 39.839343999619587 ], [ -75.549361000464387, 39.839340999619594 ], [ -75.549198000464685, 39.839335999619607 ], [ -75.548964000465048, 39.83932799961957 ], [ -75.54877800046529, 39.839321999619585 ], [ -75.548614000465591, 39.8393159996196 ], [ -75.548427000465836, 39.839308999619618 ], [ -75.548217000466195, 39.839300999619638 ], [ -75.548007000466498, 39.839293999619656 ], [ -75.5478200004668, 39.839286999619674 ], [ -75.547634000467099, 39.839278999619694 ], [ -75.547260000467645, 39.839264999619672 ], [ -75.547073000467947, 39.839256999619693 ], [ -75.546863000468306, 39.839248999619713 ], [ -75.546700000468547, 39.83924199961973 ], [ -75.54649000046885, 39.839232999619753 ], [ -75.54635000046909, 39.839226999619768 ], [ -75.546140000469393, 39.839217999619791 ], [ -75.545883000469814, 39.839206999619762 ], [ -75.545556000470299, 39.8391919996198 ], [ -75.545300000470718, 39.83917999961983 ], [ -75.545020000471141, 39.839166999619863 ], [ -75.544833000471442, 39.839157999619829 ], [ -75.544646000471744, 39.839149999619849 ], [ -75.544413000472105, 39.839137999619879 ], [ -75.544203000472407, 39.839127999619905 ], [ -75.543900000472888, 39.839112999619942 ], [ -75.543667000473249, 39.839100999619973 ], [ -75.543457000473552, 39.839089999619944 ], [ -75.543084000474153, 39.839069999619994 ], [ -75.542827000474574, 39.83905599962003 ], [ -75.542547000474997, 39.839040999620011 ], [ -75.542198000475537, 39.839020999620061 ], [ -75.542011000475839, 39.839010999620086 ], [ -75.541661000476381, 39.838990999620137 ], [ -75.541312000476921, 39.838969999620133 ], [ -75.540986000477403, 39.838950999620181 ], [ -75.540870000477582, 39.838891999620273 ], [ -75.540048000478862, 39.83891299962022 ], [ -75.539716000479359, 39.838924999620247 ], [ -75.539585000479576, 39.838862999620289 ], [ -75.539515000479696, 39.8388589996203 ], [ -75.539468000479758, 39.838855999620307 ], [ -75.539422000479817, 39.838852999620315 ], [ -75.539375000479879, 39.838849999620322 ], [ -75.539282000480057, 39.838843999620337 ], [ -75.53914200048024, 39.83883499962036 ], [ -75.539026000480419, 39.83882699962038 ], [ -75.538909000480601, 39.838818999620401 ], [ -75.538816000480779, 39.838812999620416 ], [ -75.538700000480958, 39.838804999620379 ], [ -75.538630000481078, 39.838799999620392 ], [ -75.538537000481199, 39.838793999620407 ], [ -75.538397000481439, 39.83878499962043 ], [ -75.538257000481622, 39.838774999620455 ], [ -75.538141000481801, 39.838766999620475 ], [ -75.53802500048198, 39.838758999620495 ], [ -75.53781500048234, 39.838743999620476 ], [ -75.537699000482519, 39.838735999620496 ], [ -75.537559000482702, 39.838725999620522 ], [ -75.537419000482942, 39.838715999620547 ], [ -75.537280000483179, 39.838705999620572 ], [ -75.537163000483361, 39.838697999620592 ], [ -75.537001000483599, 39.838685999620566 ], [ -75.53683800048384, 39.838673999620596 ], [ -75.536721000484022, 39.838664999620619 ], [ -75.536560000484258, 39.838652999620649 ], [ -75.536465000484441, 39.838645999620667 ], [ -75.536303000484679, 39.838633999620697 ], [ -75.536163000484862, 39.838622999620668 ], [ -75.536093000484982, 39.838617999620681 ], [ -75.535977000485161, 39.838608999620703 ], [ -75.53586100048534, 39.838599999620726 ], [ -75.535744000485522, 39.838590999620749 ], [ -75.5356510004857, 39.838583999620766 ], [ -75.535605000485759, 39.838579999620777 ], [ -75.53551200048588, 39.838572999620737 ], [ -75.535395000486062, 39.83856399962076 ], [ -75.535279000486241, 39.838554999620783 ], [ -75.535140000486479, 39.838543999620811 ], [ -75.53497700048672, 39.838530999620843 ], [ -75.534837000486959, 39.838518999620874 ], [ -75.534721000487139, 39.83850999962084 ], [ -75.53462800048726, 39.83850199962086 ], [ -75.534512000487439, 39.838492999620883 ], [ -75.534396000487618, 39.838482999620908 ], [ -75.534256000487858, 39.838471999620936 ], [ -75.534117000488038, 39.838459999620966 ], [ -75.533977000488278, 39.838448999620937 ], [ -75.533838000488515, 39.838436999620967 ], [ -75.533745000488636, 39.838428999620987 ], [ -75.533582000488877, 39.838414999621023 ], [ -75.533466000489057, 39.838404999621048 ], [ -75.533283000489348, 39.838389999621029 ], [ -75.533164000489535, 39.838379999621054 ], [ -75.533071000489713, 39.838370999621077 ], [ -75.532932000489893, 39.838358999621107 ], [ -75.532746000490192, 39.838342999621148 ], [ -75.532560000490491, 39.838326999621131 ], [ -75.532351000490792, 39.838307999621179 ], [ -75.532189000491087, 39.838293999621214 ], [ -75.532026000491328, 39.838278999621195 ], [ -75.531841000491625, 39.838261999621238 ], [ -75.531748000491746, 39.838253999621259 ], [ -75.531608000491985, 39.838240999621291 ], [ -75.531469000492166, 39.838227999621324 ], [ -75.531191000492583, 39.838201999621333 ], [ -75.530982000492941, 39.838182999621381 ], [ -75.530745000493312, 39.83816099962138 ], [ -75.530629000493491, 39.838149999621407 ], [ -75.530466000493732, 39.838133999621448 ], [ -75.530280000494031, 39.838116999621491 ], [ -75.53016400049421, 39.838105999621462 ], [ -75.530072000494329, 39.838096999621484 ], [ -75.529933000494566, 39.838083999621517 ], [ -75.529770000494807, 39.838067999621558 ], [ -75.529585000495103, 39.838049999621603 ], [ -75.529492000495225, 39.838040999621569 ], [ -75.52933000049552, 39.838024999621609 ], [ -75.529190000495703, 39.838010999621645 ], [ -75.528982000496057, 39.837990999621695 ], [ -75.528843000496238, 39.837976999621674 ], [ -75.528680000496479, 39.837960999621714 ], [ -75.528425000496895, 39.83793499962178 ], [ -75.528263000497134, 39.837918999621763 ], [ -75.528101000497429, 39.837901999621806 ], [ -75.527955000497627, 39.837886999621844 ], [ -75.527893000497727, 39.837880999621859 ], [ -75.527730000497968, 39.837863999621845 ], [ -75.527568000498206, 39.837846999621888 ], [ -75.52739200049848, 39.837827999621936 ], [ -75.527267000498682, 39.837815999621967 ], [ -75.527105000498977, 39.837798999621953 ], [ -75.526966000499158, 39.83778399962199 ], [ -75.526688000499576, 39.837753999622009 ], [ -75.526503000499872, 39.837734999622057 ], [ -75.526341000500111, 39.837716999622103 ], [ -75.526202000500348, 39.837701999622141 ], [ -75.526017000500644, 39.837681999622134 ], [ -75.525855000500883, 39.83766399962218 ], [ -75.525785000501003, 39.837656999622197 ], [ -75.525739000501062, 39.837650999622213 ], [ -75.525647000501237, 39.837640999622238 ], [ -75.525554000501359, 39.837630999622206 ], [ -75.525415000501596, 39.837615999622244 ], [ -75.525230000501836, 39.837594999622297 ], [ -75.524999000502191, 39.837568999622306 ], [ -75.524838000502484, 39.837548999622356 ], [ -75.524791000502546, 39.837545999622364 ], [ -75.524721000502666, 39.837537999622384 ], [ -75.524583000502844, 39.837521999622425 ], [ -75.524444000503081, 39.837505999622408 ], [ -75.52428200050332, 39.837487999622454 ], [ -75.524166000503499, 39.837473999622489 ], [ -75.524074000503674, 39.837463999622514 ], [ -75.524028000503733, 39.837457999622472 ], [ -75.523935000503855, 39.837447999622498 ], [ -75.523866000503972, 39.837439999622518 ], [ -75.52377300050415, 39.837428999622546 ], [ -75.52370400050421, 39.837420999622566 ], [ -75.523612000504386, 39.837409999622594 ], [ -75.523542000504506, 39.837401999622557 ], [ -75.523450000504624, 39.837390999622585 ], [ -75.523381000504742, 39.837382999622605 ], [ -75.523242000504922, 39.837365999622648 ], [ -75.523103000505159, 39.837349999622688 ], [ -75.523011000505278, 39.837338999622659 ], [ -75.522942000505395, 39.837330999622679 ], [ -75.522849000505573, 39.837319999622707 ], [ -75.522780000505691, 39.83731099962273 ], [ -75.52273400050575, 39.837305999622743 ], [ -75.52266400050587, 39.837297999622763 ], [ -75.522618000505929, 39.837291999622778 ], [ -75.522549000506046, 39.837283999622741 ], [ -75.522480000506107, 39.837274999622764 ], [ -75.522387000506285, 39.837263999622792 ], [ -75.522295000506404, 39.83725299962282 ], [ -75.522249000506463, 39.837246999622835 ], [ -75.522156000506641, 39.837235999622862 ], [ -75.5221100005067, 39.837229999622878 ], [ -75.522085000506763, 39.837220999622843 ], [ -75.521972000506935, 39.837212999622864 ], [ -75.521902000506998, 39.837204999622884 ], [ -75.521810000507173, 39.837193999622912 ], [ -75.521718000507292, 39.837181999622942 ], [ -75.521672000507408, 39.837176999622955 ], [ -75.521575000507539, 39.837164999622928 ], [ -75.521459000507718, 39.837149999622966 ], [ -75.521321000507953, 39.837132999623009 ], [ -75.52120600050813, 39.837118999623044 ], [ -75.521136000508193, 39.83710999962301 ], [ -75.520998000508428, 39.837092999623053 ], [ -75.520952000508487, 39.837086999623068 ], [ -75.520767000508783, 39.837062999623129 ], [ -75.520629000509018, 39.837045999623115 ], [ -75.520491000509196, 39.83702799962316 ], [ -75.520306000509493, 39.837004999623218 ], [ -75.520145000509729, 39.836983999623214 ], [ -75.519983000510024, 39.836962999623267 ], [ -75.51982200051026, 39.83694199962332 ], [ -75.519730000510378, 39.836929999623294 ], [ -75.519661000510496, 39.836920999623317 ], [ -75.519545000510675, 39.836905999623355 ], [ -75.518656000512067, 39.836788999623536 ], [ -75.518440000512385, 39.836759999623553 ], [ -75.518255000512681, 39.836734999623616 ], [ -75.518094000512917, 39.836712999623671 ], [ -75.51793300051321, 39.836691999623667 ], [ -75.517726000513505, 39.836662999623741 ], [ -75.517519000513857, 39.836634999623755 ], [ -75.517358000514093, 39.83661299962381 ], [ -75.51724300051427, 39.83659699962385 ], [ -75.517197000514329, 39.836590999623866 ], [ -75.517128000514447, 39.836580999623834 ], [ -75.517059000514564, 39.836570999623859 ], [ -75.516990000514625, 39.836561999623882 ], [ -75.5168980005148, 39.836548999623915 ], [ -75.516806000514919, 39.836535999623948 ], [ -75.516714000515094, 39.836522999623924 ], [ -75.516645000515211, 39.836513999623946 ], [ -75.516576000515272, 39.836503999623972 ], [ -75.516484000515447, 39.836490999624004 ], [ -75.516415000515565, 39.83648099962403 ], [ -75.516323000515683, 39.836468999624003 ], [ -75.516277000515743, 39.836461999624021 ], [ -75.516254000515801, 39.836458999624028 ], [ -75.51620800051586, 39.836451999624046 ], [ -75.516162000515919, 39.836445999624061 ], [ -75.516047000516096, 39.836428999624104 ], [ -75.515978000516213, 39.836419999624127 ], [ -75.515932000516273, 39.836412999624145 ], [ -75.515886000516389, 39.836406999624103 ], [ -75.51586300051639, 39.836402999624113 ], [ -75.515817000516449, 39.836396999624128 ], [ -75.515748000516567, 39.836386999624153 ], [ -75.515679000516684, 39.836376999624179 ], [ -75.515610000516801, 39.836366999624204 ], [ -75.515564000516861, 39.836360999624219 ], [ -75.515495000516978, 39.836350999624187 ], [ -75.515449000517037, 39.836343999624205 ], [ -75.515380000517155, 39.83633399962423 ], [ -75.515334000517214, 39.836326999624248 ], [ -75.515266000517329, 39.836316999624273 ], [ -75.515220000517388, 39.836310999624288 ], [ -75.515151000517506, 39.836300999624314 ], [ -75.515105000517565, 39.836293999624274 ], [ -75.51501300051774, 39.836280999624307 ], [ -75.514834000518022, 39.836254999624373 ], [ -75.514669000518268, 39.836230999624377 ], [ -75.51446300051856, 39.836199999624455 ], [ -75.514255000518915, 39.836169999624474 ], [ -75.514140000519092, 39.836152999624517 ], [ -75.513957000519383, 39.836124999624587 ], [ -75.513796000519619, 39.836100999624591 ], [ -75.513704000519738, 39.836087999624624 ], [ -75.513613000519911, 39.836073999624659 ], [ -75.513544000519971, 39.836063999624685 ], [ -75.513429000520205, 39.836045999624673 ], [ -75.513223000520497, 39.836013999624754 ], [ -75.513062000520733, 39.835990999624755 ], [ -75.512900999479314, 39.835965999624818 ], [ -75.51272799947958, 39.83593899962483 ], [ -75.512546999479866, 39.835911999624898 ], [ -75.51243699948003, 39.835894999624941 ], [ -75.512278999480316, 39.835870999624944 ], [ -75.51209499948061, 39.835841999625018 ], [ -75.511911999480844, 39.835813999625032 ], [ -75.511796999481021, 39.835795999625077 ], [ -75.511613999481312, 39.835766999625093 ], [ -75.511499999481487, 39.835748999625139 ], [ -75.511430999481604, 39.835737999625167 ], [ -75.511293999481836, 39.835715999625222 ], [ -75.51090499948242, 39.835653999625322 ], [ -75.510537999483006, 39.835594999625414 ], [ -75.510126999483646, 39.835528999625467 ], [ -75.509760999484229, 39.835468999625562 ], [ -75.509371999484813, 39.835404999625666 ], [ -75.509120999485219, 39.83536399962577 ], [ -75.508868999485571, 39.835321999625819 ], [ -75.508549999486092, 39.835267999625898 ], [ -75.508229999486559, 39.835214999625975 ], [ -75.508001999486908, 39.835175999626017 ], [ -75.507635999487491, 39.835113999626117 ], [ -75.507498999487723, 39.835090999626175 ], [ -75.507407999487839, 39.835074999626215 ], [ -75.507225999488128, 39.835043999626237 ], [ -75.506974999488534, 39.835000999626288 ], [ -75.506654999489001, 39.834944999626373 ], [ -75.506404999489405, 39.834901999626481 ], [ -75.506107999489871, 39.834849999626556 ], [ -75.505902999490218, 39.83481399962659 ], [ -75.505515999490797, 39.834744999626707 ], [ -75.50521999949126, 39.834692999626782 ], [ -75.505037999491549, 39.834659999626865 ], [ -75.504809999491897, 39.834618999626912 ], [ -75.504559999492301, 39.834573999626969 ], [ -75.504286999492706, 39.834524999627035 ], [ -75.504104999492995, 39.834491999627119 ], [ -75.503944999493228, 39.834462999627135 ], [ -75.503740999493573, 39.834424999627231 ], [ -75.503376999494094, 39.834357999627287 ], [ -75.503102999494558, 39.834307999627413 ], [ -75.502830999494961, 39.834256999627485 ], [ -75.50251299949548, 39.834196999627579 ], [ -75.502421999495596, 39.834179999627565 ], [ -75.502240999495882, 39.834144999627654 ], [ -75.502058999496171, 39.834110999627683 ], [ -75.501831999496517, 39.834066999627737 ], [ -75.501604999496863, 39.834023999627846 ], [ -75.501403999497199, 39.833984999627887 ], [ -75.501196999497495, 39.833944999627931 ], [ -75.500992999497839, 39.83390599962803 ], [ -75.500766999498182, 39.833861999628084 ], [ -75.500475999498633, 39.833804999628171 ], [ -75.500335999498816, 39.833776999628185 ], [ -75.500222999498988, 39.833754999628241 ], [ -75.50013199949916, 39.833736999628286 ], [ -75.500018999499332, 39.833714999628285 ], [ -75.499905999499504, 39.83369299962834 ], [ -75.499769999499733, 39.833665999628408 ], [ -75.499633999499906, 39.83363899962842 ], [ -75.499497999500136, 39.833611999628488 ], [ -75.499294999500478, 39.833570999628535 ], [ -75.499113999500707, 39.833534999628569 ], [ -75.49902299950088, 39.833516999628614 ], [ -75.498955999500993, 39.833502999628649 ], [ -75.498887999501108, 39.833488999628685 ], [ -75.498774999501279, 39.833466999628683 ], [ -75.498593999501566, 39.83342999962872 ], [ -75.49834499950191, 39.833379999628846 ], [ -75.498186999502195, 39.833346999628873 ], [ -75.49798399950248, 39.833305999628919 ], [ -75.497779999502825, 39.833263999629025 ], [ -75.497553999503168, 39.833217999629085 ], [ -75.497395999503397, 39.833184999629111 ], [ -75.49721599950368, 39.833147999629205 ], [ -75.497012999503966, 39.833105999629254 ], [ -75.496831999504252, 39.833067999629293 ], [ -75.496673999504537, 39.833034999629376 ], [ -75.496515999504766, 39.833001999629403 ], [ -75.49633599950505, 39.832963999629499 ], [ -75.496177999505278, 39.832930999629525 ], [ -75.496019999505506, 39.832897999629552 ], [ -75.495861999505792, 39.832863999629637 ], [ -75.495659999506074, 39.832820999629689 ], [ -75.495569999506245, 39.832801999629737 ], [ -75.495501999506359, 39.832787999629772 ], [ -75.495388999506531, 39.832763999629776 ], [ -75.495257999506691, 39.832734999629849 ], [ -75.49514199950687, 39.832710999629853 ], [ -75.494960999507157, 39.832671999629952 ], [ -75.494780999507441, 39.832632999629993 ], [ -75.494510999507895, 39.832574999630083 ], [ -75.494375999508065, 39.832545999630099 ], [ -75.494218999508348, 39.832510999630188 ], [ -75.494036999508637, 39.832471999630229 ], [ -75.49383499950892, 39.832426999630286 ], [ -75.493564999509317, 39.832367999630378 ], [ -75.49349799950943, 39.832352999630416 ], [ -75.493295999509769, 39.832307999630473 ], [ -75.49307099951011, 39.832257999630542 ], [ -75.493003999510222, 39.83224299963058 ], [ -75.492958999510279, 39.832232999630605 ], [ -75.492913999510336, 39.832222999630631 ], [ -75.49284599951045, 39.832207999630668 ], [ -75.492801999510505, 39.832197999630637 ], [ -75.492756999510618, 39.832187999630662 ], [ -75.492711999510675, 39.832177999630687 ], [ -75.492554999510901, 39.832142999630719 ], [ -75.492441999511072, 39.832117999630782 ], [ -75.492262999511354, 39.832076999630829 ], [ -75.492195999511466, 39.832061999630866 ], [ -75.492060999511693, 39.832031999630942 ], [ -75.491948999511862, 39.832006999630948 ], [ -75.491791999512088, 39.831970999631039 ], [ -75.491746999512145, 39.831960999631008 ], [ -75.49161299951237, 39.831929999631086 ], [ -75.491500999512539, 39.831904999631092 ], [ -75.491275999512879, 39.831852999631224 ], [ -75.491208999512992, 39.831837999631205 ], [ -75.491074999513216, 39.831806999631283 ], [ -75.490962999513386, 39.831781999631289 ], [ -75.490760999513668, 39.831734999631351 ], [ -75.490604999513948, 39.831698999631442 ], [ -75.490469999514175, 39.831667999631463 ], [ -75.490223999514512, 39.83161099963155 ], [ -75.490066999514795, 39.831573999631644 ], [ -75.489865999515075, 39.831526999631706 ], [ -75.489686999515357, 39.831484999631755 ], [ -75.48953099951558, 39.831448999631846 ], [ -75.489373999515863, 39.831411999631882 ], [ -75.48923999951603, 39.831379999631906 ], [ -75.489038999516367, 39.831332999632025 ], [ -75.488882999516591, 39.831295999632061 ], [ -75.488703999516872, 39.831252999632113 ], [ -75.488591999517041, 39.831226999632179 ], [ -75.488457999517266, 39.831194999632203 ], [ -75.48832399951749, 39.831162999632284 ], [ -75.488234999517601, 39.831140999632282 ], [ -75.488033999517938, 39.831092999632403 ], [ -75.487654999518497, 39.83100199963252 ], [ -75.487453999518834, 39.830952999632586 ], [ -75.487186999519224, 39.830887999632694 ], [ -75.487097999519392, 39.830865999632749 ], [ -75.486941999519615, 39.830827999632788 ], [ -75.486562999520231, 39.830735999632907 ], [ -75.486362999520509, 39.830685999633033 ], [ -75.486028999521068, 39.830603999633126 ], [ -75.485916999521237, 39.830575999633197 ], [ -75.485783999521402, 39.830542999633224 ], [ -75.485471999521906, 39.830465999633361 ], [ -75.485360999522072, 39.830437999633375 ], [ -75.485227999522294, 39.830404999633458 ], [ -75.484869999522857, 39.830314999633572 ], [ -75.484714999523078, 39.830274999633673 ], [ -75.4845819995233, 39.830240999633702 ], [ -75.484337999523689, 39.830178999633802 ], [ -75.484226999523855, 39.830150999633815 ], [ -75.484004999524188, 39.830093999633903 ], [ -75.483738999524576, 39.830025999634017 ], [ -75.483649999524744, 39.830002999634075 ], [ -75.483427999525077, 39.829945999634162 ], [ -75.483117999525575, 39.829865999634308 ], [ -75.48298499952574, 39.829831999634337 ], [ -75.482829999526018, 39.829790999634383 ], [ -75.482563999526405, 39.829721999634501 ], [ -75.482431999526625, 39.829686999634532 ], [ -75.482254999526901, 39.829640999634648 ], [ -75.481988999527289, 39.829570999634711 ], [ -75.481855999527511, 39.8295359996348 ], [ -75.481701999527786, 39.829494999634846 ], [ -75.481546999528007, 39.829453999634893 ], [ -75.481458999528115, 39.829430999634951 ], [ -75.481325999528337, 39.829395999634983 ], [ -75.481214999528504, 39.829365999635058 ], [ -75.481104999528668, 39.829336999635075 ], [ -75.481038999528778, 39.82931899963512 ], [ -75.4764619995359, 39.827940999637292 ], [ -75.47535299953762, 39.827614999637774 ], [ -75.473311999540783, 39.827016999638715 ], [ -75.472659999541804, 39.826801999639031 ], [ -75.472636999541805, 39.826810999639008 ], [ -75.47244499954212, 39.826883999638881 ], [ -75.472374999542239, 39.826862999638934 ], [ -75.472178999542564, 39.826803999639026 ], [ -75.472113999542614, 39.826784999639074 ], [ -75.471851999543048, 39.826705999639159 ], [ -75.471634999543369, 39.826639999639269 ], [ -75.471547999543532, 39.826613999639335 ], [ -75.471308999543908, 39.826540999639462 ], [ -75.471112999544175, 39.826480999639557 ], [ -75.470960999544445, 39.826434999639616 ], [ -75.470786999544714, 39.826380999639696 ], [ -75.470656999544929, 39.82634099963974 ], [ -75.470548999545088, 39.826307999639823 ], [ -75.470417999545248, 39.826267999639867 ], [ -75.470331999545408, 39.826240999639879 ], [ -75.470179999545621, 39.826193999639997 ], [ -75.469983999545946, 39.826133999640092 ], [ -75.469572999546585, 39.826005999640245 ], [ -75.469290999547013, 39.82591799964041 ], [ -75.469008999547441, 39.825829999640519 ], [ -75.468532999548188, 39.825679999640784 ], [ -75.46818699954872, 39.825570999640945 ], [ -75.467927999549147, 39.825487999641098 ], [ -75.467449999549899, 39.825335999641311 ], [ -75.467190999550269, 39.825252999641464 ], [ -75.467083999550425, 39.825217999641495 ], [ -75.466824999550852, 39.825134999641648 ], [ -75.466328999551592, 39.824973999641884 ], [ -75.466092999551961, 39.824896999641965 ], [ -75.465855999552332, 39.824819999642102 ], [ -75.465597999552756, 39.82473499964226 ], [ -75.465296999553232, 39.824635999642396 ], [ -75.465124999553495, 39.824579999642481 ], [ -75.464759999554076, 39.824458999642673 ], [ -75.464372999554655, 39.824330999642882 ], [ -75.464222999554863, 39.824280999642951 ], [ -75.464115999555077, 39.824244999642985 ], [ -75.463793999555548, 39.824136999643144 ], [ -75.463408999556179, 39.824007999643356 ], [ -75.463237999556441, 39.823949999643446 ], [ -75.463065999556704, 39.823891999643536 ], [ -75.462894999556966, 39.823833999643625 ], [ -75.462702999557223, 39.823768999643733 ], [ -75.462466999557591, 39.823688999643878 ], [ -75.462338999557801, 39.823644999643932 ], [ -75.46208299955822, 39.823556999644097 ], [ -75.461783999558691, 39.823454999644241 ], [ -75.461533999559038, 39.823368999644345 ], [ -75.461292999559419, 39.823285999644497 ], [ -75.461100999559733, 39.82321899964461 ], [ -75.460845999560149, 39.823129999644721 ], [ -75.460589999560511, 39.823040999644888 ], [ -75.460355999560875, 39.822959999644979 ], [ -75.460057999561343, 39.822854999645187 ], [ -75.459738999561864, 39.822742999645357 ], [ -75.459292999562535, 39.822585999645582 ], [ -75.458655999563518, 39.822358999645928 ], [ -75.458591999563623, 39.822336999645984 ], [ -75.458485999563777, 39.822298999646023 ], [ -75.458358999563984, 39.822252999646082 ], [ -75.458231999564191, 39.822207999646139 ], [ -75.4580419995645, 39.822138999646256 ], [ -75.457956999564601, 39.822107999646335 ], [ -75.457787999564857, 39.822046999646432 ], [ -75.45763899956512, 39.821993999646509 ], [ -75.457448999565429, 39.821924999646626 ], [ -75.457279999565685, 39.821863999646723 ], [ -75.457110999565941, 39.821801999646823 ], [ -75.456941999566197, 39.821739999646866 ], [ -75.456835999566351, 39.821701999646962 ], [ -75.456666999566608, 39.821639999647061 ], [ -75.456497999566864, 39.821577999647161 ], [ -75.45632899956712, 39.821515999647261 ], [ -75.456244999567275, 39.821484999647282 ], [ -75.456096999567478, 39.821430999647362 ], [ -75.455928999567789, 39.821368999647461 ], [ -75.455717999568094, 39.821290999647601 ], [ -75.455527999568403, 39.821220999647721 ], [ -75.455359999568657, 39.821157999647824 ], [ -75.455169999568966, 39.821087999647887 ], [ -75.455022999569167, 39.821032999647969 ], [ -75.454915999569323, 39.82099299964807 ], [ -75.454749999569572, 39.820930999648169 ], [ -75.454602999569829, 39.820875999648251 ], [ -75.45449799956998, 39.820836999648293 ], [ -75.45434999957024, 39.820780999648377 ], [ -75.454181999570494, 39.82071799964848 ], [ -75.454035999570692, 39.820665999648554 ], [ -75.45395099957085, 39.820630999648643 ], [ -75.45374199957115, 39.820551999648728 ], [ -75.453594999571408, 39.820495999648813 ], [ -75.453489999571559, 39.820456999648911 ], [ -75.453300999571866, 39.820384999648979 ], [ -75.453112999572113, 39.820312999649104 ], [ -75.452881999572469, 39.82022499964927 ], [ -75.452672999572826, 39.820144999649358 ], [ -75.452442999573179, 39.820056999649523 ], [ -75.452191999573586, 39.819960999649652 ], [ -75.451877999574037, 39.819839999649844 ], [ -75.451606999574494, 39.819734999649995 ], [ -75.451272999574996, 39.81960499965021 ], [ -75.451000999575399, 39.819498999650364 ], [ -75.450750999575803, 39.819401999650495 ], [ -75.450500999576207, 39.819303999650685 ], [ -75.450417999576302, 39.819270999650712 ], [ -75.450251999576551, 39.819204999650822 ], [ -75.450105999576806, 39.819147999650909 ], [ -75.450063999576855, 39.819130999650952 ], [ -75.449980999577008, 39.819098999650976 ], [ -75.449897999577104, 39.819065999651059 ], [ -75.449835999577203, 39.819040999651065 ], [ -75.449793999577309, 39.819023999651108 ], [ -75.449752999577356, 39.819007999651149 ], [ -75.449668999577455, 39.818974999651175 ], [ -75.449585999577607, 39.818941999651258 ], [ -75.449544999577654, 39.818924999651244 ], [ -75.449515999577727, 39.81891499965127 ], [ -75.449398999577909, 39.818867999651332 ], [ -75.449315999578005, 39.818834999651415 ], [ -75.449191999578204, 39.818784999651484 ], [ -75.449004999578506, 39.818709999651617 ], [ -75.448942999578605, 39.818684999651623 ], [ -75.448797999578858, 39.818626999651713 ], [ -75.448672999579003, 39.818576999651782 ], [ -75.448486999579302, 39.818501999651915 ], [ -75.448424999579402, 39.818476999651978 ], [ -75.448279999579654, 39.818418999652067 ], [ -75.44813499957985, 39.818359999652159 ], [ -75.447906999580198, 39.818267999652278 ], [ -75.44776199958045, 39.818209999652368 ], [ -75.44763799958065, 39.818158999652439 ], [ -75.447451999580949, 39.818083999652572 ], [ -75.447327999581091, 39.818032999652644 ], [ -75.447224999581294, 39.817990999652693 ], [ -75.447121999581441, 39.817948999652799 ], [ -75.44699799958164, 39.817897999652871 ], [ -75.446894999581787, 39.81785599965292 ], [ -75.446770999581986, 39.817804999652992 ], [ -75.446626999582179, 39.817745999653084 ], [ -75.446502999582378, 39.817694999653156 ], [ -75.446399999582582, 39.817651999653265 ], [ -75.446296999582728, 39.817609999653314 ], [ -75.446213999582824, 39.817575999653343 ], [ -75.446193999582874, 39.817566999653366 ], [ -75.446090999583021, 39.817524999653415 ], [ -75.44602899958312, 39.81749899965348 ], [ -75.445987999583167, 39.817481999653523 ], [ -75.445863999583366, 39.817430999653595 ], [ -75.445781999583517, 39.817396999653624 ], [ -75.445720999583614, 39.81737099965369 ], [ -75.44563799958371, 39.817336999653719 ], [ -75.445596999583813, 39.817319999653762 ], [ -75.445472999584013, 39.817268999653834 ], [ -75.445390999584106, 39.817233999653865 ], [ -75.445267999584303, 39.817182999653994 ], [ -75.445185999584453, 39.817148999654023 ], [ -75.445041999584646, 39.817088999654118 ], [ -75.444959999584796, 39.817053999654149 ], [ -75.444774999585093, 39.816976999654287 ], [ -75.444589999585389, 39.816898999654427 ], [ -75.444467999585527, 39.816847999654499 ], [ -75.444343999585726, 39.816794999654576 ], [ -75.444241999585927, 39.816751999654628 ], [ -75.444118999586067, 39.816699999654702 ], [ -75.44401599958627, 39.816656999654811 ], [ -75.443892999586467, 39.816604999654885 ], [ -75.443811999586558, 39.816569999654917 ], [ -75.443647999586801, 39.816500999655034 ], [ -75.443545999587002, 39.816456999655088 ], [ -75.443442999587148, 39.816412999655142 ], [ -75.443340999587292, 39.816369999655251 ], [ -75.443217999587489, 39.816317999655325 ], [ -75.443115999587633, 39.81627399965538 ], [ -75.442993999587827, 39.816220999655457 ], [ -75.442890999587974, 39.816177999655508 ], [ -75.442768999588168, 39.816124999655585 ], [ -75.442666999588369, 39.816080999655696 ], [ -75.442543999588565, 39.816028999655771 ], [ -75.442421999588703, 39.815975999655848 ], [ -75.442299999588897, 39.815922999655925 ], [ -75.442217999589047, 39.815887999655956 ], [ -75.442156999589145, 39.815860999656024 ], [ -75.442072999589243, 39.815824999656058 ], [ -75.44201199958934, 39.815798999656124 ], [ -75.44192999958949, 39.815762999656158 ], [ -75.441848999589638, 39.815727999656247 ], [ -75.441766999589731, 39.815692999656278 ], [ -75.441705999589828, 39.815665999656346 ], [ -75.441665999589929, 39.815647999656335 ], [ -75.44160499958997, 39.8156219996564 ], [ -75.44152299959012, 39.815585999656435 ], [ -75.441400999590314, 39.815532999656511 ], [ -75.441319999590462, 39.8154979996566 ], [ -75.441237999590555, 39.815461999656634 ], [ -75.441197999590656, 39.815443999656679 ], [ -75.441098999590793, 39.815398999656736 ], [ -75.440994999590941, 39.815355999656788 ], [ -75.440892999591085, 39.815310999656845 ], [ -75.440831999591182, 39.815283999656913 ], [ -75.440790999591286, 39.815265999656958 ], [ -75.440709999591377, 39.81523099965699 ], [ -75.440608999591518, 39.815185999657047 ], [ -75.440506999591719, 39.815141999657158 ], [ -75.440426999591807, 39.815105999657192 ], [ -75.440364999591907, 39.81507899965726 ], [ -75.440202999592145, 39.815006999657328 ], [ -75.440040999592441, 39.81493599965745 ], [ -75.439837999592726, 39.814845999657621 ], [ -75.439716999592918, 39.8147919996577 ], [ -75.439574999593162, 39.814728999657802 ], [ -75.439392999593451, 39.814647999657893 ], [ -75.43921099959374, 39.814566999658041 ], [ -75.439028999593972, 39.814484999658134 ], [ -75.438927999594171, 39.814439999658248 ], [ -75.438705999594504, 39.814339999658387 ], [ -75.43846299959489, 39.814230999658548 ], [ -75.438120999595412, 39.814076999658766 ], [ -75.437938999595701, 39.813994999658917 ], [ -75.437697999596082, 39.813884999659081 ], [ -75.437455999596409, 39.813774999659245 ], [ -75.437254999596746, 39.813683999659418 ], [ -75.437234999596797, 39.813673999659386 ], [ -75.437173999596894, 39.813646999659454 ], [ -75.437073999597033, 39.813600999659513 ], [ -75.436993999597178, 39.813563999659607 ], [ -75.436932999597275, 39.813536999659618 ], [ -75.436892999597319, 39.813517999659666 ], [ -75.436852999597363, 39.813499999659712 ], [ -75.436772999597508, 39.813462999659748 ], [ -75.436611999597744, 39.813388999659878 ], [ -75.43645099959798, 39.813314999659951 ], [ -75.436350999598176, 39.813268999660067 ], [ -75.436230999598365, 39.81321399966015 ], [ -75.436089999598551, 39.8131489996602 ], [ -75.435989999598689, 39.813102999660316 ], [ -75.435869999598879, 39.813046999660401 ], [ -75.435749999599068, 39.812990999660485 ], [ -75.435669999599213, 39.812953999660522 ], [ -75.435569999599352, 39.812907999660581 ], [ -75.435429999599592, 39.812841999660691 ], [ -75.43532999959973, 39.81279599966075 ], [ -75.435289999599775, 39.812776999660798 ], [ -75.435169999599964, 39.812720999660883 ], [ -75.435049999600153, 39.812664999660967 ], [ -75.434909999600393, 39.812599999661074 ], [ -75.434789999600582, 39.812543999661159 ], [ -75.434669999600771, 39.812487999661244 ], [ -75.434490999601053, 39.812402999661401 ], [ -75.434390999601192, 39.812355999661463 ], [ -75.434250999601431, 39.812289999661573 ], [ -75.434091999601662, 39.812214999661705 ], [ -75.433993999601796, 39.812168999661765 ], [ -75.433873999601985, 39.812111999661852 ], [ -75.433635999602359, 39.811998999662023 ], [ -75.433496999602596, 39.811932999662133 ], [ -75.433356999602779, 39.811865999662245 ], [ -75.433297999602871, 39.811837999662259 ], [ -75.433237999602966, 39.811808999662333 ], [ -75.433178999603058, 39.811780999662346 ], [ -75.433098999603203, 39.811742999662386 ], [ -75.43297999960339, 39.811685999662473 ], [ -75.432900999603532, 39.811647999662569 ], [ -75.432781999603719, 39.811590999662656 ], [ -75.432681999603858, 39.81154299966272 ], [ -75.432563999604042, 39.811485999662807 ], [ -75.432483999604131, 39.811447999662846 ], [ -75.432364999604317, 39.811389999662936 ], [ -75.43226599960451, 39.811342999663054 ], [ -75.432166999604647, 39.811294999663119 ], [ -75.432087999604789, 39.811256999663158 ], [ -75.43194899960497, 39.81118999966327 ], [ -75.431849999605163, 39.811141999663334 ], [ -75.431751999605297, 39.811093999663399 ], [ -75.431711999605341, 39.811073999663449 ], [ -75.431632999605483, 39.811035999663488 ], [ -75.43153399960562, 39.81098799966361 ], [ -75.431454999605762, 39.810949999663649 ], [ -75.431335999605949, 39.810891999663738 ], [ -75.431256999606035, 39.81085299966378 ], [ -75.431138999606219, 39.810795999663867 ], [ -75.431059999606362, 39.810756999663965 ], [ -75.430960999606498, 39.81070899966403 ], [ -75.430882999606638, 39.810669999664071 ], [ -75.430723999606869, 39.810592999664209 ], [ -75.430605999607053, 39.810534999664299 ], [ -75.430507999607244, 39.810486999664363 ], [ -75.430428999607329, 39.810447999664405 ], [ -75.430310999607514, 39.810389999664494 ], [ -75.430211999607707, 39.810340999664561 ], [ -75.43011399960784, 39.810292999664682 ], [ -75.429994999608027, 39.810234999664772 ], [ -75.42991699960811, 39.810195999664813 ], [ -75.429798999608295, 39.810137999664903 ], [ -75.429739999608387, 39.810107999664922 ], [ -75.42964099960858, 39.810059999665043 ], [ -75.429581999608672, 39.810029999665062 ], [ -75.429463999608856, 39.809971999665152 ], [ -75.42928799960913, 39.809883999665317 ], [ -75.429031999609492, 39.809756999665467 ], [ -75.428953999609632, 39.809717999665565 ], [ -75.428796999609858, 39.809639999665649 ], [ -75.428619999610135, 39.809551999665814 ], [ -75.428443999610408, 39.809462999665925 ], [ -75.428345999610599, 39.809413999666049 ], [ -75.428274999610665, 39.80937899966608 ], [ -75.428169999610873, 39.809325999666157 ], [ -75.428091999610956, 39.809285999666201 ], [ -75.428051999611057, 39.809266999666249 ], [ -75.42797399961114, 39.809226999666294 ], [ -75.427914999611232, 39.809197999666367 ], [ -75.427836999611372, 39.809157999666411 ], [ -75.427738999611506, 39.809108999666478 ], [ -75.427660999611646, 39.809069999666576 ], [ -75.427602999611736, 39.809039999666595 ], [ -75.42750499961187, 39.808990999666662 ], [ -75.427445999611962, 39.808960999666738 ], [ -75.427387999612051, 39.808930999666757 ], [ -75.427309999612191, 39.808891999666855 ], [ -75.427250999612284, 39.808861999666874 ], [ -75.427172999612424, 39.808821999666918 ], [ -75.427055999612605, 39.80876299966701 ], [ -75.426977999612689, 39.808722999667111 ], [ -75.426899999612829, 39.808683999667153 ], [ -75.426821999612969, 39.808643999667197 ], [ -75.426665999613192, 39.80856499966734 ], [ -75.426334999613687, 39.808394999667598 ], [ -75.426139999614009, 39.808295999667735 ], [ -75.425828999614509, 39.808135999668025 ], [ -75.425478999615052, 39.807955999668309 ], [ -75.425110999615583, 39.807765999668561 ], [ -75.42456899961644, 39.807482999669048 ], [ -75.424182999617017, 39.807279999669333 ], [ -75.423950999617375, 39.807157999669528 ], [ -75.423565999618006, 39.806953999669872 ], [ -75.4232579996185, 39.806790999670113 ], [ -75.423103999618718, 39.806708999670207 ], [ -75.421569999621113, 39.80564099967188 ], [ -75.420941999622073, 39.805281999672445 ], [ -75.420055999623457, 39.804773999673216 ], [ -75.418704999625561, 39.803999999674431 ], [ -75.418347999626121, 39.803797999674771 ], [ -75.417889999626823, 39.803534999675151 ], [ -75.416686999628666, 39.802850999676195 ], [ -75.4165269996289, 39.802759999676368 ], [ -75.415061999631178, 39.801918999677639 ], [ -75.406616999644314, 39.797084999685183 ], [ -75.405413999646157, 39.79639599968624 ], [ -75.405488999646082, 39.796367999686254 ], [ -75.426769999613043, 39.788401999698635 ], [ -75.436171999598457, 39.785008999703905 ], [ -75.436559999597819, 39.784896999704074 ], [ -75.438299999595131, 39.784401999704869 ], [ -75.445234999584386, 39.779452999712532 ], [ -75.450292999576504, 39.775278999719035 ], [ -75.450687999575905, 39.77506399971935 ], [ -75.450211999576652, 39.774760999719831 ], [ -75.449294999578058, 39.774435999720311 ], [ -75.45069399957589, 39.77194299972416 ], [ -75.452215999573525, 39.76923199972839 ], [ -75.452338999573328, 39.769012999728716 ], [ -75.459439999562335, 39.765810999733731 ], [ -75.461669999558865, 39.763559999737197 ], [ -75.461990999558338, 39.763129999737885 ], [ -75.46201299955834, 39.763097999737909 ], [ -75.462197999558043, 39.763196999737772 ], [ -75.463920999555341, 39.76076299974153 ], [ -75.463549999555937, 39.757013999747358 ], [ -75.466234999551773, 39.750794999757034 ], [ -75.466089999551969, 39.750838999756922 ], [ -75.466097999552005, 39.750754999757078 ], [ -75.466100999551998, 39.750718999757112 ], [ -75.46611199955197, 39.750596999757306 ], [ -75.466139999551899, 39.750464999757526 ], [ -75.466226999551793, 39.750301999757767 ], [ -75.466303999551656, 39.750156999758019 ], [ -75.466424999551464, 39.75000199975824 ], [ -75.466567999551273, 39.749847999758458 ], [ -75.467512999549797, 39.747656999761887 ], [ -75.467654999549552, 39.747193999762601 ], [ -75.467657999549544, 39.747182999762629 ], [ -75.467667999549519, 39.74715199976265 ], [ -75.467671999549509, 39.747141999762675 ], [ -75.467683999549536, 39.747103999762771 ], [ -75.467695999549505, 39.74706599976281 ], [ -75.467881999549206, 39.746464999763759 ], [ -75.467903999549151, 39.746134999764251 ], [ -75.468016999548979, 39.745810999764728 ], [ -75.468173999548753, 39.745585999765126 ], [ -75.469063999547359, 39.743597999768213 ], [ -75.469094999547337, 39.743531999768265 ], [ -75.469235999547095, 39.743217999768774 ], [ -75.469252999547109, 39.743178999768816 ], [ -75.469305999546975, 39.743060999769 ], [ -75.469323999546987, 39.743022999769096 ], [ -75.469395999546862, 39.742860999769334 ], [ -75.469491999546733, 39.742752999769493 ], [ -75.469538999546614, 39.742701999769565 ], [ -75.469949999545975, 39.742391999770064 ], [ -75.4700639995458, 39.742343999770128 ], [ -75.470122999545708, 39.742318999770191 ], [ -75.470167999545652, 39.742293999770197 ], [ -75.470201999545623, 39.742269999770258 ], [ -75.470236999545534, 39.742237999770282 ], [ -75.470281999545477, 39.742189999770346 ], [ -75.470319999545438, 39.742143999770462 ], [ -75.470349999545363, 39.742099999770517 ], [ -75.470387999545324, 39.742033999770626 ], [ -75.470419999545243, 39.741982999770698 ], [ -75.470443999545239, 39.741948999770727 ], [ -75.470480999545202, 39.741897999770799 ], [ -75.47048999954518, 39.74187799977085 ], [ -75.470503999545144, 39.741846999770928 ], [ -75.470531999545074, 39.741776999770991 ], [ -75.470546999545093, 39.741705999771114 ], [ -75.470558999545062, 39.741636999771231 ], [ -75.470569999545035, 39.741607999771247 ], [ -75.470604999545003, 39.741476999771464 ], [ -75.470639999544915, 39.74103199977219 ], [ -75.470689999544845, 39.740855999772464 ], [ -75.47076599954471, 39.74075299977261 ], [ -75.470846999544619, 39.740646999772764 ], [ -75.470885999544521, 39.74048999977299 ], [ -75.470917999544497, 39.740366999773187 ], [ -75.470925999544477, 39.740354999773217 ], [ -75.470959999544448, 39.740311999773269 ], [ -75.471231999543988, 39.740061999773673 ], [ -75.471336999543837, 39.739966999773799 ], [ -75.471387999543765, 39.739919999773917 ], [ -75.471539999543552, 39.7397799997741 ], [ -75.471591999543477, 39.73973399977416 ], [ -75.471922999542926, 39.73930699977484 ], [ -75.471902999542976, 39.73929099977488 ], [ -75.47195199954291, 39.739241999774947 ], [ -75.471963999542879, 39.739229999774977 ], [ -75.472120999542653, 39.739054999775249 ], [ -75.472220999542458, 39.738932999775443 ], [ -75.47229299954239, 39.738885999775505 ], [ -75.472346999542253, 39.738825999775599 ], [ -75.472377999542232, 39.738791999775628 ], [ -75.47243299954215, 39.738731999775723 ], [ -75.472749999541634, 39.738535999776047 ], [ -75.472830999541543, 39.738486999776114 ], [ -75.472875999541429, 39.738429999776201 ], [ -75.47291399954139, 39.738361999776316 ], [ -75.473027999541216, 39.738160999776596 ], [ -75.473066999541174, 39.738093999776709 ], [ -75.473178999541005, 39.737894999777041 ], [ -75.473231999540928, 39.737793999777182 ], [ -75.473264999540845, 39.737731999777282 ], [ -75.47327899954081, 39.737713999777327 ], [ -75.473297999540819, 39.737689999777331 ], [ -75.473314999540776, 39.737637999777462 ], [ -75.473423999540614, 39.737434999777747 ], [ -75.473580999540388, 39.737177999778169 ], [ -75.473606999540323, 39.73713099977823 ], [ -75.47375199954007, 39.736875999778647 ], [ -75.473797999540011, 39.736795999778735 ], [ -75.47381699954002, 39.736760999778824 ], [ -75.473897999539872, 39.73659599977907 ], [ -75.47390299953986, 39.736584999779097 ], [ -75.474071999539603, 39.73623899977963 ], [ -75.474086999539566, 39.736206999779654 ], [ -75.474098999539535, 39.736179999779722 ], [ -75.474133999539504, 39.736114999779772 ], [ -75.474359999539161, 39.735691999780443 ], [ -75.474435999539025, 39.735551999780682 ], [ -75.474542999538869, 39.73535199978096 ], [ -75.474599999538782, 39.735246999781168 ], [ -75.474675999538647, 39.735165999781259 ], [ -75.474814999538467, 39.735102999781361 ], [ -75.474829999538429, 39.735095999781379 ], [ -75.474915999538268, 39.735136999781332 ], [ -75.474927999538295, 39.735120999781316 ], [ -75.475071999538045, 39.734863999781737 ], [ -75.475087999538005, 39.734836999781805 ], [ -75.475122999537973, 39.734767999781866 ], [ -75.475090999537997, 39.73471899978199 ], [ -75.475038999538128, 39.734699999781981 ], [ -75.475025999538104, 39.734688999782009 ], [ -75.475017999538125, 39.734670999782054 ], [ -75.47493399953828, 39.73452199978226 ], [ -75.474922999538308, 39.734514999782277 ], [ -75.474799999538448, 39.734495999782325 ], [ -75.474866999538392, 39.734374999782517 ], [ -75.474879999538359, 39.734354999782511 ], [ -75.474902999538301, 39.734328999782576 ], [ -75.475075999538035, 39.734208999782766 ], [ -75.475140999537928, 39.734161999782827 ], [ -75.475152999537897, 39.734147999782863 ], [ -75.475228999537819, 39.734001999783061 ], [ -75.475244999537779, 39.733971999783137 ], [ -75.475263999537731, 39.733957999783172 ], [ -75.475478999537415, 39.73379599978341 ], [ -75.475505999537347, 39.733780999783448 ], [ -75.475649999537154, 39.733701999783534 ], [ -75.475692999537102, 39.733657999783588 ], [ -75.475556999537275, 39.733531999783793 ], [ -75.47556299953726, 39.73347099978389 ], [ -75.475566999537307, 39.733429999783993 ], [ -75.475543999537308, 39.733403999784002 ], [ -75.475528999537346, 39.73338099978406 ], [ -75.475524999537356, 39.733345999784092 ], [ -75.475524999537356, 39.733317999784163 ], [ -75.475524999537356, 39.733294999784164 ], [ -75.475524999537356, 39.733270999784224 ], [ -75.475522999537361, 39.733154999784404 ], [ -75.475522999537361, 39.733083999784526 ], [ -75.475523999537359, 39.733032999784598 ], [ -75.475520999537366, 39.73298599978466 ], [ -75.47550099953736, 39.732900999784817 ], [ -75.475495999537372, 39.732874999784826 ], [ -75.475495999537372, 39.732831999784878 ], [ -75.475493999537377, 39.732412999785538 ], [ -75.475494999537375, 39.732331999785686 ], [ -75.475499999537362, 39.732294999785722 ], [ -75.475517999537374, 39.732259999785811 ], [ -75.475537999537323, 39.73222599978584 ], [ -75.475545999537303, 39.732203999785895 ], [ -75.475545999537303, 39.732192999785866 ], [ -75.475545999537303, 39.732180999785896 ], [ -75.475518999537371, 39.732150999785972 ], [ -75.475481999537408, 39.732116999786001 ], [ -75.475451999537484, 39.732082999786087 ], [ -75.475435999537467, 39.732045999786124 ], [ -75.475429999537482, 39.732005999786168 ], [ -75.475428999537485, 39.731928999786305 ], [ -75.475429999537482, 39.731863999786412 ], [ -75.475423999537497, 39.731813999786482 ], [ -75.475409999537533, 39.731760999786559 ], [ -75.475400999537555, 39.731724999786593 ], [ -75.475392999537576, 39.731705999786641 ], [ -75.475379999537552, 39.731679999786707 ], [ -75.475333999537668, 39.73160599978678 ], [ -75.475322999537639, 39.731562999786888 ], [ -75.475321999537641, 39.731524999786927 ], [ -75.475326999537629, 39.731414999787091 ], [ -75.475323999537636, 39.731366999787156 ], [ -75.475312999537664, 39.731327999787254 ], [ -75.475300999537694, 39.731299999787268 ], [ -75.475296999537704, 39.731289999787293 ], [ -75.475253999537756, 39.731237999787368 ], [ -75.475237999537796, 39.731208999787441 ], [ -75.475231999537812, 39.731172999787475 ], [ -75.475231999537812, 39.731069999787621 ], [ -75.475198999537838, 39.730993999787756 ], [ -75.475231999537812, 39.730953999787801 ], [ -75.475231999537812, 39.730698999788217 ], [ -75.475229999537817, 39.730666999788241 ], [ -75.475228999537819, 39.730639999788309 ], [ -75.475219999537842, 39.730589999788378 ], [ -75.475215999537852, 39.730576999788411 ], [ -75.475203999537825, 39.730536999788455 ], [ -75.475194999537848, 39.730490999788515 ], [ -75.475188999537863, 39.730437999788592 ], [ -75.475190999537858, 39.730413999788652 ], [ -75.475195999537846, 39.73033699978879 ], [ -75.4752139995378, 39.73020199978896 ], [ -75.475191999537856, 39.730152999789027 ], [ -75.475189999537861, 39.730112999789128 ], [ -75.475186999537868, 39.730042999789248 ], [ -75.475193999537851, 39.730012999789267 ], [ -75.475206999537818, 39.729967999789324 ], [ -75.475224999537829, 39.729899999789438 ], [ -75.475267999537721, 39.729811999789604 ], [ -75.475242999537784, 39.729819999789584 ], [ -75.475199999537836, 39.729845999789518 ], [ -75.475165999537921, 39.72984899978951 ], [ -75.475145999537915, 39.729843999789523 ], [ -75.475123999537971, 39.729823999789573 ], [ -75.475097999538036, 39.729776999789635 ], [ -75.47508199953802, 39.72973299978969 ], [ -75.47506999953805, 39.729682999789759 ], [ -75.475063999538065, 39.729622999789854 ], [ -75.475063999538065, 39.729608999789889 ], [ -75.475063999538065, 39.729539999790006 ], [ -75.475071999538045, 39.729487999790081 ], [ -75.47508199953802, 39.729446999790127 ], [ -75.475123999537971, 39.729324999790322 ], [ -75.475167999537916, 39.729229999790505 ], [ -75.475244999537779, 39.729047999790794 ], [ -75.475311999537666, 39.728894999791009 ], [ -75.475341999537648, 39.728790999791158 ], [ -75.475408999537535, 39.728565999791499 ], [ -75.475582999537266, 39.728325999791878 ], [ -75.475606999537206, 39.728285999791979 ], [ -75.475671999537099, 39.728171999792153 ], [ -75.475784999536927, 39.727943999792501 ], [ -75.475795999536899, 39.727910999792527 ], [ -75.475809999536921, 39.727853999792615 ], [ -75.475820999536893, 39.727805999792679 ], [ -75.47584599953683, 39.727758999792798 ], [ -75.475871999536821, 39.727709999792864 ], [ -75.475878999536803, 39.727674999792896 ], [ -75.475951999536676, 39.727521999793112 ], [ -75.475988999536639, 39.727492999793185 ], [ -75.476127999536402, 39.727233999793611 ], [ -75.47620299953627, 39.726957999794024 ], [ -75.476291999536159, 39.726727999794377 ], [ -75.476443999535945, 39.726548999794659 ], [ -75.476494999535817, 39.726400999794862 ], [ -75.476555999535719, 39.726257999795109 ], [ -75.476618999535674, 39.726188999795227 ], [ -75.476670999535543, 39.726132999795311 ], [ -75.476774999535394, 39.725972999795545 ], [ -75.476801999535382, 39.725930999795594 ], [ -75.476828999535314, 39.725879999795666 ], [ -75.476912999535216, 39.725717999795961 ], [ -75.47696699953508, 39.725631999796065 ], [ -75.476984999535091, 39.725595999796155 ], [ -75.477078999534911, 39.72533899979652 ], [ -75.477099999534914, 39.7252849997966 ], [ -75.477123999534854, 39.725183999796741 ], [ -75.477140999534811, 39.725109999796871 ], [ -75.47715999953482, 39.725032999797008 ], [ -75.477168999534797, 39.724994999797048 ], [ -75.477168999534797, 39.724969999797111 ], [ -75.477161999534815, 39.724959999797136 ], [ -75.477146999534853, 39.72493999979713 ], [ -75.477092999534932, 39.724862999797267 ], [ -75.476940999535145, 39.724775999797373 ], [ -75.476828999535314, 39.724727999797494 ], [ -75.476564999535753, 39.724614999797666 ], [ -75.476530999535782, 39.724598999797649 ], [ -75.476512999535828, 39.72458299979769 ], [ -75.476480999535852, 39.724529999797767 ], [ -75.476371999536013, 39.724243999798205 ], [ -75.4763149995361, 39.724095999798465 ], [ -75.476296999536146, 39.724011999798563 ], [ -75.476295999536148, 39.723991999798614 ], [ -75.476301999536133, 39.723945999798673 ], [ -75.476350999536066, 39.723760999798969 ], [ -75.476427999535929, 39.723460999799443 ], [ -75.4764619995359, 39.723334999799647 ], [ -75.476479999535854, 39.723267999799759 ], [ -75.476494999535817, 39.723237999799778 ], [ -75.476513999535825, 39.723211999799844 ], [ -75.476542999535752, 39.723188999799845 ], [ -75.476553999535724, 39.723168999799896 ], [ -75.476559999535766, 39.72312499979995 ], [ -75.476568999535743, 39.723059999800057 ], [ -75.476714999535488, 39.723021999800096 ], [ -75.476767999535411, 39.723010999800124 ], [ -75.476793999535403, 39.722969999800227 ], [ -75.476774999535394, 39.72282999980041 ], [ -75.476762999535424, 39.722815999800446 ], [ -75.476633999535636, 39.722742999800573 ], [ -75.476614999535627, 39.722731999800601 ], [ -75.476600999535663, 39.722704999800612 ], [ -75.47658999953569, 39.722664999800656 ], [ -75.476579999535716, 39.722633999800735 ], [ -75.476565999535751, 39.722610999800736 ], [ -75.476530999535782, 39.722576999800822 ], [ -75.476508999535838, 39.722555999800875 ], [ -75.476497999535809, 39.722536999800866 ], [ -75.476495999535814, 39.722515999800919 ], [ -75.476516999535818, 39.722244999801319 ], [ -75.476516999535818, 39.722224999801369 ], [ -75.476520999535808, 39.722210999801405 ], [ -75.476532999535777, 39.722197999801381 ], [ -75.476550999535732, 39.722185999801411 ], [ -75.476559999535766, 39.722168999801454 ], [ -75.476561999535761, 39.722151999801497 ], [ -75.476563999535756, 39.722086999801547 ], [ -75.476568999535743, 39.722016999801667 ], [ -75.476576999535723, 39.721944999801792 ], [ -75.476588999535693, 39.721860999801947 ], [ -75.476608999535642, 39.721700999802181 ], [ -75.476622999535664, 39.721587999802352 ], [ -75.476618999535674, 39.721436999802563 ], [ -75.47660599953565, 39.721419999802606 ], [ -75.476568999535743, 39.721353999802716 ], [ -75.476512999535828, 39.721245999802875 ], [ -75.476433999535914, 39.721060999803171 ], [ -75.476422999535941, 39.72103499980318 ], [ -75.476408999535977, 39.720997999803274 ], [ -75.476403999535989, 39.720957999803318 ], [ -75.476401999535994, 39.720855999803462 ], [ -75.476408999535977, 39.720708999803719 ], [ -75.476413999535964, 39.720609999803855 ], [ -75.476419999535949, 39.720484999804057 ], [ -75.476415999535959, 39.720465999804105 ], [ -75.476396999536007, 39.720453999804135 ], [ -75.476357999536049, 39.720441999804109 ], [ -75.476329999536119, 39.720432999804132 ], [ -75.476321999536083, 39.720424999804152 ], [ -75.476316999536095, 39.720414999804177 ], [ -75.476307999536118, 39.720240999804446 ], [ -75.476249999536208, 39.719454999805635 ], [ -75.47624899953621, 39.71937899980577 ], [ -75.476255999536193, 39.719319999805862 ], [ -75.476273999536204, 39.719237999806012 ], [ -75.476404999535987, 39.718797999806668 ], [ -75.476417999535954, 39.718751999806727 ], [ -75.476426999535931, 39.718697999806807 ], [ -75.476433999535914, 39.718611999806967 ], [ -75.476428999535926, 39.718523999807132 ], [ -75.476424999535936, 39.718442999807223 ], [ -75.476420999535947, 39.71838199980732 ], [ -75.476415999535959, 39.718276999807472 ], [ -75.476398999536002, 39.717972999807955 ], [ -75.476388999536027, 39.717819999808171 ], [ -75.476332999536112, 39.71761799980851 ], [ -75.476329999536119, 39.717577999808555 ], [ -75.476328999536122, 39.71750199980869 ], [ -75.476337999536099, 39.717437999808794 ], [ -75.476349999536069, 39.717382999808876 ], [ -75.476365999536029, 39.717330999808951 ], [ -75.476376999536001, 39.717255999809083 ], [ -75.476375999536003, 39.717193999809183 ], [ -75.476332999536112, 39.716734999809887 ], [ -75.47632599953613, 39.716668999809997 ], [ -75.476326999536127, 39.716589999810083 ], [ -75.476337999536099, 39.716463999810287 ], [ -75.476350999536066, 39.716397999810397 ], [ -75.476371999536013, 39.716329999810512 ], [ -75.476406999535982, 39.716259999810632 ], [ -75.476437999535904, 39.716198999810729 ], [ -75.476480999535852, 39.716141999810816 ], [ -75.476518999535813, 39.716100999810863 ], [ -75.4765859995357, 39.716045999810945 ], [ -75.476648999535598, 39.715988999811032 ], [ -75.476750999535454, 39.715897999811204 ], [ -75.476796999535395, 39.715857999811249 ], [ -75.47708999953494, 39.715599999811616 ], [ -75.477609999534081, 39.715139999812379 ], [ -75.477646999534045, 39.715102999812416 ], [ -75.477666999533994, 39.715083999812464 ], [ -75.477756999533881, 39.71497299981263 ], [ -75.477831999533748, 39.714868999812779 ], [ -75.477895999533644, 39.71478299981294 ], [ -75.47793199953361, 39.714753999812956 ], [ -75.478044999533438, 39.714690999813058 ], [ -75.478066999533382, 39.714672999813104 ], [ -75.478094999533369, 39.714642999813123 ], [ -75.478107999533336, 39.714624999813168 ], [ -75.4781219995333, 39.714605999813159 ], [ -75.478223999533157, 39.714414999813471 ], [ -75.478242999533109, 39.714385999813544 ], [ -75.47827299953309, 39.714354999813565 ], [ -75.478360999532924, 39.714259999813748 ], [ -75.478385999532918, 39.714227999813772 ], [ -75.47840899953286, 39.714199999813843 ], [ -75.478432999532856, 39.71416699981387 ], [ -75.478461999532783, 39.714135999813891 ], [ -75.478491999532764, 39.714106999813964 ], [ -75.478529999532668, 39.714073999813991 ], [ -75.478576999532606, 39.714039999814077 ], [ -75.478631999532524, 39.713999999814121 ], [ -75.478770999532287, 39.713915999814276 ], [ -75.478797999532276, 39.713897999814264 ], [ -75.478822999532213, 39.713870999814333 ], [ -75.479128999531724, 39.713766999814482 ], [ -75.479174999531665, 39.713751999814519 ], [ -75.479221999531603, 39.71373599981456 ], [ -75.479276999531521, 39.713720999814541 ], [ -75.479360999531366, 39.713705999814579 ], [ -75.479727999530837, 39.713664999814625 ], [ -75.479851999530638, 39.713657999814643 ], [ -75.479957999530484, 39.713658999814641 ], [ -75.480007999530415, 39.71366299981463 ], [ -75.480188999530128, 39.713677999814649 ], [ -75.480288999529932, 39.713683999814634 ], [ -75.480331999529881, 39.713683999814634 ], [ -75.480397999529771, 39.713674999814657 ], [ -75.480480999529675, 39.71366299981463 ], [ -75.480515999529587, 39.713659999814638 ], [ -75.480533999529598, 39.713657999814643 ], [ -75.481050999528748, 39.71366699981462 ], [ -75.481620999527877, 39.71367399981466 ], [ -75.481756999527647, 39.713680999814642 ], [ -75.4818829995275, 39.713685999814629 ], [ -75.482007999527298, 39.713708999814571 ], [ -75.482114999527141, 39.71373599981456 ], [ -75.482183999527024, 39.713758999814502 ], [ -75.482258999526891, 39.713794999814468 ], [ -75.482342999526736, 39.713843999814344 ], [ -75.482414999526668, 39.7138839998143 ], [ -75.48243399952662, 39.713894999814272 ], [ -75.482535999526476, 39.713970999814194 ], [ -75.482596999526379, 39.714016999814078 ], [ -75.482649999526302, 39.714067999814006 ], [ -75.482697999526238, 39.714117999813936 ], [ -75.482936999525862, 39.714411999813478 ], [ -75.483126999525552, 39.71470199981303 ], [ -75.48319799952543, 39.714789999812922 ], [ -75.483215999525385, 39.714812999812864 ], [ -75.483251999525351, 39.714850999812825 ], [ -75.483431999525067, 39.715009999812537 ], [ -75.483466999525035, 39.715052999812485 ], [ -75.483513999524973, 39.715148999812357 ], [ -75.483536999524915, 39.715218999812237 ], [ -75.483570999524829, 39.715257999812195 ], [ -75.48362499952475, 39.715287999812119 ], [ -75.483832999524452, 39.715348999812022 ], [ -75.483882999524383, 39.715362999811987 ], [ -75.484101999524057, 39.715445999811891 ], [ -75.484421999523533, 39.715586999811649 ], [ -75.484786999522953, 39.715738999811435 ], [ -75.485067999522528, 39.715837999811299 ], [ -75.485107999522484, 39.715847999811274 ], [ -75.48534199952212, 39.715897999811204 ], [ -75.485490999521858, 39.715908999811177 ], [ -75.485603999521686, 39.715907999811179 ], [ -75.485712999521525, 39.715900999811197 ], [ -75.485843999521308, 39.715885999811178 ], [ -75.48598199952113, 39.715859999811244 ], [ -75.48612599952088, 39.715821999811283 ], [ -75.486279999520661, 39.71576899981136 ], [ -75.486445999520413, 39.715706999811459 ], [ -75.487026999519514, 39.715453999811871 ], [ -75.487236999519155, 39.715358999811997 ], [ -75.487285999519088, 39.715336999812052 ], [ -75.48736299951895, 39.715282999812132 ], [ -75.487935999518072, 39.714797999812902 ], [ -75.487968999518046, 39.714785999812932 ], [ -75.48798299951801, 39.714785999812932 ], [ -75.488004999517955, 39.714794999812909 ], [ -75.488049999517898, 39.714735999813001 ], [ -75.488174999517696, 39.714735999813001 ], [ -75.488383999517396, 39.714707999813015 ], [ -75.488395999517365, 39.714699999813035 ], [ -75.488429999517336, 39.714675999813096 ], [ -75.488455999517271, 39.714658999813082 ], [ -75.488434999517324, 39.714605999813159 ], [ -75.488426999517344, 39.714584999813212 ], [ -75.488426999517344, 39.71456599981326 ], [ -75.488426999517344, 39.714548999813303 ], [ -75.488505999517201, 39.714362999813545 ], [ -75.488562999517114, 39.714262999813741 ], [ -75.488594999517034, 39.714210999813815 ], [ -75.488615999517037, 39.714181999813832 ], [ -75.488764999516775, 39.714031999814097 ], [ -75.489295999515946, 39.713537999814832 ], [ -75.489581999515508, 39.713250999815273 ], [ -75.489599999515519, 39.713231999815321 ], [ -75.489633999515434, 39.713186999815377 ], [ -75.489919999514996, 39.712772999816025 ], [ -75.49020499951456, 39.712377999816624 ], [ -75.490574999513967, 39.71192899981736 ], [ -75.490587999513991, 39.711903999817366 ], [ -75.490591999513981, 39.711877999817432 ], [ -75.490591999513981, 39.711856999817428 ], [ -75.490591999513981, 39.711842999817463 ], [ -75.49057799951396, 39.711776999817573 ], [ -75.49056999951398, 39.711743999817656 ], [ -75.490567999513985, 39.711732999817627 ], [ -75.490571999513975, 39.711710999817683 ], [ -75.490588999513989, 39.711680999817702 ], [ -75.490987999513322, 39.7112469998184 ], [ -75.491144999513097, 39.711112999818624 ], [ -75.491272999512887, 39.711001999818791 ], [ -75.491381999512726, 39.710907999818915 ], [ -75.491458999512588, 39.710841999819024 ], [ -75.491475999512602, 39.710826999819062 ], [ -75.491507999512521, 39.710809999819105 ], [ -75.491524999512535, 39.710806999819056 ], [ -75.491547999512477, 39.710803999819063 ], [ -75.491568999512424, 39.710802999819066 ], [ -75.491657999512313, 39.710818999819082 ], [ -75.491768999512146, 39.710852999818997 ], [ -75.491789999512093, 39.710858999818981 ], [ -75.491803999512058, 39.710858999818981 ], [ -75.491815999512085, 39.710851999818999 ], [ -75.491826999512057, 39.710838999819032 ], [ -75.491845999512009, 39.710802999819066 ], [ -75.491848999512001, 39.710790999819096 ], [ -75.491848999512001, 39.710780999819121 ], [ -75.491845999512009, 39.710769999819149 ], [ -75.491832999512042, 39.71075799981918 ], [ -75.491812999512035, 39.710745999819153 ], [ -75.491559999512447, 39.710645999819349 ], [ -75.491520999512545, 39.710629999819332 ], [ -75.491477999512597, 39.71060699981939 ], [ -75.491402999512673, 39.71055299981947 ], [ -75.491363999512771, 39.710508999819524 ], [ -75.491336999512782, 39.710459999819648 ], [ -75.491330999512797, 39.710433999819656 ], [ -75.4913299995128, 39.710419999819692 ], [ -75.4913299995128, 39.710395999819696 ], [ -75.491332999512792, 39.710372999819754 ], [ -75.491335999512785, 39.710351999819807 ], [ -75.49138799951271, 39.710079999820209 ], [ -75.491449999512611, 39.709806999820614 ], [ -75.491462999512635, 39.709757999820738 ], [ -75.491474999512604, 39.709723999820767 ], [ -75.491488999512569, 39.709694999820783 ], [ -75.491515999512501, 39.70964499982091 ], [ -75.491556999512454, 39.709574999820973 ], [ -75.49159299951242, 39.709508999821082 ], [ -75.491635999512312, 39.70944399982119 ], [ -75.491701999512259, 39.709332999821356 ], [ -75.491743999512153, 39.709272999821451 ], [ -75.49193799951189, 39.709017999821867 ], [ -75.49195399951185, 39.708995999821923 ], [ -75.491978999511787, 39.708969999821932 ], [ -75.491997999511796, 39.70895099982198 ], [ -75.492008999511768, 39.708930999821973 ], [ -75.492018999511743, 39.708901999822046 ], [ -75.492033999511705, 39.7088809998221 ], [ -75.492056999511703, 39.708853999822111 ], [ -75.492136999511558, 39.708775999822251 ], [ -75.492309999511292, 39.708611999822494 ], [ -75.492365999511208, 39.708556999822576 ], [ -75.492411999511148, 39.708506999822646 ], [ -75.492458999511086, 39.708449999822733 ], [ -75.492510999510955, 39.708377999822858 ], [ -75.492552999510906, 39.708305999822983 ], [ -75.492773999510575, 39.70789199982363 ], [ -75.492821999510511, 39.707801999823744 ], [ -75.49284599951045, 39.707773999823814 ], [ -75.492873999510437, 39.707752999823811 ], [ -75.492902999510363, 39.707726999823876 ], [ -75.492927999510357, 39.707713999823909 ], [ -75.49314899950997, 39.707589999824052 ], [ -75.493187999509928, 39.707596999824091 ], [ -75.493230999509876, 39.707598999824086 ], [ -75.493249999509828, 39.707598999824086 ], [ -75.493302999509751, 39.707587999824057 ], [ -75.493330999509681, 39.707576999824084 ], [ -75.493363999509654, 39.707557999824132 ], [ -75.493389999509589, 39.707535999824188 ], [ -75.493416999509577, 39.707507999824202 ], [ -75.493446999509501, 39.707469999824241 ], [ -75.493891999508833, 39.706878999825165 ], [ -75.49391299950878, 39.706841999825258 ], [ -75.493929999508794, 39.706807999825287 ], [ -75.493935999508778, 39.70678699982534 ], [ -75.493937999508773, 39.706759999825351 ], [ -75.493937999508773, 39.706744999825389 ], [ -75.493932999508786, 39.706717999825457 ], [ -75.49391699950877, 39.706682999825489 ], [ -75.493851999508877, 39.706570999825658 ], [ -75.493795999508961, 39.706475999825784 ], [ -75.493782999508994, 39.706442999825867 ], [ -75.493774999509014, 39.706413999825884 ], [ -75.493769999509027, 39.706377999825975 ], [ -75.49376899950903, 39.706323999826054 ], [ -75.493774999509014, 39.706254999826172 ], [ -75.493784999508989, 39.706199999826254 ], [ -75.493796999508959, 39.706145999826333 ], [ -75.493808999508985, 39.706106999826375 ], [ -75.493812999508975, 39.706094999826405 ], [ -75.49383099950893, 39.706053999826452 ], [ -75.493844999508894, 39.706023999826527 ], [ -75.493940999508766, 39.705858999826773 ], [ -75.494126999508467, 39.705582999827186 ], [ -75.494156999508448, 39.705535999827248 ], [ -75.494195999508349, 39.705466999827365 ], [ -75.494223999508336, 39.705404999827465 ], [ -75.494282999508243, 39.705247999827691 ], [ -75.494298999508203, 39.705210999827784 ], [ -75.494325999508135, 39.705169999827831 ], [ -75.494474999507929, 39.704952999828151 ], [ -75.494797999507455, 39.704523999828837 ], [ -75.494822999507392, 39.704490999828863 ], [ -75.494842999507341, 39.704459999828941 ], [ -75.494909999507229, 39.704348999829108 ], [ -75.494913999507276, 39.704325999829166 ], [ -75.494912999507278, 39.70430599982916 ], [ -75.494911999507281, 39.704291999829195 ], [ -75.494902999507246, 39.704271999829245 ], [ -75.494899999507254, 39.704249999829244 ], [ -75.494898999507257, 39.70421599982933 ], [ -75.494904999507241, 39.704176999829372 ], [ -75.494914999507273, 39.704133999829423 ], [ -75.495051999507041, 39.703721999830066 ], [ -75.49507199950699, 39.70366599983015 ], [ -75.495087999507007, 39.703610999830232 ], [ -75.495114999506939, 39.70346399983049 ], [ -75.495125999506911, 39.703418999830546 ], [ -75.495135999506886, 39.703386999830627 ], [ -75.495156999506889, 39.703343999830679 ], [ -75.495180999506829, 39.703299999830733 ], [ -75.495195999506791, 39.70326299983077 ], [ -75.495202999506773, 39.703219999830878 ], [ -75.495208999506815, 39.703185999830907 ], [ -75.495217999506792, 39.70316099983097 ], [ -75.495270999506715, 39.703016999831164 ], [ -75.49528099950669, 39.702982999831249 ], [ -75.49528499950668, 39.702942999831293 ], [ -75.49528499950668, 39.702894999831358 ], [ -75.495287999506672, 39.702840999831437 ], [ -75.495290999506665, 39.702821999831485 ], [ -75.495303999506632, 39.702784999831522 ], [ -75.495306999506624, 39.702751999831605 ], [ -75.495388999506531, 39.702497999831962 ], [ -75.495399999506503, 39.702465999832043 ], [ -75.495419999506453, 39.702434999832064 ], [ -75.495443999506449, 39.702401999832148 ], [ -75.495463999506399, 39.702366999832179 ], [ -75.495480999506356, 39.702330999832213 ], [ -75.495493999506323, 39.702295999832302 ], [ -75.495505999506349, 39.702234999832399 ], [ -75.495523999506304, 39.702034999832676 ], [ -75.495530999506286, 39.702004999832752 ], [ -75.495620999506173, 39.701778999833095 ], [ -75.495636999506132, 39.701761999833138 ], [ -75.495656999506082, 39.701743999833127 ], [ -75.495676999506088, 39.701729999833162 ], [ -75.495708999506007, 39.701713999833203 ], [ -75.495725999505964, 39.701700999833236 ], [ -75.495750999505958, 39.701669999833257 ], [ -75.4961069995054, 39.701175999834049 ], [ -75.496244999505166, 39.701041999834217 ], [ -75.496292999505101, 39.700977999834322 ], [ -75.496311999505053, 39.700955999834378 ], [ -75.496341999505034, 39.700935999834428 ], [ -75.496382999504988, 39.700918999834414 ], [ -75.496426999504877, 39.700899999834462 ], [ -75.496454999504863, 39.700882999834505 ], [ -75.496486999504782, 39.700857999834511 ], [ -75.496508999504783, 39.700846999834539 ], [ -75.496535999504715, 39.700840999834554 ], [ -75.496587999504641, 39.700834999834569 ], [ -75.496623999504607, 39.70082699983459 ], [ -75.496656999504523, 39.700812999834568 ], [ -75.496708999504449, 39.700782999834644 ], [ -75.496767999504357, 39.700743999834685 ], [ -75.497124999503797, 39.700460999835116 ], [ -75.49722399950366, 39.700395999835223 ], [ -75.497295999503535, 39.700353999835329 ], [ -75.497312999503549, 39.700343999835297 ], [ -75.497425999503378, 39.700289999835434 ], [ -75.497453999503307, 39.700241999835498 ], [ -75.497513999503212, 39.700249999835478 ], [ -75.498018999502449, 39.699998999835884 ], [ -75.498597999501555, 39.699727999836284 ], [ -75.498921999501022, 39.699595999836504 ], [ -75.499058999500789, 39.699539999836588 ], [ -75.499188999500632, 39.699482999836675 ], [ -75.499286999500441, 39.699448999836704 ], [ -75.499508999500108, 39.699391999836791 ], [ -75.49986899949954, 39.699305999836952 ], [ -75.499916999499476, 39.699293999836982 ], [ -75.499949999499449, 39.699285999836945 ], [ -75.499965999499409, 39.69929199983693 ], [ -75.499976999499381, 39.699303999836957 ], [ -75.500009999499355, 39.699342999836858 ], [ -75.500055999499295, 39.699400999836769 ], [ -75.500506999498555, 39.699403999836761 ], [ -75.501126999497615, 39.699407999836751 ], [ -75.502643999495263, 39.698660999837955 ], [ -75.50312999949449, 39.698510999838163 ], [ -75.503359999494137, 39.698439999838286 ], [ -75.503401999494088, 39.698427999838316 ], [ -75.503525999493888, 39.698388999838357 ], [ -75.503805999493466, 39.698339999838424 ], [ -75.504002999493139, 39.698293999838484 ], [ -75.504103999492997, 39.698270999838542 ], [ -75.504362999492571, 39.698347999838404 ], [ -75.50444399949248, 39.698312999838492 ], [ -75.504622999492199, 39.698246999838602 ], [ -75.504613999492221, 39.698226999838596 ], [ -75.504613999492221, 39.698073999838869 ], [ -75.504913999491748, 39.697945999839021 ], [ -75.506535999489188, 39.69726299984012 ], [ -75.506679999488995, 39.697164999840254 ], [ -75.506855999488721, 39.696974999840563 ], [ -75.507023999488467, 39.696727999840959 ], [ -75.507250999488122, 39.696460999841349 ], [ -75.507941999487002, 39.695806999842375 ], [ -75.508030999486891, 39.695710999842504 ], [ -75.508254999486553, 39.695469999842885 ], [ -75.508266999486523, 39.695456999842918 ], [ -75.508409999486275, 39.69526199984324 ], [ -75.508487999486192, 39.695173999843348 ], [ -75.50853899948612, 39.695071999843492 ], [ -75.508577999486022, 39.69498299984366 ], [ -75.50862899948595, 39.694866999843839 ], [ -75.508673999485893, 39.694846999843833 ], [ -75.508785999485724, 39.694798999843954 ], [ -75.50889599948556, 39.694732999844007 ], [ -75.508918999485502, 39.694683999844131 ], [ -75.508955999485465, 39.694661999844129 ], [ -75.509004999485398, 39.694609999844204 ], [ -75.509071999485286, 39.694541999844319 ], [ -75.509124999485209, 39.694478999844421 ], [ -75.509190999485099, 39.694310999844674 ], [ -75.509247999485012, 39.694227999844827 ], [ -75.509290999484961, 39.694194999844854 ], [ -75.509411999484769, 39.694172999844909 ], [ -75.509773999484196, 39.693980999845223 ], [ -75.509873999484057, 39.693914999845276 ], [ -75.509930999483913, 39.693810999845482 ], [ -75.509923999483931, 39.693662999845685 ], [ -75.509868999484013, 39.693597999845792 ], [ -75.509788999484158, 39.693502999845919 ], [ -75.509518999484555, 39.693283999846301 ], [ -75.5093769994848, 39.693129999846519 ], [ -75.509333999484852, 39.693024999846671 ], [ -75.509369999484818, 39.692887999846903 ], [ -75.509329999484862, 39.692779999847062 ], [ -75.509296999484945, 39.69269099984723 ], [ -75.50930299948493, 39.692657999847256 ], [ -75.5093149994849, 39.692590999847368 ], [ -75.509285999484916, 39.692490999847507 ], [ -75.50923699948504, 39.692309999847794 ], [ -75.509162999485113, 39.692079999848147 ], [ -75.509195999485087, 39.691843999848516 ], [ -75.509197999485082, 39.691817999848581 ], [ -75.509286999484914, 39.690290999850902 ], [ -75.509331999484857, 39.689890999851571 ], [ -75.509363999484833, 39.689606999852003 ], [ -75.509445999484683, 39.688869999853125 ], [ -75.509469999484679, 39.688656999853492 ], [ -75.509480999484651, 39.688225999854126 ], [ -75.509497999484608, 39.687501999855272 ], [ -75.509505999484588, 39.687412999855383 ], [ -75.509515999484563, 39.687393999855431 ], [ -75.509557999484514, 39.68734799985549 ], [ -75.509584999484503, 39.687318999855563 ], [ -75.509596999484472, 39.687289999855579 ], [ -75.509612999484432, 39.687243999855639 ], [ -75.509608999484442, 39.687032999856001 ], [ -75.509607999484444, 39.686970999856101 ], [ -75.509598999484467, 39.686914999856185 ], [ -75.50958199948451, 39.686863999856257 ], [ -75.509564999484496, 39.686824999856299 ], [ -75.509558999484511, 39.686780999856353 ], [ -75.509554999484521, 39.686687999856531 ], [ -75.509556999484516, 39.686617999856651 ], [ -75.509550999484532, 39.686588999856667 ], [ -75.509539999484559, 39.686565999856725 ], [ -75.509490999484626, 39.686518999856787 ] ] ] } },
{ "type": "Feature", "properties": { "permanent_": "703c60bd-b81b-4f06-bc54-d35ced641de7", "source_fea": "10005", "source_dat": "ccda6193-1739-4dd9-aa2b-1f14c80bcca4", "source_d_1": "2022 TIGER/Line Shapefile, Current County and Equivalent", "source_ori": "U.S. Census Bureau", "loaddate": "2022-11-30", "fcode": 61200, "state_fips": "10", "state_name": "Delaware", "county_fip": "005", "county_nam": "Sussex", "stco_fipsc": "10005", "population": 237378, "areasqkm": 3098.7197366199998, "gnis_id": "217269", "gnis_name": "Sussex County", "shape_Leng": null, "shape_Area": null, "ObjectID": 2 }, "geometry": { "type": "Polygon", "coordinates": [ [ [ -74.994095000284631, 38.614439000479194 ], [ -74.993519000285517, 38.612501000482212 ], [ -74.992303000287393, 38.595844000508066 ], [ -74.989669000291485, 38.577366999495098 ], [ -74.988842000292777, 38.560945999520584 ], [ -74.988045000293994, 38.552715999533348 ], [ -74.987761000294427, 38.549784999537906 ], [ -74.986251000296818, 38.539163999554376 ], [ -74.985171000298465, 38.528170999571444 ], [ -74.984778000299059, 38.518223999586894 ], [ -74.984386000299708, 38.509928999599765 ], [ -74.984165000300038, 38.500110999615003 ], [ -74.984200000300007, 38.500110999615003 ], [ -74.984200000300007, 38.497093999619665 ], [ -74.984432000299648, 38.492448999626902 ], [ -74.984664000299233, 38.486836999635614 ], [ -74.984683000299242, 38.486232999636513 ], [ -74.984896000298875, 38.479278999647306 ], [ -74.985128000298516, 38.473850999655781 ], [ -74.986184000296873, 38.466300999667453 ], [ -74.98628200029674, 38.451631999690221 ], [ -74.987701000294521, 38.451577999690301 ], [ -74.991957000287925, 38.451417999690591 ], [ -74.993377000285761, 38.451364999690668 ], [ -74.994626000283802, 38.45131799969073 ], [ -74.998375000277974, 38.45117799969097 ], [ -74.999625000276012, 38.451131999691029 ], [ -74.999820000275747, 38.451131999691029 ], [ -75.000014000275428, 38.451132999691026 ], [ -75.00954500026063, 38.451157999690963 ], [ -75.024620000237235, 38.451199999690914 ], [ -75.039306000214424, 38.451238999690872 ], [ -75.047605000201543, 38.451260999690817 ], [ -75.048739000199816, 38.451264999690807 ], [ -75.048840000199618, 38.451261999690814 ], [ -75.049268000198992, 38.451250999690842 ], [ -75.050247000197487, 38.451249999690845 ], [ -75.050583000196923, 38.451249999690845 ], [ -75.050770000196678, 38.451249999690845 ], [ -75.052232000194408, 38.451248999690847 ], [ -75.052379000194151, 38.451248999690847 ], [ -75.052405000194085, 38.451248999690847 ], [ -75.052792000193506, 38.451248999690847 ], [ -75.053584000192302, 38.451248999690847 ], [ -75.053977000191651, 38.451248999690847 ], [ -75.054575000190766, 38.451249999690845 ], [ -75.054647000190641, 38.451249999690845 ], [ -75.054955000190148, 38.45124799969085 ], [ -75.055332000189594, 38.45124799969085 ], [ -75.055393000189497, 38.45124799969085 ], [ -75.055752000188932, 38.45124799969085 ], [ -75.056666000187477, 38.451246999690852 ], [ -75.05725700018661, 38.451246999690852 ], [ -75.057663000185926, 38.451246999690852 ], [ -75.058010000185391, 38.45124799969085 ], [ -75.061801000179514, 38.45124399969086 ], [ -75.062133000179017, 38.451241999690865 ], [ -75.062700000178154, 38.45124399969086 ], [ -75.063955000176179, 38.451241999690865 ], [ -75.064719000174989, 38.451242999690862 ], [ -75.06539300017397, 38.451241999690865 ], [ -75.065643000173566, 38.451241999690865 ], [ -75.066218000172682, 38.451241999690865 ], [ -75.067181000171161, 38.451240999690867 ], [ -75.069794000167121, 38.45123999969087 ], [ -75.070231000166416, 38.451238999690872 ], [ -75.070356000166271, 38.451238999690872 ], [ -75.070997000165278, 38.45124799969085 ], [ -75.072092000163536, 38.451279999690769 ], [ -75.072353000163162, 38.451280999690766 ], [ -75.072504000162894, 38.451281999690764 ], [ -75.072519000162913, 38.451281999690764 ], [ -75.072759000162534, 38.451282999690761 ], [ -75.072850000162362, 38.451282999690761 ], [ -75.072972000162167, 38.451283999690759 ], [ -75.07309500016197, 38.451283999690759 ], [ -75.073126000161949, 38.451283999690759 ], [ -75.07321800016183, 38.451284999690756 ], [ -75.074988000159067, 38.451291999690795 ], [ -75.078485000153648, 38.451307999690755 ], [ -75.078595000153484, 38.451307999690755 ], [ -75.080298000150833, 38.451314999690737 ], [ -75.08206800014807, 38.451322999690717 ], [ -75.08261100014721, 38.451314999690737 ], [ -75.084241000144686, 38.451291999690795 ], [ -75.084785000143825, 38.451284999690756 ], [ -75.08581400014225, 38.451227999690843 ], [ -75.085909000142124, 38.451227999690843 ], [ -75.088281000138409, 38.451224999690851 ], [ -75.089649000136319, 38.451224999690851 ], [ -75.096973000124933, 38.451216999690871 ], [ -75.100178000119968, 38.451215999690874 ], [ -75.10783200010809, 38.451208999690891 ], [ -75.107924000107914, 38.451208999690891 ], [ -75.113832000098739, 38.451202999690906 ], [ -75.120192000088878, 38.451195999690924 ], [ -75.121018000087588, 38.451194999690927 ], [ -75.121330000087141, 38.451194999690927 ], [ -75.121606000086672, 38.451194999690927 ], [ -75.121881000086262, 38.451194999690927 ], [ -75.128206000076432, 38.451186999690947 ], [ -75.128916000075378, 38.451185999690949 ], [ -75.129254000074809, 38.451185999690949 ], [ -75.129426000074545, 38.451185999690949 ], [ -75.132338000070035, 38.451182999690957 ], [ -75.134005000067475, 38.451180999690962 ], [ -75.137146000062558, 38.451176999690972 ], [ -75.139545000058831, 38.45117399969098 ], [ -75.142015000055039, 38.451175999690975 ], [ -75.14220900005472, 38.451175999690975 ], [ -75.14340400005284, 38.45117799969097 ], [ -75.146919000047433, 38.451179999690964 ], [ -75.149477000043419, 38.451181999690959 ], [ -75.15250100003874, 38.451184999690952 ], [ -75.1540750000363, 38.451185999690949 ], [ -75.155493000034085, 38.451186999690947 ], [ -75.157814000030498, 38.451188999690942 ], [ -75.158149000029994, 38.451189999690939 ], [ -75.159924000027218, 38.451190999690937 ], [ -75.172829000007198, 38.451198999690916 ], [ -75.17360400000598, 38.451199999690914 ], [ -75.177073000000576, 38.451201999690909 ], [ -75.180439999995372, 38.451203999690904 ], [ -75.180895999994675, 38.451203999690904 ], [ -75.184716999988723, 38.451204999690901 ], [ -75.185553999987462, 38.451205999690899 ], [ -75.185737999987168, 38.451206999690896 ], [ -75.190346999980022, 38.451209999690889 ], [ -75.191655999977968, 38.451208999690891 ], [ -75.193249999975478, 38.451209999690889 ], [ -75.195460999972056, 38.451210999690886 ], [ -75.203777999959129, 38.451214999690876 ], [ -75.205132999957073, 38.451213999690879 ], [ -75.206375999955128, 38.451214999690876 ], [ -75.207226999953775, 38.451215999690874 ], [ -75.208409999951982, 38.451215999690874 ], [ -75.209638999950073, 38.451215999690874 ], [ -75.210799999948279, 38.451216999690871 ], [ -75.210861999948179, 38.451217999690869 ], [ -75.212448999945707, 38.451216999690871 ], [ -75.217468999937921, 38.451218999690866 ], [ -75.218500999936282, 38.451218999690866 ], [ -75.21854799993622, 38.451218999690866 ], [ -75.220281999933547, 38.451218999690866 ], [ -75.224074999927666, 38.451219999690863 ], [ -75.225564999925325, 38.451220999690861 ], [ -75.227218999922741, 38.451219999690863 ], [ -75.230731999917339, 38.451220999690861 ], [ -75.232114999915154, 38.451221999690858 ], [ -75.232705999914231, 38.451225999690848 ], [ -75.232895999913978, 38.451227999690843 ], [ -75.233106999913616, 38.451228999690841 ], [ -75.233246999913433, 38.451229999690838 ], [ -75.23410599991206, 38.451236999690877 ], [ -75.235887999909323, 38.451250999690842 ], [ -75.236268999908702, 38.451253999690834 ], [ -75.239481999903717, 38.451278999690771 ], [ -75.252863999882948, 38.45138399969062 ], [ -75.253021999882719, 38.451384999690617 ], [ -75.259780999872248, 38.451436999690543 ], [ -75.260762999870678, 38.451443999690525 ], [ -75.263275999866778, 38.451462999690477 ], [ -75.26676099986139, 38.451489999690466 ], [ -75.273026999851652, 38.451536999690404 ], [ -75.275485999847831, 38.451554999690359 ], [ -75.289094999826716, 38.45165899969021 ], [ -75.312968999789689, 38.451833999689939 ], [ -75.331474999760928, 38.451965999689719 ], [ -75.336132999753715, 38.451997999689695 ], [ -75.336978999752375, 38.452002999689682 ], [ -75.340389999747117, 38.452027999689619 ], [ -75.341290999745695, 38.452033999689604 ], [ -75.34920299973345, 38.452088999689522 ], [ -75.352829999727817, 38.452113999689516 ], [ -75.355432999723746, 38.452130999689473 ], [ -75.356359999722315, 38.452138999689453 ], [ -75.356991999721345, 38.452142999689443 ], [ -75.357200999720988, 38.45214399968944 ], [ -75.366061999707256, 38.45220199968935 ], [ -75.368211999703931, 38.452222999689297 ], [ -75.370890999699782, 38.452237999689316 ], [ -75.373916999695041, 38.452257999689266 ], [ -75.377808999689023, 38.452133999689465 ], [ -75.37843799968806, 38.45212799968948 ], [ -75.380128999685439, 38.452118999689503 ], [ -75.381063999683988, 38.452126999689483 ], [ -75.381183999683799, 38.452130999689473 ], [ -75.384209999679058, 38.452122999689493 ], [ -75.384408999678783, 38.452125999689486 ], [ -75.393711999664333, 38.452123999689491 ], [ -75.393769999664244, 38.452126999689483 ], [ -75.395041999662283, 38.45214399968944 ], [ -75.399988999654568, 38.452211999689325 ], [ -75.401989999651505, 38.452260999689258 ], [ -75.40864599964118, 38.452376999689079 ], [ -75.410056999638982, 38.452334999689128 ], [ -75.4108799996377, 38.452296999689224 ], [ -75.41234199963543, 38.45242299968902 ], [ -75.413011999634364, 38.452459999688983 ], [ -75.415559999630432, 38.452526999688871 ], [ -75.416924999628293, 38.452537999688843 ], [ -75.418665999625603, 38.45257099968876 ], [ -75.420506999622717, 38.452606999688726 ], [ -75.422585999619514, 38.452650999688672 ], [ -75.423898999617506, 38.452671999688619 ], [ -75.42630999961375, 38.452719999688554 ], [ -75.426571999613316, 38.452724999688542 ], [ -75.428642999610133, 38.452766999688492 ], [ -75.430305999607526, 38.452792999688427 ], [ -75.431580999605558, 38.452819999688415 ], [ -75.431716999605328, 38.452822999688408 ], [ -75.432396999604293, 38.45283399968838 ], [ -75.437455999596409, 38.452930999688249 ], [ -75.438561999594697, 38.452952999688193 ], [ -75.438789999594349, 38.452956999688183 ], [ -75.438981999594091, 38.452960999688173 ], [ -75.439108999593884, 38.452963999688166 ], [ -75.439227999593697, 38.452965999688161 ], [ -75.439839999592721, 38.45297799968813 ], [ -75.443026999587801, 38.453039999688031 ], [ -75.444055999586169, 38.453057999688042 ], [ -75.454328999570237, 38.453251999687723 ], [ -75.454486999570008, 38.453255999687713 ], [ -75.463589999555893, 38.453427999687449 ], [ -75.47423999953935, 38.453628999687169 ], [ -75.477003999535043, 38.453680999687037 ], [ -75.477268999534658, 38.453687999687077 ], [ -75.477539999534201, 38.453691999687067 ], [ -75.479236999531565, 38.453724999686983 ], [ -75.481446999528146, 38.453766999686934 ], [ -75.486965999519612, 38.453863999686803 ], [ -75.487058999519434, 38.453867999686793 ], [ -75.489254999516049, 38.453909999686687 ], [ -75.492790999510532, 38.453975999686577 ], [ -75.493233999509869, 38.453983999686614 ], [ -75.493496999509432, 38.453988999686601 ], [ -75.497180999503712, 38.454057999686484 ], [ -75.498829999501197, 38.454085999686413 ], [ -75.499524999500068, 38.454100999686432 ], [ -75.499757999499707, 38.454104999686422 ], [ -75.50008199949923, 38.454110999686407 ], [ -75.500230999499024, 38.454113999686399 ], [ -75.50168799949671, 38.454138999686336 ], [ -75.502533999495427, 38.45415599968635 ], [ -75.503007999494685, 38.454165999686325 ], [ -75.504458999492442, 38.454191999686259 ], [ -75.504814999491884, 38.454198999686241 ], [ -75.506022999490028, 38.45422199968624 ], [ -75.509397999484747, 38.45428399968614 ], [ -75.509886999484024, 38.454294999686113 ], [ -75.51084299948252, 38.454322999686042 ], [ -75.511578999481401, 38.454340999686053 ], [ -75.511789999481039, 38.454346999686038 ], [ -75.51585100051642, 38.454458999685869 ], [ -75.521479000507668, 38.454611999685596 ], [ -75.521666000507366, 38.454615999685586 ], [ -75.521794000507214, 38.454619999685576 ], [ -75.522700000505779, 38.454642999685575 ], [ -75.52530900050175, 38.454715999685448 ], [ -75.527100000498933, 38.454761999685388 ], [ -75.527289000498683, 38.454767999685373 ], [ -75.527878000497765, 38.45478499968533 ], [ -75.527966000497599, 38.454786999685325 ], [ -75.528499000496765, 38.454800999685347 ], [ -75.528681000496476, 38.454805999685334 ], [ -75.529131000495795, 38.454818999685301 ], [ -75.529950000494523, 38.454839999685248 ], [ -75.530549000493579, 38.454856999685262 ], [ -75.532535000490498, 38.454909999685128 ], [ -75.533804000488544, 38.454944999685097 ], [ -75.534137000488045, 38.454953999685074 ], [ -75.536362000484587, 38.455013999684979 ], [ -75.537477000482852, 38.45504399968496 ], [ -75.538034000482014, 38.455057999684925 ], [ -75.538451000481359, 38.455069999684895 ], [ -75.539503000479726, 38.455097999684881 ], [ -75.540322000478454, 38.455119999684825 ], [ -75.540517000478133, 38.45512599968481 ], [ -75.541144000477175, 38.45514199968477 ], [ -75.54155700047653, 38.455153999684796 ], [ -75.541981000475857, 38.455164999684769 ], [ -75.543505000473488, 38.455205999684722 ], [ -75.547773000466862, 38.455320999684488 ], [ -75.547913000466679, 38.455324999684535 ], [ -75.549868000463619, 38.455376999684404 ], [ -75.552443000459618, 38.455444999684346 ], [ -75.552960000458825, 38.455458999684311 ], [ -75.553113000458552, 38.455467999684288 ], [ -75.554656000456191, 38.455504999684251 ], [ -75.554851000455869, 38.455510999684236 ], [ -75.555338000455151, 38.455524999684201 ], [ -75.556698000453025, 38.455558999684172 ], [ -75.557295000452086, 38.455574999684131 ], [ -75.55748000045179, 38.455580999684116 ], [ -75.557581000451648, 38.455583999684109 ], [ -75.557980000451039, 38.455571999684139 ], [ -75.558138000450754, 38.455567999684149 ], [ -75.558208000450691, 38.455569999684144 ], [ -75.558251000450582, 38.455566999684152 ], [ -75.558394000450392, 38.455569999684144 ], [ -75.559048000449366, 38.455571999684139 ], [ -75.559077000449349, 38.455572999684136 ], [ -75.559128000449221, 38.455572999684136 ], [ -75.559280000449007, 38.455574999684131 ], [ -75.559443000448766, 38.455575999684129 ], [ -75.559975000447935, 38.455582999684111 ], [ -75.560151000447661, 38.455588999684096 ], [ -75.560292000447419, 38.455593999684083 ], [ -75.560529000447048, 38.455592999684086 ], [ -75.560762000446687, 38.455593999684083 ], [ -75.560906000446494, 38.455588999684096 ], [ -75.561273000445908, 38.455607999684048 ], [ -75.561502000445557, 38.455618999684077 ], [ -75.562348000444274, 38.455640999684022 ], [ -75.562824000443527, 38.455640999684022 ], [ -75.56295100044332, 38.455640999684022 ], [ -75.563180000442969, 38.455648999684001 ], [ -75.563394000442599, 38.455648999684001 ], [ -75.564113000441523, 38.455685999683965 ], [ -75.564352000441147, 38.455702999683922 ], [ -75.564999000440139, 38.455719999683879 ], [ -75.565088000439971, 38.455730999683851 ], [ -75.56637200043798, 38.455779999683784 ], [ -75.567518000436223, 38.455809999683765 ], [ -75.568813000434204, 38.455883999683635 ], [ -75.56983400043265, 38.455910999683624 ], [ -75.5699780004324, 38.455914999683614 ], [ -75.570150000432136, 38.455919999683601 ], [ -75.570436000431698, 38.455926999683584 ], [ -75.571106000430632, 38.455944999683538 ], [ -75.571199000430511, 38.455947999683531 ], [ -75.571278000430368, 38.455949999683526 ], [ -75.571860000429467, 38.455965999683542 ], [ -75.573149000427463, 38.455999999683456 ], [ -75.573675000426647, 38.456013999683421 ], [ -75.574222000425834, 38.456027999683442 ], [ -75.574717000425039, 38.456041999683407 ], [ -75.575448000423933, 38.456060999683359 ], [ -75.575599000423665, 38.456064999683349 ], [ -75.575771000423401, 38.456069999683336 ], [ -75.576807000421809, 38.456060999683359 ], [ -75.578030000419915, 38.456077999683316 ], [ -75.578208000419636, 38.456080999683309 ], [ -75.578424000419318, 38.456077999683316 ], [ -75.579870000417031, 38.456132999683234 ], [ -75.581001000415313, 38.456146999683256 ], [ -75.581272000414856, 38.456146999683256 ], [ -75.581613000414336, 38.456159999683223 ], [ -75.581900000413896, 38.456174999683185 ], [ -75.582529000412933, 38.456248999683055 ], [ -75.582581000412858, 38.45625099968305 ], [ -75.583566000411338, 38.456276999683041 ], [ -75.587276000405552, 38.456374999682907 ], [ -75.587527000405146, 38.45638199968289 ], [ -75.588848000403118, 38.456417999682799 ], [ -75.591574000398907, 38.456488999682676 ], [ -75.593090000396501, 38.456528999682632 ], [ -75.594589000394194, 38.456568999682588 ], [ -75.594918000393704, 38.456576999682568 ], [ -75.596916000390593, 38.456629999682491 ], [ -75.597558000389597, 38.456646999682448 ], [ -75.59768900038938, 38.456650999682438 ], [ -75.597955000388993, 38.45665799968242 ], [ -75.598218000388556, 38.456663999682405 ], [ -75.601871000382914, 38.456760999682274 ], [ -75.605267000377637, 38.456884999682075 ], [ -75.609692000370785, 38.457046999681836 ], [ -75.616046000360882, 38.45727799968148 ], [ -75.622464000350931, 38.457511999681117 ], [ -75.625500000346221, 38.457621999680953 ], [ -75.63067300033822, 38.457808999680651 ], [ -75.645873000314623, 38.458360999679769 ], [ -75.646438000313708, 38.458380999679775 ], [ -75.648057000311212, 38.458439999679683 ], [ -75.650191000307871, 38.458516999679546 ], [ -75.662571000288665, 38.458962999678874 ], [ -75.662670000288529, 38.458966999678864 ], [ -75.664889000285086, 38.459046999678719 ], [ -75.665350000284377, 38.459063999678733 ], [ -75.670248000276786, 38.459239999678459 ], [ -75.674054000270871, 38.45937599967823 ], [ -75.678710000263607, 38.459542999677979 ], [ -75.68755300024992, 38.459861999677457 ], [ -75.691563000243661, 38.460003999677269 ], [ -75.693670000240388, 38.460079999677134 ], [ -75.694194000239577, 38.466738999666802 ], [ -75.694389000239312, 38.469241999662927 ], [ -75.694807000238654, 38.474579999654622 ], [ -75.694964000238372, 38.476574999651518 ], [ -75.695945000236861, 38.489086999632093 ], [ -75.696085000236678, 38.490877999629333 ], [ -75.696203000236494, 38.492375999626972 ], [ -75.696354000236227, 38.494304999623978 ], [ -75.696526000235963, 38.496492999620614 ], [ -75.69708100023513, 38.503583999609589 ], [ -75.697692000234156, 38.511316999597625 ], [ -75.697955000233776, 38.514676999592382 ], [ -75.698022000233664, 38.515523999591096 ], [ -75.698129000233507, 38.51689599958894 ], [ -75.698220000233334, 38.518080999587085 ], [ -75.698536000232878, 38.522046999580937 ], [ -75.698953000232223, 38.52743999957255 ], [ -75.700147000230345, 38.542618999549006 ], [ -75.700374000229999, 38.545521999544519 ], [ -75.700496000229805, 38.547075999542074 ], [ -75.700499000229797, 38.547110999542042 ], [ -75.701002000229039, 38.553515999532124 ], [ -75.70146700022832, 38.559432999522926 ], [ -75.701569000228119, 38.560735999520887 ], [ -75.701627000228029, 38.561476999519755 ], [ -75.701931000227603, 38.565329999513779 ], [ -75.70277400022627, 38.576053999497105 ], [ -75.703500000225176, 38.585302999482735 ], [ -75.703911000224537, 38.590529000516312 ], [ -75.704098000224235, 38.592915000512619 ], [ -75.704234000224005, 38.594630000509937 ], [ -75.704251000223962, 38.594851000509607 ], [ -75.704268000223976, 38.595063000509299 ], [ -75.704492000223638, 38.597907000504847 ], [ -75.704644000223368, 38.599831000501865 ], [ -75.704879000223002, 38.602817000497225 ], [ -75.705007000222793, 38.604442000494714 ], [ -75.705084000222712, 38.605416000493221 ], [ -75.705089000222699, 38.605483000493109 ], [ -75.705121000222618, 38.605885000492492 ], [ -75.705174000222542, 38.6065650004914 ], [ -75.705177000222534, 38.606610000491344 ], [ -75.705311000222366, 38.608300000488725 ], [ -75.705427000222187, 38.609771000486433 ], [ -75.705448000222134, 38.61003500048605 ], [ -75.705508000222039, 38.610797000484865 ], [ -75.705724000221721, 38.613543000480604 ], [ -75.705787000221619, 38.614346000479316 ], [ -75.705809000221564, 38.614621000478905 ], [ -75.705858000221497, 38.615242000477963 ], [ -75.705945000221334, 38.616354000476235 ], [ -75.705968000221333, 38.61664700047578 ], [ -75.706049000221185, 38.617666000474173 ], [ -75.706192000220994, 38.619489000471333 ], [ -75.706347000220717, 38.621439000468342 ], [ -75.706381000220688, 38.621872000467647 ], [ -75.706486000220536, 38.623213000465569 ], [ -75.706503000220494, 38.623428000465253 ], [ -75.706700000220167, 38.625922000461401 ], [ -75.706718000220178, 38.626157000461035 ], [ -75.706763000220064, 38.626725000460112 ], [ -75.706914000219854, 38.628642000457148 ], [ -75.707055000219611, 38.630430000454396 ], [ -75.707062000219594, 38.630511000454248 ], [ -75.707203000219408, 38.632300000451494 ], [ -75.707279000219273, 38.633265000449967 ], [ -75.707444000219027, 38.635352000446744 ], [ -75.70744700021902, 38.63539600044669 ], [ -75.707453000219004, 38.635476000446545 ], [ -75.708024000218131, 38.642727000435286 ], [ -75.708317000217676, 38.64644400042954 ], [ -75.708481000217432, 38.648529000426265 ], [ -75.709348000216096, 38.659519000409205 ], [ -75.709618000215642, 38.663019000403779 ], [ -75.710726000213924, 38.677181000381836 ], [ -75.710751000213918, 38.67750200038131 ], [ -75.71085600021371, 38.678827000379272 ], [ -75.710881000213703, 38.679148000378746 ], [ -75.711084000213361, 38.681708000374783 ], [ -75.711094000213336, 38.681835000374576 ], [ -75.711298000213048, 38.684438000370562 ], [ -75.711584000212611, 38.688047000364918 ], [ -75.711745000212375, 38.690092000361744 ], [ -75.711834000212207, 38.691238000359988 ], [ -75.711894000212112, 38.6920010003588 ], [ -75.712366000211375, 38.698013000349476 ], [ -75.712613000210979, 38.70116400034459 ], [ -75.712959000210446, 38.705555000337768 ], [ -75.712964000210434, 38.705623000337653 ], [ -75.712966000210429, 38.705653000337634 ], [ -75.713032000210376, 38.706499000336294 ], [ -75.713959000208888, 38.718191000318143 ], [ -75.714003000208834, 38.718796000317241 ], [ -75.714110000208677, 38.72015000031513 ], [ -75.714623000207894, 38.726640000305053 ], [ -75.714740000207712, 38.728104000302778 ], [ -75.71500100020728, 38.731422000297641 ], [ -75.715324000206806, 38.735506000291252 ], [ -75.715684000206238, 38.740062000284183 ], [ -75.715753000206121, 38.740925000282857 ], [ -75.716493000204991, 38.750275000268346 ], [ -75.716657000204748, 38.752337000265129 ], [ -75.716954000204282, 38.756099000259326 ], [ -75.717216000203848, 38.759423000254174 ], [ -75.717620000203226, 38.764533000246217 ], [ -75.717704000203128, 38.765598000244552 ], [ -75.718228000202316, 38.772152000234371 ], [ -75.718764000201475, 38.77898900022376 ], [ -75.71938300020048, 38.786773000211724 ], [ -75.719494000200314, 38.78816400020952 ], [ -75.719673000200032, 38.790395000206104 ], [ -75.719926000199678, 38.793614000201103 ], [ -75.719998000199553, 38.794512000199688 ], [ -75.720582000198647, 38.801816000188353 ], [ -75.720586000198637, 38.801867000188281 ], [ -75.720773000198335, 38.804204000184654 ], [ -75.721080000197844, 38.808053000178688 ], [ -75.72154700019712, 38.813963000169508 ], [ -75.722055000196349, 38.820367000159536 ], [ -75.722181000196144, 38.821979000157057 ], [ -75.722226000196088, 38.822551000156182 ], [ -75.722284000195998, 38.823289000155 ], [ -75.722360000195863, 38.82425800015352 ], [ -75.722797000195214, 38.829851000144856 ], [ -75.722755000195264, 38.829853000144851 ], [ -75.718106000202454, 38.830043000144542 ], [ -75.716611000204807, 38.830095000144468 ], [ -75.713726000209249, 38.830203000144309 ], [ -75.712909000210573, 38.830233000144233 ], [ -75.711579000212623, 38.830282000144166 ], [ -75.710867000213739, 38.8303080001441 ], [ -75.710811000213823, 38.830310000144152 ], [ -75.709989000215103, 38.830340000144076 ], [ -75.704209000224068, 38.830551000143771 ], [ -75.702350000226943, 38.830619000143656 ], [ -75.700758000229428, 38.830677000143567 ], [ -75.692541000242159, 38.830977000143093 ], [ -75.689753000246469, 38.83107900014295 ], [ -75.68958600024672, 38.831085000142934 ], [ -75.68647600025156, 38.831294000142577 ], [ -75.686100000252168, 38.831282000142608 ], [ -75.683174000256713, 38.831316000142579 ], [ -75.681168000259788, 38.831386000142459 ], [ -75.679572000262283, 38.831435000142392 ], [ -75.67937100026262, 38.831441000142377 ], [ -75.673300000272036, 38.83164200014204 ], [ -75.658754000294607, 38.832121000141285 ], [ -75.648149000311093, 38.832469000140748 ], [ -75.640434000323069, 38.832726000140383 ], [ -75.639005000325255, 38.832771000140326 ], [ -75.637123000328188, 38.832833000140226 ], [ -75.627957000342406, 38.833090000139805 ], [ -75.626861000344093, 38.83314200013973 ], [ -75.625000000346972, 38.833232000139617 ], [ -75.624403000347911, 38.833294000139517 ], [ -75.623694000349019, 38.833322000139447 ], [ -75.623569000349221, 38.833326000139436 ], [ -75.622640000350657, 38.83335900013941 ], [ -75.615422000361889, 38.833616000138989 ], [ -75.613756000364447, 38.833675000138896 ], [ -75.61172300036759, 38.833742000138784 ], [ -75.602308000382209, 38.834055000138335 ], [ -75.586610000406608, 38.834501000137607 ], [ -75.584884000409261, 38.834553000137532 ], [ -75.582688000412702, 38.8346280001374 ], [ -75.582418000413099, 38.834638000137431 ], [ -75.581962000413796, 38.834653000137394 ], [ -75.580547000416004, 38.834704000137322 ], [ -75.579068000418317, 38.834758000137242 ], [ -75.573948000426242, 38.834963000136895 ], [ -75.571757000429614, 38.835037000136765 ], [ -75.570017000432358, 38.8351080001367 ], [ -75.565359000439571, 38.835289000136413 ], [ -75.55732400045207, 38.835562000135951 ], [ -75.555299000455193, 38.83563900013587 ], [ -75.555013000455631, 38.835649000135845 ], [ -75.554957000455715, 38.835681000135764 ], [ -75.55488100045585, 38.835756000135689 ], [ -75.554821000455945, 38.835816000135594 ], [ -75.554571000456292, 38.8360620001352 ], [ -75.55378400045754, 38.836903000133873 ], [ -75.553594000457849, 38.837076000133607 ], [ -75.553341000458204, 38.837284000133309 ], [ -75.553173000458514, 38.837402000133125 ], [ -75.551016000461857, 38.83871900013105 ], [ -75.550883000462022, 38.838814000130924 ], [ -75.550785000462213, 38.838896000130774 ], [ -75.550012000463369, 38.83968800012957 ], [ -75.548726000465365, 38.841077000127427 ], [ -75.548473000465776, 38.841241000127184 ], [ -75.54808700046641, 38.841418000126907 ], [ -75.545424000470518, 38.842818000124737 ], [ -75.544792000471489, 38.843132000124228 ], [ -75.54446900047202, 38.843273000123986 ], [ -75.544286000472255, 38.843333000123891 ], [ -75.544153000472477, 38.843365000123868 ], [ -75.544026000472684, 38.843370000123855 ], [ -75.54323300047389, 38.843202000124109 ], [ -75.542495000475071, 38.843030000124372 ], [ -75.541336000476861, 38.842864000124621 ], [ -75.540795000477715, 38.842880000124637 ], [ -75.540732000477817, 38.842899000124589 ], [ -75.540655000477898, 38.842944000124533 ], [ -75.540542000478069, 38.842985000124429 ], [ -75.540353000478376, 38.843099000124255 ], [ -75.539896000479075, 38.843394000123794 ], [ -75.539699000479402, 38.843534000123611 ], [ -75.539580000479589, 38.843634000123416 ], [ -75.539208000480187, 38.844041000122786 ], [ -75.538849000480695, 38.844453000122144 ], [ -75.538716000480918, 38.844575000122006 ], [ -75.537388000482963, 38.84628400011934 ], [ -75.537163000483361, 38.846547000118903 ], [ -75.536917000483697, 38.846782000118537 ], [ -75.535968000485184, 38.847616000117284 ], [ -75.535947000485237, 38.847652000117193 ], [ -75.535919000485251, 38.847747000117067 ], [ -75.535919000485251, 38.847787000117023 ], [ -75.536129000484948, 38.848566000115795 ], [ -75.53620600048481, 38.84928600011466 ], [ -75.536234000484797, 38.84989000011376 ], [ -75.536220000484775, 38.849939000113636 ], [ -75.536185000484863, 38.8499760001136 ], [ -75.535180000486434, 38.850368000113008 ], [ -75.528400000496958, 38.852832000109174 ], [ -75.522404000506242, 38.855019000105756 ], [ -75.521626000507467, 38.85530400010532 ], [ -75.521584000507517, 38.855327000105319 ], [ -75.521423000507752, 38.855368000105216 ], [ -75.52043900050927, 38.855742000104669 ], [ -75.52029100050953, 38.855819000104532 ], [ -75.52024900050958, 38.85587800010444 ], [ -75.519658000510503, 38.857124000102488 ], [ -75.519581000510641, 38.857264000102305 ], [ -75.518702000512008, 38.859125000099425 ], [ -75.518652000512077, 38.859192000099313 ], [ -75.518525000512284, 38.859472000098833 ], [ -75.517764000513466, 38.86101200009648 ], [ -75.517182000514367, 38.862200000094617 ], [ -75.51669700051508, 38.863216000093075 ], [ -75.516598000515273, 38.863478000092641 ], [ -75.516306000515726, 38.86400200009183 ], [ -75.515726000516622, 38.865040000090232 ], [ -75.515662000516727, 38.865122000090082 ], [ -75.515022000517718, 38.866188000088414 ], [ -75.514045000519218, 38.867747000086013 ], [ -75.513081000520742, 38.869319000083578 ], [ -75.512179999480452, 38.870868000081146 ], [ -75.511286999481854, 38.872431000078734 ], [ -75.509744999484212, 38.874997000074757 ], [ -75.50958999948449, 38.875142000074561 ], [ -75.509167999485101, 38.875766000073554 ], [ -75.509083999485256, 38.875847000073463 ], [ -75.509125999485207, 38.875906000073371 ], [ -75.509300999484935, 38.876027000073179 ], [ -75.509350999484866, 38.876103000073044 ], [ -75.50938499948478, 38.876193000072931 ], [ -75.509398999484745, 38.876269000072796 ], [ -75.50938499948478, 38.876391000072601 ], [ -75.509272999484949, 38.876639000072203 ], [ -75.509223999485016, 38.876698000072111 ], [ -75.50889999948555, 38.87692700007176 ], [ -75.508695999485838, 38.877070000071569 ], [ -75.508653999485944, 38.877106000071478 ], [ -75.508618999485975, 38.877165000071386 ], [ -75.508583999486007, 38.87726400007125 ], [ -75.508568999486045, 38.877517000070839 ], [ -75.508540999486115, 38.877557000070794 ], [ -75.508519999486111, 38.877616000070702 ], [ -75.508329999486421, 38.877842000070359 ], [ -75.508280999486487, 38.877964000070165 ], [ -75.508245999486576, 38.878126000069926 ], [ -75.508202999486628, 38.87845500006938 ], [ -75.508167999486659, 38.878951000068639 ], [ -75.508146999486712, 38.878996000068582 ], [ -75.508096999486781, 38.879046000068456 ], [ -75.507928999487035, 38.879173000068306 ], [ -75.50779499948726, 38.879250000068168 ], [ -75.507161999488233, 38.879447000067842 ], [ -75.507077999488388, 38.879483000067808 ], [ -75.506810999488778, 38.879678000067486 ], [ -75.50674799948888, 38.879728000067416 ], [ -75.506620999489087, 38.879859000067199 ], [ -75.50598799949006, 38.880569000066089 ], [ -75.505930999490147, 38.880619000066019 ], [ -75.505748999490436, 38.880732000065848 ], [ -75.504574999492263, 38.880832000065709 ], [ -75.504419999492484, 38.88087800006565 ], [ -75.504272999492741, 38.880951000065522 ], [ -75.504187999492842, 38.88101000006543 ], [ -75.503645999493699, 38.881494000064663 ], [ -75.503336999494195, 38.881617000064466 ], [ -75.503301999494226, 38.881613000064476 ], [ -75.503140999494462, 38.881555000064566 ], [ -75.502971999494719, 38.881483000064691 ], [ -75.502831999494958, 38.881412000064813 ], [ -75.502149999495998, 38.881009000065433 ], [ -75.50186899949648, 38.880902000065589 ], [ -75.501770999496614, 38.880880000065645 ], [ -75.50167199949675, 38.880876000065655 ], [ -75.501425999497144, 38.88088200006564 ], [ -75.501130999497605, 38.880906000065579 ], [ -75.500884999497998, 38.880961000065497 ], [ -75.500715999498254, 38.881029000065382 ], [ -75.500568999498455, 38.881106000065301 ], [ -75.49999999949938, 38.881478000064703 ], [ -75.49974099949975, 38.881772000064245 ], [ -75.499676999499854, 38.881822000064176 ], [ -75.49943799950023, 38.88191800006399 ], [ -75.49936799950035, 38.881936000064002 ], [ -75.499262999500502, 38.881936000064002 ], [ -75.498784999501254, 38.882056000063812 ], [ -75.498215999502122, 38.882153000063681 ], [ -75.497828999502701, 38.8821230000637 ], [ -75.497779999502825, 38.88212700006369 ], [ -75.49763899950301, 38.882227000063551 ], [ -75.49742899950337, 38.882458000063195 ], [ -75.496965999504084, 38.882915000062496 ], [ -75.496887999504168, 38.883001000062336 ], [ -75.496396999504952, 38.883782000061103 ], [ -75.496375999505005, 38.883846000060998 ], [ -75.496333999505055, 38.884139000060543 ], [ -75.496059999505462, 38.884689000059723 ], [ -75.495996999505564, 38.884789000059584 ], [ -75.495961999505596, 38.884888000059391 ], [ -75.496018999505509, 38.885176000058948 ], [ -75.496017999505511, 38.885275000058812 ], [ -75.496004999505544, 38.885393000058627 ], [ -75.495992999505575, 38.885442000058561 ], [ -75.495884999505734, 38.885821000057945 ], [ -75.495295999506652, 38.886743000056526 ], [ -75.495232999506754, 38.886829000056423 ], [ -75.495162999506874, 38.886906000056285 ], [ -75.495077999506975, 38.886974000056171 ], [ -75.494831999507369, 38.887146000055907 ], [ -75.494810999507422, 38.887177000055829 ], [ -75.494810999507422, 38.887213000055795 ], [ -75.494841999507344, 38.887386000055528 ], [ -75.494740999507542, 38.887624000055155 ], [ -75.494684999507626, 38.88769600005503 ], [ -75.494600999507725, 38.887769000054959 ], [ -75.494382999508048, 38.887882000054788 ], [ -75.494291999508221, 38.887914000054707 ], [ -75.494059999508579, 38.887965000054635 ], [ -75.493771999509022, 38.888002000054598 ], [ -75.493356999509672, 38.888008000054583 ], [ -75.492927999510357, 38.888055000054464 ], [ -75.492696999510713, 38.888097000054415 ], [ -75.492190999511479, 38.888247000054207 ], [ -75.491894999511942, 38.888352000054056 ], [ -75.491761999512164, 38.888411000053964 ], [ -75.491564999512434, 38.888525000053789 ], [ -75.49118599951305, 38.888851000053251 ], [ -75.491072999513221, 38.889009000053022 ], [ -75.490452999514162, 38.889664000051994 ], [ -75.490258999514481, 38.889869000051704 ], [ -75.490152999514635, 38.889959000051533 ], [ -75.489780999515233, 38.890186000051187 ], [ -75.489569999515538, 38.890372000050888 ], [ -75.489492999515676, 38.890462000050775 ], [ -75.489057999516319, 38.891324000049394 ], [ -75.488994999516422, 38.891401000049314 ], [ -75.488895999516615, 38.89157700004904 ], [ -75.488348999517427, 38.892265000047985 ], [ -75.488123999517768, 38.892576000047484 ], [ -75.488045999517908, 38.892712000047254 ], [ -75.488025999517959, 38.892784000047129 ], [ -75.4876539995185, 38.894777000044087 ], [ -75.487696999518448, 38.895061000043597 ], [ -75.487731999518417, 38.895493000042961 ], [ -75.487760999518343, 38.895597000042812 ], [ -75.487914999518125, 38.895862000042371 ], [ -75.488407999517335, 38.896473000041453 ], [ -75.488484999517254, 38.896590000041272 ], [ -75.488499999517217, 38.896729000041034 ], [ -75.488457999517266, 38.897428000039952 ], [ -75.488506999517199, 38.89763900003959 ], [ -75.488506999517199, 38.897684000039533 ], [ -75.48847199951723, 38.897739000039451 ], [ -75.488422999517297, 38.897779000039407 ], [ -75.48833199951747, 38.897892000039235 ], [ -75.488296999517502, 38.897983000039062 ], [ -75.488303999517484, 38.89804600003896 ], [ -75.488366999517439, 38.89829300003862 ], [ -75.488303999517484, 38.898483000038311 ], [ -75.488233999517604, 38.898771000037868 ], [ -75.488155999517744, 38.898983000037504 ], [ -75.487285999519088, 38.900623000035012 ], [ -75.487173999519257, 38.900767000034762 ], [ -75.486934999519633, 38.901156000034177 ], [ -75.486856999519773, 38.90123300003404 ], [ -75.486295999520621, 38.902109000032681 ], [ -75.48603599952105, 38.902570000031972 ], [ -75.485958999521131, 38.902750000031688 ], [ -75.485902999521215, 38.902832000031538 ], [ -75.485832999521335, 38.903553000030456 ], [ -75.485811999521388, 38.903580000030388 ], [ -75.485656999521609, 38.903617000030351 ], [ -75.4850169995226, 38.903721000030203 ], [ -75.484818999522929, 38.903753000030122 ], [ -75.484433999523503, 38.903816000030019 ], [ -75.484419999523539, 38.903838000030021 ], [ -75.484419999523539, 38.90387400002993 ], [ -75.484482999523436, 38.904230000029372 ], [ -75.484475999523454, 38.904257000029361 ], [ -75.484377999523588, 38.904388000029144 ], [ -75.484342999523676, 38.904415000029076 ], [ -75.484293999523743, 38.904438000029074 ], [ -75.48423699952383, 38.904447000029052 ], [ -75.484124999523999, 38.904448000029049 ], [ -75.483548999524885, 38.904346000029193 ], [ -75.483365999525176, 38.904302000029247 ], [ -75.482816999526051, 38.90412900002957 ], [ -75.482746999526114, 38.904120000029536 ], [ -75.482458999526557, 38.904094000029602 ], [ -75.482275999526848, 38.904099000029589 ], [ -75.48202299952726, 38.904114000029551 ], [ -75.481769999527671, 38.904151000029515 ], [ -75.481635999527839, 38.904197000029455 ], [ -75.481431999528183, 38.904292000029272 ], [ -75.481319999528353, 38.904360000029158 ], [ -75.481200999528539, 38.904451000029042 ], [ -75.481066999528764, 38.90456400002887 ], [ -75.480616999529445, 38.904998000028172 ], [ -75.480504999529614, 38.905066000028114 ], [ -75.48019599953011, 38.905279000027747 ], [ -75.479914999530536, 38.905452000027481 ], [ -75.479625999530981, 38.905593000027295 ], [ -75.479021999531938, 38.90568100002713 ], [ -75.477945999533574, 38.905784000026983 ], [ -75.477854999533747, 38.905812000026913 ], [ -75.477713999533933, 38.905830000026924 ], [ -75.47722199953472, 38.905841000026896 ], [ -75.477179999534769, 38.905868000026828 ], [ -75.477095999534924, 38.905968000026689 ], [ -75.477046999534991, 38.905995000026621 ], [ -75.476996999535061, 38.906013000026633 ], [ -75.476926999535181, 38.90601800002662 ], [ -75.476785999535366, 38.90601000002664 ], [ -75.476702999535519, 38.906028000026595 ], [ -75.476680999535574, 38.906033000026582 ], [ -75.476476999535862, 38.906182000026376 ], [ -75.476111999536442, 38.9063590000261 ], [ -75.475914999536712, 38.906428000025983 ], [ -75.475710999537057, 38.906483000025901 ], [ -75.475632999537197, 38.906497000025865 ], [ -75.475499999537362, 38.906551000025786 ], [ -75.475035999538079, 38.906706000025565 ], [ -75.474775999538508, 38.906811000025357 ], [ -75.47417799953945, 38.907084000024952 ], [ -75.47388299953991, 38.907243000024721 ], [ -75.470642999544907, 38.908684000022447 ], [ -75.470593999544974, 38.908693000022481 ], [ -75.470311999545459, 38.908902000022124 ], [ -75.470157999545677, 38.909001000021988 ], [ -75.469939999546, 38.909119000021803 ], [ -75.469531999546632, 38.909360000021422 ], [ -75.469440999546805, 38.909405000021366 ], [ -75.468667999548018, 38.909647000020982 ], [ -75.468322999548548, 38.909793000020727 ], [ -75.467760999549398, 38.910106000020278 ], [ -75.466080999551991, 38.910915000019031 ], [ -75.465974999552145, 38.910983000018916 ], [ -75.465342999553172, 38.911265000018489 ], [ -75.465292999553242, 38.911305000018388 ], [ -75.465152999553425, 38.911310000018375 ], [ -75.465096999553509, 38.911293000018418 ], [ -75.464948999553769, 38.911235000018507 ], [ -75.464920999553783, 38.911220000018545 ], [ -75.464820999553979, 38.91116800001862 ], [ -75.464638999554268, 38.911074000018743 ], [ -75.464463999554539, 38.910971000018947 ], [ -75.464315999554742, 38.910868000019093 ], [ -75.464167999555002, 38.910796000019218 ], [ -75.463766999555617, 38.910663000019383 ], [ -75.463682999555715, 38.910654000019406 ], [ -75.463612999555835, 38.910632000019461 ], [ -75.463563999555902, 38.910596000019495 ], [ -75.463415999556162, 38.910452000019745 ], [ -75.463246999556418, 38.910219000020106 ], [ -75.463197999556485, 38.910169000020176 ], [ -75.463140999556572, 38.910147000020174 ], [ -75.463042999556706, 38.91012900002022 ], [ -75.462655999557342, 38.910185000020135 ], [ -75.462592999557444, 38.910185000020135 ], [ -75.462508999557542, 38.910158000020203 ], [ -75.462001999558311, 38.909917000020585 ], [ -75.461769999558669, 38.909855000020627 ], [ -75.46160199955898, 38.909847000020648 ], [ -75.461334999559369, 38.909803000020759 ], [ -75.461228999559523, 38.909753000020828 ], [ -75.461045999559815, 38.909569000021122 ], [ -75.460982999559917, 38.909525000021176 ], [ -75.460785999560244, 38.909440000021277 ], [ -75.460658999560394, 38.909395000021391 ], [ -75.460574999560549, 38.909382000021367 ], [ -75.460502999560674, 38.909395000021391 ], [ -75.459920999561575, 38.909619000020996 ], [ -75.459695999561916, 38.909647000020982 ], [ -75.459351999562443, 38.909653000020967 ], [ -75.459091999562872, 38.90963600002101 ], [ -75.458844999563212, 38.909614000021008 ], [ -75.458409999563912, 38.909562000021083 ], [ -75.457262999565671, 38.909665000020937 ], [ -75.456841999566336, 38.909712000020875 ], [ -75.456749999566512, 38.909749000020838 ], [ -75.456384999567035, 38.909809000020743 ], [ -75.455399999568556, 38.910078000020292 ], [ -75.454563999569871, 38.910356000019874 ], [ -75.452503999573082, 38.910914000019034 ], [ -75.452327999573356, 38.910982000018919 ], [ -75.451420999574736, 38.911400000018261 ], [ -75.44993799957706, 38.911969000017393 ], [ -75.449627999577558, 38.912065000017208 ], [ -75.448327999579533, 38.912345000016785 ], [ -75.447019999581585, 38.912611000016398 ], [ -75.446527999582372, 38.912694000016245 ], [ -75.446063999583089, 38.912768000016115 ], [ -75.445170999584434, 38.912916000015912 ], [ -75.444670999585242, 38.91301700001577 ], [ -75.444186999586009, 38.913068000015642 ], [ -75.443987999586284, 38.913074000015683 ], [ -75.443890999586472, 38.913078000015673 ], [ -75.443716999586741, 38.913077000015676 ], [ -75.443602999586915, 38.913075000015681 ], [ -75.443553999586982, 38.913062000015657 ], [ -75.443349999587269, 38.912941000015849 ], [ -75.443159999587579, 38.912856000016006 ], [ -75.44297699958787, 38.912811000016063 ], [ -75.442856999588059, 38.912803000016083 ], [ -75.442287999588928, 38.912814000016056 ], [ -75.442034999589339, 38.912797000016099 ], [ -75.441978999589423, 38.912802000016086 ], [ -75.44130999959043, 38.913097000015625 ], [ -75.441204999590639, 38.913156000015533 ], [ -75.441190999590617, 38.913159000015526 ], [ -75.441049999590859, 38.913193000015497 ], [ -75.440888999591095, 38.913220000015428 ], [ -75.440789999591289, 38.913225000015416 ], [ -75.440670999591418, 38.913208000015459 ], [ -75.440389999591901, 38.913128000015547 ], [ -75.440365999591904, 38.913117000015575 ], [ -75.440297999592019, 38.913087000015651 ], [ -75.440177999592208, 38.913016000015773 ], [ -75.439840999592718, 38.912733000016203 ], [ -75.439650999593027, 38.912612000016395 ], [ -75.439566999593183, 38.912540000016463 ], [ -75.43778099959593, 38.911853000017572 ], [ -75.437604999596203, 38.911813000017617 ], [ -75.436746999597517, 38.911663000017825 ], [ -75.436613999597739, 38.911605000017914 ], [ -75.436324999598185, 38.911503000018115 ], [ -75.435643999599222, 38.91123000001852 ], [ -75.434707999600676, 38.910892000019032 ], [ -75.434468999601052, 38.910843000019099 ], [ -75.434314999601327, 38.910821000019155 ], [ -75.434187999601534, 38.910812000019178 ], [ -75.434047999601717, 38.910817000019165 ], [ -75.433737999602215, 38.910859000019116 ], [ -75.433301999602861, 38.911050000018804 ], [ -75.433105999603185, 38.911252000018465 ], [ -75.432993999603354, 38.911367000018288 ], [ -75.432910999603507, 38.911453000018184 ], [ -75.432855999603589, 38.911511000018095 ], [ -75.432443999604232, 38.912062000017215 ], [ -75.432387999604316, 38.912099000017179 ], [ -75.432364999604317, 38.912103000017169 ], [ -75.432310999604397, 38.912117000017133 ], [ -75.431951999604962, 38.912132000017095 ], [ -75.431696999605379, 38.912117000017133 ], [ -75.431522999605647, 38.912106000017161 ], [ -75.431016999606413, 38.912050000017246 ], [ -75.430833999606705, 38.9120680000172 ], [ -75.430793999606749, 38.912078000017232 ], [ -75.430756999606842, 38.912087000017209 ], [ -75.430671999606943, 38.912114000017141 ], [ -75.430503999607254, 38.912209000017015 ], [ -75.430390999607425, 38.912286000016877 ], [ -75.43033499960751, 38.912341000016795 ], [ -75.430242999607628, 38.912656000016284 ], [ -75.430230999607659, 38.912710000016205 ], [ -75.430212999607704, 38.912790000016116 ], [ -75.430172999607748, 38.91296700001584 ], [ -75.430151999607801, 38.913121000015565 ], [ -75.430095999607886, 38.913351000015211 ], [ -75.430010999607987, 38.913482000015051 ], [ -75.429905999608138, 38.913559000014914 ], [ -75.42979299960831, 38.913582000014856 ], [ -75.429553999608686, 38.913555000014924 ], [ -75.428403999610509, 38.913206000015464 ], [ -75.427788999611437, 38.913182000015468 ], [ -75.427125999612485, 38.913349000015216 ], [ -75.426713999613128, 38.913462000015045 ], [ -75.426562999613338, 38.913539000014964 ], [ -75.426334999613687, 38.913590000014835 ], [ -75.426164999613945, 38.913615000014829 ], [ -75.42603099961417, 38.913616000014827 ], [ -75.425757999614575, 38.913579000014863 ], [ -75.425644999614747, 38.913559000014914 ], [ -75.425490999615022, 38.913531000014927 ], [ -75.425176999615474, 38.913466000015035 ], [ -75.424952999615869, 38.913427000015133 ], [ -75.424866999615972, 38.913421000015092 ], [ -75.424797999616089, 38.913417000015102 ], [ -75.424691999616243, 38.913418000015099 ], [ -75.424569999616438, 38.91346000001505 ], [ -75.42449499961657, 38.913493000015023 ], [ -75.424386999616729, 38.913547000014944 ], [ -75.42388699961748, 38.913950000014324 ], [ -75.423457999618165, 38.914240000013876 ], [ -75.423345999618334, 38.914281000013773 ], [ -75.42324699961847, 38.914295000013738 ], [ -75.423141999618679, 38.914300000013782 ], [ -75.423035999618833, 38.914287000013758 ], [ -75.422923999619002, 38.914256000013836 ], [ -75.422614999619498, 38.914144000014005 ], [ -75.422431999619732, 38.914086000014095 ], [ -75.422255999620006, 38.914055000014116 ], [ -75.422072999620298, 38.914042000014149 ], [ -75.421826999620691, 38.91413800001402 ], [ -75.421791999620723, 38.914174000013929 ], [ -75.421713999620863, 38.914300000013782 ], [ -75.421650999620965, 38.914449000013519 ], [ -75.421615999620997, 38.914589000013279 ], [ -75.421608999621014, 38.914765000013006 ], [ -75.421650999620965, 38.914882000012824 ], [ -75.421685999620934, 38.915048000012575 ], [ -75.421678999620951, 38.915215000012324 ], [ -75.421622999621036, 38.915418000012039 ], [ -75.421580999621085, 38.915517000011846 ], [ -75.421523999621172, 38.915563000011787 ], [ -75.421432999621288, 38.915599000011753 ], [ -75.421115999621804, 38.915654000011671 ], [ -75.420750999622385, 38.915696000011565 ], [ -75.420701999622452, 38.91567400001162 ], [ -75.420089999623372, 38.915523000011831 ], [ -75.419955999623596, 38.915478000011944 ], [ -75.419829999623801, 38.915416000012044 ], [ -75.419695999624025, 38.91531700001218 ], [ -75.419583999624194, 38.915218000012317 ], [ -75.419358999624535, 38.914994000012655 ], [ -75.419182999624809, 38.91483200001295 ], [ -75.419006999625083, 38.914693000013131 ], [ -75.41880299962537, 38.914554000013368 ], [ -75.41831799962614, 38.914263000013818 ], [ -75.41824799962626, 38.914245000013864 ], [ -75.417952999626721, 38.91422400001386 ], [ -75.41783299962691, 38.914233000013837 ], [ -75.417720999627079, 38.914261000013823 ], [ -75.417558999627317, 38.914324000013721 ], [ -75.417312999627711, 38.914555000013365 ], [ -75.416981999628206, 38.915228000012291 ], [ -75.416939999628255, 38.915273000012235 ], [ -75.41692599962829, 38.915313000012191 ], [ -75.41692599962829, 38.915404000012018 ], [ -75.416946999628294, 38.915521000011836 ], [ -75.417065999628107, 38.915642000011644 ], [ -75.417297999627749, 38.91596100001118 ], [ -75.417410999627577, 38.916082000010988 ], [ -75.417642999627162, 38.916284000010648 ], [ -75.417691999627095, 38.916315000010627 ], [ -75.418077999626519, 38.91645400001039 ], [ -75.418204999626312, 38.916530000010312 ], [ -75.418303999626175, 38.916620000010141 ], [ -75.418422999625989, 38.916745000009939 ], [ -75.418422999625989, 38.916786000009893 ], [ -75.418302999626178, 38.916890000009744 ], [ -75.418176999626382, 38.916976000009583 ], [ -75.418106999626445, 38.91700800000956 ], [ -75.417873999626806, 38.917166000009331 ], [ -75.417845999626877, 38.917212000009215 ], [ -75.417691999627095, 38.917320000009056 ], [ -75.416699999628634, 38.918018000007976 ], [ -75.416678999628687, 38.918031000007943 ], [ -75.416643999628718, 38.918027000007953 ], [ -75.416481999629013, 38.918081000007874 ], [ -75.416368999629185, 38.918100000007882 ], [ -75.415982999629762, 38.918097000007833 ], [ -75.415785999630089, 38.918070000007901 ], [ -75.415166999631026, 38.917942000008111 ], [ -75.414829999631536, 38.917894000008175 ], [ -75.414688999631778, 38.917881000008208 ], [ -75.413957999632885, 38.91788800000819 ], [ -75.413078999634251, 38.917990000008047 ], [ -75.412789999634697, 38.917995000008034 ], [ -75.412564999635094, 38.917992000008041 ], [ -75.412262999635516, 38.917948000008096 ], [ -75.41179199963625, 38.917819000008308 ], [ -75.411425999636833, 38.917766000008385 ], [ -75.411313999637002, 38.917739000008396 ], [ -75.410989999637536, 38.917619000008585 ], [ -75.410673999637993, 38.91748500000881 ], [ -75.410645999638064, 38.917458000008878 ], [ -75.410666999638011, 38.917278000009105 ], [ -75.410800999637786, 38.916903000009711 ], [ -75.410800999637786, 38.916772000009928 ], [ -75.41074499963787, 38.916601000010189 ], [ -75.410716999637941, 38.916561000010233 ], [ -75.410673999637993, 38.916525000010324 ], [ -75.41055499963818, 38.91645800001038 ], [ -75.410462999638355, 38.916418000010481 ], [ -75.410385999638436, 38.916409000010503 ], [ -75.410272999638607, 38.916418000010481 ], [ -75.409689999639511, 38.916547000010269 ], [ -75.409260999640196, 38.916674000010062 ], [ -75.408817999640917, 38.916824000009854 ], [ -75.408704999641088, 38.916879000009772 ], [ -75.408500999641376, 38.917006000009565 ], [ -75.408353999641633, 38.917110000009416 ], [ -75.408268999641734, 38.917196000009255 ], [ -75.408191999641872, 38.917313000009074 ], [ -75.408156999641903, 38.917404000008958 ], [ -75.408135999641956, 38.917557000008685 ], [ -75.408127999641977, 38.917719000008447 ], [ -75.408190999641874, 38.918435000007321 ], [ -75.408239999641808, 38.918683000006979 ], [ -75.408282999641699, 38.918777000006799 ], [ -75.40832499964165, 38.918840000006696 ], [ -75.408387999641548, 38.918908000006581 ], [ -75.408654999641158, 38.919118000006279 ], [ -75.408802999640898, 38.919258000006039 ], [ -75.408879999640817, 38.919379000005847 ], [ -75.408921999640711, 38.919541000005609 ], [ -75.408921999640711, 38.91970300000537 ], [ -75.408886999640799, 38.919834000005153 ], [ -75.408822999640904, 38.919951000004971 ], [ -75.408752999640967, 38.920024000004844 ], [ -75.408668999641122, 38.920074000004774 ], [ -75.408563999641274, 38.920087000004798 ], [ -75.408393999641532, 38.920079000004762 ], [ -75.407986999642162, 38.919977000004963 ], [ -75.407923999642264, 38.919950000004974 ], [ -75.407887999642355, 38.919910000005075 ], [ -75.407873999642334, 38.919829000005166 ], [ -75.407874999642331, 38.919747000005316 ], [ -75.407859999642369, 38.919698000005383 ], [ -75.407824999642457, 38.919671000005394 ], [ -75.407775999642524, 38.91964900000545 ], [ -75.407726999642591, 38.919640000005472 ], [ -75.407648999642731, 38.919658000005427 ], [ -75.407592999642816, 38.91969900000538 ], [ -75.407557999642847, 38.919758000005288 ], [ -75.407529999642861, 38.919758000005288 ], [ -75.406980999643736, 38.91963300000549 ], [ -75.406847999643958, 38.919566000005602 ], [ -75.406769999644041, 38.919544000005601 ], [ -75.406249999644899, 38.919483000005698 ], [ -75.405919999645391, 38.919475000005718 ], [ -75.40568799964575, 38.919417000005808 ], [ -75.40560999964589, 38.919408000005831 ], [ -75.405518999646006, 38.919413000005818 ], [ -75.405370999646266, 38.91934200000594 ], [ -75.405019999646811, 38.919055000006381 ], [ -75.404646999647355, 38.918781000006788 ], [ -75.404541999647506, 38.918687000006969 ], [ -75.404520999647559, 38.918633000007048 ], [ -75.404464999647644, 38.918367000007436 ], [ -75.404471999647626, 38.918340000007504 ], [ -75.404731999647254, 38.918010000007996 ], [ -75.404766999647165, 38.91792000000811 ], [ -75.404787999647169, 38.917659000008541 ], [ -75.404830999647061, 38.917451000008839 ], [ -75.404823999647078, 38.917429000008894 ], [ -75.404703999647268, 38.917348000009042 ], [ -75.404485999647591, 38.91726800000913 ], [ -75.404387999647781, 38.917254000009166 ], [ -75.404106999648207, 38.917242000009196 ], [ -75.403550999649042, 38.917226000009236 ], [ -75.40344599964925, 38.917231000009224 ], [ -75.403367999649333, 38.917240000009201 ], [ -75.403071999649796, 38.917323000009048 ], [ -75.402910999650032, 38.917368000008992 ], [ -75.402797999650261, 38.917409000008945 ], [ -75.402773999650265, 38.917422000008912 ], [ -75.402506999650711, 38.91755900000868 ], [ -75.402309999650981, 38.917670000008513 ], [ -75.402195999651155, 38.917730000008419 ], [ -75.402045999651421, 38.917808000008336 ], [ -75.401911999651588, 38.917907000008142 ], [ -75.401412999652393, 38.918355000007466 ], [ -75.401299999652565, 38.918509000007248 ], [ -75.401222999652703, 38.918671000006952 ], [ -75.401194999652716, 38.918824000006737 ], [ -75.401194999652716, 38.918982000006508 ], [ -75.401214999652666, 38.919054000006383 ], [ -75.401552999652154, 38.919823000005181 ], [ -75.401734999651865, 38.92026900000451 ], [ -75.401748999651886, 38.920296000004441 ], [ -75.401776999651815, 38.920314000004396 ], [ -75.401840999651711, 38.920386000004328 ], [ -75.402100999651338, 38.920862000003581 ], [ -75.402212999651113, 38.92103300000332 ], [ -75.402339999650962, 38.921190000003037 ], [ -75.402669999650414, 38.921532000002514 ], [ -75.403063999649817, 38.922044000001733 ], [ -75.403133999649697, 38.922147000001587 ], [ -75.403237999649548, 38.922359000001222 ], [ -75.403336999649412, 38.922638000000802 ], [ -75.403350999649376, 38.922773000000575 ], [ -75.403329999649429, 38.922953000000348 ], [ -75.403294999649461, 38.923102 ], [ -75.402886999650093, 38.924031999998647 ], [ -75.402801999650251, 38.924117999998543 ], [ -75.402386999650844, 38.924713999997607 ], [ -75.402154999651259, 38.925006999997152 ], [ -75.401957999651529, 38.925111999997 ], [ -75.401809999651789, 38.925179999996885 ], [ -75.401725999651887, 38.925202999996827 ], [ -75.400381999653973, 38.925414999996519 ], [ -75.400185999654298, 38.925459999996406 ], [ -75.399945999654676, 38.925541999996312 ], [ -75.399882999654778, 38.925573999996232 ], [ -75.39977799965493, 38.925672999996095 ], [ -75.399622999655151, 38.925853999995809 ], [ -75.399425999655477, 38.926115999995432 ], [ -75.399284999655663, 38.926404999994986 ], [ -75.399108999655937, 38.926909999994166 ], [ -75.399101999655954, 38.927112999993881 ], [ -75.399115999655976, 38.927171999993789 ], [ -75.399206999655803, 38.927319999993529 ], [ -75.399304999655669, 38.92743199999336 ], [ -75.399706999655052, 38.927781999992817 ], [ -75.40040199965398, 38.928387999991912 ], [ -75.400563999653684, 38.928562999991641 ], [ -75.400773999653381, 38.928832999991187 ], [ -75.400893999653192, 38.929012999990903 ], [ -75.400949999653108, 38.929192999990619 ], [ -75.40095699965309, 38.92935499999038 ], [ -75.400949999653108, 38.929480999990176 ], [ -75.400893999653192, 38.929755999989766 ], [ -75.400900999653174, 38.929818999989664 ], [ -75.400865999653206, 38.929909999989547 ], [ -75.400653999653571, 38.930261999989 ], [ -75.400632999653567, 38.930360999988807 ], [ -75.400562999653687, 38.930563999988522 ], [ -75.400400999653925, 38.930969999987894 ], [ -75.400273999654132, 38.93123199998746 ], [ -75.400175999654323, 38.931389999987232 ], [ -75.399844999654817, 38.931746999986672 ], [ -75.399717999655024, 38.9318599999865 ], [ -75.399534999655316, 38.932044999986203 ], [ -75.399365999655572, 38.932252999985906 ], [ -75.399154999655877, 38.932564999985402 ], [ -75.39901399965612, 38.932799999985036 ], [ -75.398767999656513, 38.933268999984307 ], [ -75.398612999656734, 38.933516999983908 ], [ -75.398528999656833, 38.933769999983554 ], [ -75.398394999657057, 38.934071999983075 ], [ -75.39837399965711, 38.934171999982937 ], [ -75.398211999657349, 38.934644999982197 ], [ -75.398119999657467, 38.934955999981696 ], [ -75.39802099965766, 38.935384999981011 ], [ -75.397886999657828, 38.936186999979782 ], [ -75.397914999657814, 38.936272999979622 ], [ -75.397956999657765, 38.936321999979555 ], [ -75.397985999657692, 38.936339999979566 ], [ -75.39811899965747, 38.936334999979579 ], [ -75.398329999657165, 38.936275999979671 ], [ -75.398667999656652, 38.936256999979662 ], [ -75.398779999656483, 38.936242999979697 ], [ -75.39887899965629, 38.936214999979711 ], [ -75.399054999656016, 38.936124999979882 ], [ -75.399321999655626, 38.935956999980135 ], [ -75.399518999655299, 38.935811999980388 ], [ -75.399645999655149, 38.935694999980569 ], [ -75.399736999654976, 38.935626999980627 ], [ -75.399877999654791, 38.935567999980719 ], [ -75.400018999654549, 38.935521999980836 ], [ -75.400095999654411, 38.935516999980848 ], [ -75.40032099965407, 38.93554799998077 ], [ -75.40047599965385, 38.935592999980713 ], [ -75.400601999653645, 38.935641999980646 ], [ -75.401044999652981, 38.935833999980332 ], [ -75.401199999652704, 38.935914999980184 ], [ -75.401333999652479, 38.935999999980083 ], [ -75.401579999652142, 38.9362419999797 ], [ -75.402289999651032, 38.936824999978796 ], [ -75.402668999650416, 38.937220999978194 ], [ -75.402872999650128, 38.937449999977844 ], [ -75.402872999650128, 38.937471999977788 ], [ -75.402844999650142, 38.93749499997773 ], [ -75.40239499965088, 38.937649999977509 ], [ -75.402218999651154, 38.937726999977372 ], [ -75.401936999651582, 38.937830999977223 ], [ -75.400445999653869, 38.938484999976197 ], [ -75.40026299965416, 38.938593999976035 ], [ -75.399967999654621, 38.938810999975715 ], [ -75.399833999654845, 38.938928999975531 ], [ -75.399608999655186, 38.939190999975096 ], [ -75.399488999655375, 38.93937199997481 ], [ -75.399221999655765, 38.939840999974138 ], [ -75.398770999656506, 38.940437999973199 ], [ -75.398559999656811, 38.940690999972787 ], [ -75.398524999656843, 38.94073999997272 ], [ -75.398502999656898, 38.940793999972641 ], [ -75.398489999656931, 38.940969999972367 ], [ -75.398492999656924, 38.941106999972135 ], [ -75.398495999656916, 38.941262999971912 ], [ -75.398544999656849, 38.941667999971287 ], [ -75.398629999656691, 38.941888999970956 ], [ -75.398650999656695, 38.941969999970809 ], [ -75.39865699965668, 38.942104999970582 ], [ -75.398769999656508, 38.942437999970082 ], [ -75.398881999656339, 38.942766999969592 ], [ -75.398944999656237, 38.942856999969422 ], [ -75.398994999656111, 38.94297799996923 ], [ -75.399113999655924, 38.943351999968684 ], [ -75.399394999655499, 38.943908999967789 ], [ -75.399718999655022, 38.944470999966939 ], [ -75.400111999654428, 38.944924999966247 ], [ -75.400346999654062, 38.94514199996587 ], [ -75.400554999653707, 38.945373999965511 ], [ -75.400758999653419, 38.945620999965115 ], [ -75.400899999653177, 38.945818999964843 ], [ -75.400955999653092, 38.945922999964694 ], [ -75.401032999652955, 38.946097999964422 ], [ -75.401095999652853, 38.946277999964138 ], [ -75.401117999652854, 38.946403999963934 ], [ -75.401109999652874, 38.946534999963717 ], [ -75.401039999652937, 38.947030999962976 ], [ -75.400813999653337, 38.947526999962179 ], [ -75.400715999653471, 38.94771699996187 ], [ -75.400616999653607, 38.947865999961664 ], [ -75.400504999653776, 38.948009999961414 ], [ -75.400222999654204, 38.948344999960909 ], [ -75.400102999654393, 38.94844899996076 ], [ -75.399680999655061, 38.948882999960063 ], [ -75.399441999655437, 38.949081999959787 ], [ -75.398343999657129, 38.949905999958503 ], [ -75.397668999658208, 38.950258999957953 ], [ -75.397252999658861, 38.950440999957664 ], [ -75.395423999661659, 38.951099999956625 ], [ -75.395099999662193, 38.951312999956315 ], [ -75.394536999663046, 38.951841999955491 ], [ -75.39401599966385, 38.952388999954621 ], [ -75.393614999664464, 38.952845999953922 ], [ -75.393360999664878, 38.953202999953362 ], [ -75.393240999665068, 38.953481999952942 ], [ -75.393198999665117, 38.953648999952691 ], [ -75.393133999665224, 38.954139999951906 ], [ -75.393113999665275, 38.954315999951632 ], [ -75.393120999665257, 38.954347999951608 ], [ -75.39316999966519, 38.954405999951518 ], [ -75.393282999665018, 38.95465799995111 ], [ -75.393296999664983, 38.954788999950893 ], [ -75.393408999664814, 38.955202999950245 ], [ -75.393380999664828, 38.955454999949893 ], [ -75.393345999664916, 38.955536999949743 ], [ -75.393280999665024, 38.955645999949581 ], [ -75.393211999665084, 38.955739999949458 ], [ -75.392704999665909, 38.95622799994868 ], [ -75.392514999666219, 38.956367999948441 ], [ -75.392247999666608, 38.956521999948222 ], [ -75.391712999667448, 38.956681999947989 ], [ -75.391409999667928, 38.956754999947862 ], [ -75.391163999668265, 38.956800999947802 ], [ -75.390952999668627, 38.956810999947777 ], [ -75.390755999668897, 38.956792999947822 ], [ -75.390663999669073, 38.956779999947798 ], [ -75.390494999669329, 38.956699999947944 ], [ -75.390276999669652, 38.956542999948169 ], [ -75.39005299966999, 38.956326999948544 ], [ -75.390016999670081, 38.956272999948624 ], [ -75.389855999670317, 38.955921999949169 ], [ -75.389728999670524, 38.955584999949679 ], [ -75.389644999670622, 38.955458999949883 ], [ -75.389461999670914, 38.954900999950723 ], [ -75.389412999670981, 38.954850999950793 ], [ -75.38922299967129, 38.954729999950985 ], [ -75.389131999671463, 38.954694999951073 ], [ -75.389054999671544, 38.954680999951051 ], [ -75.38900499967167, 38.954671999951074 ], [ -75.387590999673819, 38.954816999950879 ], [ -75.387464999674023, 38.954870999950799 ], [ -75.38733799967423, 38.954907999950706 ], [ -75.38699299967476, 38.954980999950635 ], [ -75.386851999675002, 38.955017999950542 ], [ -75.38657799967541, 38.955112999950416 ], [ -75.38649999967555, 38.95512699995038 ], [ -75.386380999675737, 38.955140999950345 ], [ -75.386042999676249, 38.955199999950253 ], [ -75.38533299967736, 38.955301999950109 ], [ -75.384924999677992, 38.955352999950037 ], [ -75.384354999678862, 38.955390999949998 ], [ -75.384058999679326, 38.955427999949904 ], [ -75.383516999680182, 38.955528999949763 ], [ -75.382890999681138, 38.955687999949532 ], [ -75.382644999681531, 38.955792999949324 ], [ -75.382594999681601, 38.9558249999493 ], [ -75.382524999681721, 38.955905999949152 ], [ -75.382397999681871, 38.9560959999489 ], [ -75.382256999682113, 38.956329999948537 ], [ -75.382172999682268, 38.956550999948149 ], [ -75.38212999968232, 38.956690999947966 ], [ -75.381826999682801, 38.957894999946063 ], [ -75.381720999682955, 38.958205999945619 ], [ -75.381685999682986, 38.958350999945367 ], [ -75.381516999683242, 38.95876099994473 ], [ -75.381523999683282, 38.958819999944637 ], [ -75.3814319996834, 38.959153999944135 ], [ -75.381332999683536, 38.959658999943372 ], [ -75.381296999683627, 38.960068999942735 ], [ -75.381317999683574, 38.960568999941927 ], [ -75.381366999683507, 38.960960999941335 ], [ -75.38136199968352, 38.961127999941084 ], [ -75.381338999683521, 38.961284999940801 ], [ -75.381260999683661, 38.961460999940527 ], [ -75.381183999683799, 38.961591999940367 ], [ -75.381105999683882, 38.961677999940207 ], [ -75.381035999684002, 38.961740999940105 ], [ -75.38095099968416, 38.961781999940058 ], [ -75.38080399968436, 38.961831999939989 ], [ -75.380648999684638, 38.961872999939885 ], [ -75.380254999685235, 38.961905999939859 ], [ -75.380169999685336, 38.961892999939892 ], [ -75.379128999686998, 38.961467999940567 ], [ -75.378833999687402, 38.961364999940713 ], [ -75.378193999688449, 38.961096999941105 ], [ -75.378087999688603, 38.96102499994123 ], [ -75.377724999689178, 38.960885999941468 ], [ -75.377588999689351, 38.960832999941545 ], [ -75.377482999689505, 38.960806999941553 ], [ -75.377173999690001, 38.960653999941826 ], [ -75.376850999690532, 38.96055199994197 ], [ -75.376589999690907, 38.960507999942024 ], [ -75.376280999691403, 38.960471999942115 ], [ -75.376019999691778, 38.9604779999421 ], [ -75.37587899969202, 38.960495999942054 ], [ -75.375534999692547, 38.96055599994196 ], [ -75.375104999693235, 38.960705999941752 ], [ -75.374999999693387, 38.960710999941739 ], [ -75.374817999693676, 38.960765999941657 ], [ -75.374022999694887, 38.961087999941128 ], [ -75.373431999695811, 38.961287999940794 ], [ -75.372988999696474, 38.961356999940733 ], [ -75.372369999697469, 38.961417999940636 ], [ -75.372130999697845, 38.961435999940591 ], [ -75.372038999697963, 38.961422999940623 ], [ -75.371658999698582, 38.961338999940722 ], [ -75.371312999699114, 38.961219999940909 ], [ -75.371243999699232, 38.961195999940969 ], [ -75.370968999699642, 38.961056999941206 ], [ -75.370377999700565, 38.960729999941691 ], [ -75.370250999700772, 38.960666999941793 ], [ -75.369934999701229, 38.960568999941927 ], [ -75.369469999701948, 38.960466999942071 ], [ -75.369040999702634, 38.960305999942364 ], [ -75.368695999703164, 38.960153999942577 ], [ -75.368385999703662, 38.959988999942823 ], [ -75.36803399970421, 38.959750999943196 ], [ -75.367935999704343, 38.959651999943333 ], [ -75.367885999704413, 38.959579999943458 ], [ -75.367857999704484, 38.959471999943617 ], [ -75.367850999704501, 38.959390999943764 ], [ -75.367857999704484, 38.959142999944163 ], [ -75.367876999704436, 38.959037999944314 ], [ -75.367908999704412, 38.958943999944438 ], [ -75.368187999703935, 38.958398999945302 ], [ -75.368229999703885, 38.958265999945525 ], [ -75.368257999703872, 38.958181999945623 ], [ -75.368299999703765, 38.957933999946022 ], [ -75.368313999703787, 38.957559999946625 ], [ -75.368285999703801, 38.957343999946943 ], [ -75.368228999703888, 38.95715499994725 ], [ -75.368186999703937, 38.957055999947386 ], [ -75.367938999704336, 38.956672999948012 ], [ -75.367841999704467, 38.956547999948157 ], [ -75.367714999704674, 38.956435999948326 ], [ -75.367547999704925, 38.956219999948701 ], [ -75.367179999705513, 38.95574299994945 ], [ -75.367101999705653, 38.955621999949642 ], [ -75.36705299970572, 38.95549599994979 ], [ -75.36697499970586, 38.955193999950268 ], [ -75.366826999706063, 38.954455999951449 ], [ -75.366735999706236, 38.954302999951665 ], [ -75.366615999706369, 38.954154999951868 ], [ -75.366474999706611, 38.95403399995206 ], [ -75.366326999706871, 38.953956999952197 ], [ -75.366270999706956, 38.95393999995224 ], [ -75.366207999707001, 38.953934999952253 ], [ -75.366066999707243, 38.953944999952228 ], [ -75.365883999707535, 38.953971999952159 ], [ -75.365566999708051, 38.954044999952089 ], [ -75.365208999708557, 38.954149999951881 ], [ -75.364976999708915, 38.9542269999518 ], [ -75.364779999709242, 38.95430899995165 ], [ -75.36442799970979, 38.954485999951373 ], [ -75.363471999711294, 38.955231999950229 ], [ -75.361734999713974, 38.956755999947859 ], [ -75.361713999714027, 38.956787999947778 ], [ -75.361204999714801, 38.957337999946958 ], [ -75.361024999715085, 38.957532999946636 ], [ -75.360876999715288, 38.957659999946429 ], [ -75.360757999715474, 38.95770999994636 ], [ -75.360574999715766, 38.957732999946359 ], [ -75.360511999715868, 38.957723999946325 ], [ -75.360152999716433, 38.957558999946627 ], [ -75.360067999716534, 38.957490999946742 ], [ -75.35998399971669, 38.957396999946866 ], [ -75.359645999717202, 38.956910999947638 ], [ -75.359419999717545, 38.956479999948272 ], [ -75.359102999718061, 38.955988999949057 ], [ -75.358976999718266, 38.955809999949338 ], [ -75.358891999718367, 38.955710999949474 ], [ -75.358821999718486, 38.955647999949576 ], [ -75.358496999719023, 38.955438999949877 ], [ -75.358145999719568, 38.955252999950176 ], [ -75.357990999719789, 38.955190999950275 ], [ -75.357800999720098, 38.955091999950412 ], [ -75.357547999720452, 38.954943999950672 ], [ -75.357364999720744, 38.954795999950875 ], [ -75.357195999721, 38.954634999951168 ], [ -75.357012999721292, 38.954422999951476 ], [ -75.356955999721379, 38.954310999951645 ], [ -75.356906999721446, 38.954179999951862 ], [ -75.356892999721481, 38.954031999952065 ], [ -75.356863999721554, 38.953053999953624 ], [ -75.356898999721466, 38.952796999953989 ], [ -75.356884999721501, 38.952607999954296 ], [ -75.356841999721553, 38.952341999954683 ], [ -75.356799999721659, 38.95220299995492 ], [ -75.35672299972174, 38.952071999955137 ], [ -75.356588999721964, 38.951905999955386 ], [ -75.356468999722154, 38.951788999955568 ], [ -75.355990999722906, 38.951267999956372 ], [ -75.355807999723197, 38.95110599995661 ], [ -75.354357999725437, 38.949965999958408 ], [ -75.35427999972552, 38.949857999958567 ], [ -75.353561999726651, 38.949035999959847 ], [ -75.352773999727901, 38.947924999961572 ], [ -75.352667999728055, 38.947799999961774 ], [ -75.352583999728154, 38.947722999961854 ], [ -75.352484999728347, 38.947650999961979 ], [ -75.352379999728498, 38.947588999962079 ], [ -75.352167999728806, 38.947507999962227 ], [ -75.351858999729302, 38.94740999996236 ], [ -75.351190999730363, 38.9473719999624 ], [ -75.350212999731866, 38.947437999962347 ], [ -75.349930999732294, 38.947500999962244 ], [ -75.349748999732583, 38.947578999962104 ], [ -75.349593999732804, 38.947695999961923 ], [ -75.349459999733028, 38.947817999961728 ], [ -75.349382999733166, 38.9479759999615 ], [ -75.349340999733215, 38.948097999961306 ], [ -75.349298999733264, 38.948372999960839 ], [ -75.349333999733233, 38.948588999960521 ], [ -75.349502999732977, 38.948894999960032 ], [ -75.349523999732924, 38.948975999959941 ], [ -75.349509999732959, 38.949074999959805 ], [ -75.34936299973316, 38.949498999959133 ], [ -75.349313999733226, 38.949597999958939 ], [ -75.349235999733366, 38.949710999958768 ], [ -75.348666999734235, 38.950388999957738 ], [ -75.348391999734702, 38.95068299995728 ], [ -75.34816799973504, 38.950980999956812 ], [ -75.348026999735225, 38.951210999956459 ], [ -75.347400999736237, 38.951991999955226 ], [ -75.347295999736389, 38.9520869999551 ], [ -75.347175999736578, 38.952163999954962 ], [ -75.346890999737013, 38.952309999954764 ], [ -75.346795999737139, 38.952358999954697 ], [ -75.346612999737431, 38.95248599995449 ], [ -75.346458999737706, 38.95262999995424 ], [ -75.346402999737791, 38.95270699995416 ], [ -75.346289999737962, 38.952936999953806 ], [ -75.346078999738268, 38.953239999953325 ], [ -75.345966999738437, 38.953442999952983 ], [ -75.345902999738541, 38.953609999952732 ], [ -75.345853999738608, 38.953816999952437 ], [ -75.345832999738661, 38.954123999951946 ], [ -75.345713999738848, 38.954704999951048 ], [ -75.34567899973888, 38.954821999950866 ], [ -75.345629999738946, 38.954885999950761 ], [ -75.345284999739476, 38.955160999950351 ], [ -75.345240999739588, 38.955187999950283 ], [ -75.345172999739702, 38.955233999950224 ], [ -75.345087999739803, 38.95526999995019 ], [ -75.344947999740043, 38.955310999950086 ], [ -75.344749999740316, 38.955342999950062 ], [ -75.344405999740843, 38.955352999950037 ], [ -75.34420899974117, 38.955321999950058 ], [ -75.34406099974143, 38.955268999950135 ], [ -75.343631999742058, 38.95504899995052 ], [ -75.343392999742434, 38.954878999950779 ], [ -75.34330099974261, 38.954783999950905 ], [ -75.343237999742655, 38.954693999951076 ], [ -75.343152999742813, 38.954459999951439 ], [ -75.343089999742915, 38.954162999951905 ], [ -75.343124999742884, 38.953486999952929 ], [ -75.343117999742844, 38.95326599995326 ], [ -75.343088999742918, 38.953135999953474 ], [ -75.342990999743051, 38.95298699995368 ], [ -75.34294799974316, 38.952946999953781 ], [ -75.342546999743774, 38.952325999954724 ], [ -75.342363999744066, 38.951911999955371 ], [ -75.342173999744318, 38.95143499995612 ], [ -75.342145999744389, 38.951326999956279 ], [ -75.342117999744403, 38.951137999956586 ], [ -75.342102999744441, 38.950993999956779 ], [ -75.342116999744405, 38.950673999957303 ], [ -75.342130999744427, 38.950587999957406 ], [ -75.342362999744012, 38.950010999958351 ], [ -75.342461999743875, 38.949866999958545 ], [ -75.342651999743566, 38.94963199995891 ], [ -75.343016999743043, 38.949121999959686 ], [ -75.343248999742684, 38.948822999960157 ], [ -75.343389999742442, 38.94859299996051 ], [ -75.34345299974234, 38.94845299996075 ], [ -75.343529999742202, 38.948137999961205 ], [ -75.343557999742188, 38.947830999961695 ], [ -75.343547999742214, 38.947576999962109 ], [ -75.343543999742224, 38.947461999962286 ], [ -75.343515999742237, 38.947438999962344 ], [ -75.342530999743758, 38.947162999962757 ], [ -75.342410999743947, 38.947149999962789 ], [ -75.342227999744239, 38.947140999962755 ], [ -75.34197499974465, 38.947119999962808 ], [ -75.341784999744959, 38.947088999962887 ], [ -75.340905999746326, 38.946820999963279 ], [ -75.340736999746582, 38.946739999963427 ], [ -75.340068999747587, 38.946538999963707 ], [ -75.339934999747811, 38.94652199996375 ], [ -75.339406999748633, 38.946351999964008 ], [ -75.3389849997493, 38.946276999964141 ], [ -75.338703999749725, 38.946263999964117 ], [ -75.337978999750817, 38.946292999964101 ], [ -75.337359999751811, 38.946380999963935 ], [ -75.337036999752286, 38.946453999963865 ], [ -75.336796999752664, 38.946534999963717 ], [ -75.335734999754322, 38.946947999963072 ], [ -75.334996999755447, 38.947314999962487 ], [ -75.33449099975627, 38.947631999962027 ], [ -75.334250999756648, 38.947799999961774 ], [ -75.333948999757126, 38.94802999996142 ], [ -75.333807999757312, 38.948147999961236 ], [ -75.333660999757569, 38.948287999960996 ], [ -75.333456999757857, 38.94852299996063 ], [ -75.333336999758046, 38.948716999960311 ], [ -75.333259999758184, 38.948896999960027 ], [ -75.333175999758282, 38.949541999959081 ], [ -75.333062999758454, 38.950019999958329 ], [ -75.333006999758538, 38.950177999958044 ], [ -75.332788999758918, 38.950506999957554 ], [ -75.332718999758981, 38.950565999957462 ], [ -75.332443999759448, 38.95070699995722 ], [ -75.332394999759515, 38.950719999957244 ], [ -75.332246999759718, 38.950738999957196 ], [ -75.331887999760283, 38.95075299995716 ], [ -75.33164899976066, 38.950753999957158 ], [ -75.331085999761569, 38.950687999957267 ], [ -75.330727999762075, 38.950611999957403 ], [ -75.330614999762247, 38.950562999957469 ], [ -75.330269999762834, 38.950486999957604 ], [ -75.330164999762985, 38.950451999957636 ], [ -75.329960999763273, 38.950352999957772 ], [ -75.329629999763824, 38.950150999958112 ], [ -75.329467999764063, 38.950034999958291 ], [ -75.328729999765187, 38.949423999959208 ], [ -75.328102999766202, 38.949006999959863 ], [ -75.328053999766269, 38.948979999959931 ], [ -75.327919999766436, 38.948930999959998 ], [ -75.327687999766795, 38.948858999960123 ], [ -75.327406999767277, 38.948818999960167 ], [ -75.327096999767718, 38.948824999960152 ], [ -75.326942999767994, 38.948842999960164 ], [ -75.326287999768965, 38.949006999959863 ], [ -75.325830999769721, 38.949192999959621 ], [ -75.325598999770079, 38.949315999959424 ], [ -75.325105999770813, 38.949501999959125 ], [ -75.324634999771547, 38.94970999995877 ], [ -75.324472999771785, 38.949800999958654 ], [ -75.324325999772043, 38.949908999958495 ], [ -75.323994999772538, 38.950198999958047 ], [ -75.323685999773033, 38.950649999957307 ], [ -75.323635999773103, 38.95069499995725 ], [ -75.323375999773532, 38.950992999956782 ], [ -75.323164999773837, 38.951155999956541 ], [ -75.322854999774336, 38.95136899995623 ], [ -75.322665999774586, 38.951485999956049 ], [ -75.322397999775035, 38.951666999955762 ], [ -75.322201999775359, 38.951825999955531 ], [ -75.322095999775513, 38.951969999955281 ], [ -75.321982999775685, 38.952181999954973 ], [ -75.321933999775752, 38.95222699995486 ], [ -75.321919999775787, 38.952253999954848 ], [ -75.321750999776043, 38.95282299995398 ], [ -75.321399999776588, 38.953318999953183 ], [ -75.321265999776813, 38.953454999952953 ], [ -75.321152999776984, 38.953531999952872 ], [ -75.320786999777511, 38.953748999952495 ], [ -75.320702999777666, 38.953780999952471 ], [ -75.320400999778144, 38.953803999952413 ], [ -75.319830999779015, 38.953764999952512 ], [ -75.319380999779696, 38.9536849999526 ], [ -75.31905699978023, 38.953600999952755 ], [ -75.317930999781936, 38.953287999953261 ], [ -75.317248999783033, 38.953118999953517 ], [ -75.316938999783531, 38.953011999953674 ], [ -75.316685999783886, 38.95291299995381 ], [ -75.316530999784163, 38.952836999953945 ], [ -75.316305999784504, 38.952688999954148 ], [ -75.31613699978476, 38.952562999954353 ], [ -75.315981999784981, 38.952432999954567 ], [ -75.315081999786401, 38.951547999955949 ], [ -75.314877999786688, 38.951394999956165 ], [ -75.31466699978705, 38.951264999956379 ], [ -75.314504999787289, 38.951188999956514 ], [ -75.313948999788124, 38.950847999957034 ], [ -75.313772999788398, 38.950708999957214 ], [ -75.313610999788693, 38.950537999957533 ], [ -75.313533999788774, 38.950429999957692 ], [ -75.313371999789013, 38.950015999958339 ], [ -75.313350999789066, 38.949718999958804 ], [ -75.313357999789048, 38.949537999959034 ], [ -75.313378999789052, 38.949416999959226 ], [ -75.313540999788756, 38.948915999960036 ], [ -75.313568999788743, 38.94879399996023 ], [ -75.313716999788483, 38.948532999960605 ], [ -75.313878999788244, 38.948265999961052 ], [ -75.314159999787819, 38.947850999961702 ], [ -75.314208999787752, 38.947751999961838 ], [ -75.31427999978763, 38.947579999962102 ], [ -75.314307999787559, 38.947458999962294 ], [ -75.314307999787559, 38.94735999996243 ], [ -75.314293999787594, 38.947282999962567 ], [ -75.313864999788279, 38.946652999963533 ], [ -75.31377999978838, 38.946549999963679 ], [ -75.313688999788553, 38.946459999963849 ], [ -75.313568999788743, 38.946383999963928 ], [ -75.313139999789428, 38.946159999964323 ], [ -75.312970999789684, 38.946096999964425 ], [ -75.312647999790158, 38.946002999964549 ], [ -75.312401999790552, 38.945953999964615 ], [ -75.312385999790592, 38.945948999964628 ], [ -75.312112999790997, 38.945864999964783 ], [ -75.312077999791029, 38.945864999964783 ], [ -75.311729999791567, 38.945980999964604 ], [ -75.310531999793454, 38.946379999963938 ], [ -75.310317999793767, 38.946441999963838 ], [ -75.310191999793972, 38.946481999963794 ], [ -75.30988599979446, 38.946582999963653 ], [ -75.309425999795167, 38.946741999963422 ], [ -75.309305999795356, 38.946804999963319 ], [ -75.307857999797591, 38.947270999962598 ], [ -75.305753999800856, 38.947949999961509 ], [ -75.305385999801445, 38.948058999961347 ], [ -75.305290999801571, 38.948088999961328 ], [ -75.304536999802735, 38.948326999960955 ], [ -75.304360999803009, 38.948385999960863 ], [ -75.304299999803106, 38.948417999960782 ], [ -75.304268999803185, 38.948430999960749 ], [ -75.304133999803355, 38.948471999960702 ], [ -75.303797999803919, 38.948567999960574 ], [ -75.302678999805664, 38.948935999959986 ], [ -75.302627999805736, 38.948962999959974 ], [ -75.302566999805833, 38.948998999959883 ], [ -75.30238999980611, 38.949044999959824 ], [ -75.302214999806381, 38.949085999959777 ], [ -75.302017999806651, 38.949144999959685 ], [ -75.301848999806907, 38.949207999959583 ], [ -75.301785999807009, 38.949239999959502 ], [ -75.301743999807115, 38.949262999959501 ], [ -75.300716999808685, 38.94958999995896 ], [ -75.298281999812446, 38.950370999957784 ], [ -75.297078999814346, 38.950733999957208 ], [ -75.29698099981448, 38.950774999957162 ], [ -75.296515999815199, 38.950915999956919 ], [ -75.293778999819438, 38.951796999955548 ], [ -75.292357999821661, 38.952286999954765 ], [ -75.290345999824808, 38.952927999953772 ], [ -75.288305999827969, 38.95359499995277 ], [ -75.286236999831146, 38.954279999951723 ], [ -75.28412599983443, 38.954992999950605 ], [ -75.279847999841081, 38.956390999948439 ], [ -75.275561999847753, 38.957788999946274 ], [ -75.271156999854554, 38.959195999944086 ], [ -75.264647999864678, 38.961346999940702 ], [ -75.250043999887339, 38.966195999933177 ], [ -75.250000999887391, 38.966208999933201 ], [ -75.249791999887748, 38.966277999933084 ], [ -75.249628999887989, 38.966330999933007 ], [ -75.193315999975368, 38.984751999904404 ], [ -75.138461000060545, 39.002696999876548 ], [ -75.134653000066464, 38.997571999884485 ], [ -75.132718000069474, 38.994093999889913 ], [ -75.13040900007303, 38.989954999896327 ], [ -75.128993000075241, 38.98741699990029 ], [ -75.128119000076595, 38.985850999902709 ], [ -75.125500000080649, 38.981154999909961 ], [ -75.124627000082, 38.979589999912434 ], [ -75.12457700008207, 38.979517999912503 ], [ -75.124430000082327, 38.979301999912877 ], [ -75.124381000082394, 38.979230999912943 ], [ -75.11465000009747, 38.962270999939278 ], [ -75.085458000142808, 38.911393000018279 ], [ -75.075728000157937, 38.894434000044612 ], [ -75.073536000161312, 38.890569000050618 ], [ -75.066960000171548, 38.878976000068576 ], [ -75.06476900017492, 38.87511200007458 ], [ -75.064639000175134, 38.874955000074806 ], [ -75.064249000175721, 38.874486000075535 ], [ -75.064120000175933, 38.874330000075815 ], [ -75.061100000180602, 38.869059000083951 ], [ -75.052041000194663, 38.853247000108524 ], [ -75.049022000199386, 38.847977000116714 ], [ -75.049009000199362, 38.847954000116715 ], [ -75.048970000199461, 38.847887000116827 ], [ -75.048958000199491, 38.847865000116883 ], [ -75.048800000199719, 38.847589000117296 ], [ -75.048327000200459, 38.846764000118583 ], [ -75.048170000200685, 38.846489000118993 ], [ -75.045744000204479, 38.842254000125592 ], [ -75.043317000208219, 38.838019000132135 ], [ -75.041757000210623, 38.835297000136393 ], [ -75.029713000229322, 38.814274000169007 ], [ -75.022521000240488, 38.801721000188479 ], [ -75.016109000250424, 38.790530000205877 ], [ -75.015911000250753, 38.790155000206425 ], [ -75.015320000251677, 38.789031000208183 ], [ -75.015123000252004, 38.788657000208786 ], [ -75.017366000248501, 38.786639000211892 ], [ -75.017203000248742, 38.786077000212799 ], [ -75.016750000249431, 38.784516000215206 ], [ -75.015210000251841, 38.777576000225963 ], [ -75.014529000252878, 38.775620000229026 ], [ -75.013389000254676, 38.772347000234106 ], [ -75.013382000254694, 38.772212000234276 ], [ -75.013376000254709, 38.772113000234469 ], [ -75.013154000255042, 38.767573000241498 ], [ -75.013193000255001, 38.761591000250803 ], [ -75.013200000254983, 38.761062000251627 ], [ -75.013268000254868, 38.756147000259261 ], [ -75.013867000253924, 38.750112000268587 ], [ -75.01389500025391, 38.750000000268756 ], [ -75.014265000253317, 38.748531000271043 ], [ -75.014212000253394, 38.745036000276514 ], [ -75.012430000256188, 38.734003000293626 ], [ -75.011321000257908, 38.72792100030307 ], [ -75.009861000260173, 38.719908000315513 ], [ -75.009534000260658, 38.716916000320111 ], [ -75.008994000261509, 38.711973000327816 ], [ -75.006726000265019, 38.702450000342594 ], [ -75.005936000266217, 38.699892000346551 ], [ -75.005847000266385, 38.699366000347368 ], [ -75.004637000268247, 38.692223000358467 ], [ -75.003025000270782, 38.685964000368187 ], [ -75.002751000271189, 38.683274000372364 ], [ -75.002700000271261, 38.679677000377922 ], [ -75.002136000272117, 38.675910000383794 ], [ -75.002451000271662, 38.669997000392982 ], [ -75.002745000271204, 38.666235000398785 ], [ -75.002615000271419, 38.661966000405414 ], [ -75.002595000271413, 38.655211000415932 ], [ -75.001920000272492, 38.649729000424429 ], [ -75.002120000272157, 38.645881000430393 ], [ -75.002132000272127, 38.645664000430713 ], [ -75.00218100027206, 38.640623000438552 ], [ -75.00175000027275, 38.636454000445042 ], [ -75.001671000272836, 38.63581500044603 ], [ -75.001865000272574, 38.633430000449721 ], [ -75.001968000272427, 38.631683000452426 ], [ -75.001079000273762, 38.630535000454188 ], [ -75.000020000275413, 38.629320000456119 ], [ -74.99962200027602, 38.628780000456914 ], [ -74.999151000276754, 38.628046000458085 ], [ -74.997738000278957, 38.625844000461484 ], [ -74.997268000279689, 38.625111000462653 ], [ -74.996633000280667, 38.62297600046594 ], [ -74.994729000283655, 38.61657300047591 ], [ -74.994095000284631, 38.614439000479194 ] ] ] } },
{ "type": "Feature", "properties": { "permanent_": "398f906f-25b0-4450-af4f-edce31031210", "source_fea": "10001", "source_dat": "ccda6193-1739-4dd9-aa2b-1f14c80bcca4", "source_d_1": "2022 TIGER/Line Shapefile, Current County and Equivalent", "source_ori": "U.S. Census Bureau", "loaddate": "2022-11-30", "fcode": 61200, "state_fips": "10", "state_name": "Delaware", "county_fip": "001", "county_nam": "Kent", "stco_fipsc": "10001", "population": 181851, "areasqkm": 2067.6684716599998, "gnis_id": "217271", "gnis_name": "Kent County", "shape_Leng": null, "shape_Area": null, "ObjectID": 3 }, "geometry": { "type": "Polygon", "coordinates": [ [ [ -75.3162229997846, 39.245306999499974 ], [ -75.313081999789517, 39.241299999506168 ], [ -75.303660999804094, 39.229279999524863 ], [ -75.300520999809009, 39.225273999531055 ], [ -75.295399999816937, 39.218684999541267 ], [ -75.290287999824898, 39.212106999551509 ], [ -75.290213999824971, 39.212011999551635 ], [ -75.282794999836483, 39.202461999566481 ], [ -75.27531599984809, 39.192832999581412 ], [ -75.271728999853678, 39.188211999588589 ], [ -75.26815299985924, 39.183606999595725 ], [ -75.25931099987298, 39.172214999613402 ], [ -75.258575999874097, 39.171266999614886 ], [ -75.249016999888909, 39.158944999634002 ], [ -75.249016999888909, 39.15892999963404 ], [ -75.249016999888909, 39.158886999634092 ], [ -75.249017999888906, 39.158872999634127 ], [ -75.248843999889175, 39.15865099963446 ], [ -75.248323999890033, 39.157986999635511 ], [ -75.248150999890299, 39.157765999635842 ], [ -75.24591399989373, 39.154506999640887 ], [ -75.239202999904137, 39.144729999656079 ], [ -75.236966999907622, 39.141471999661121 ], [ -75.23437299991167, 39.137787999666841 ], [ -75.226592999923753, 39.126735999684001 ], [ -75.223999999927742, 39.123052999689719 ], [ -75.223014999929319, 39.121630999691945 ], [ -75.220059999933881, 39.117367999698558 ], [ -75.219074999935401, 39.115946999700782 ], [ -75.213593999943896, 39.108556999712221 ], [ -75.197150999969438, 39.086388999746646 ], [ -75.19167099997793, 39.078999999758082 ], [ -75.189291999981663, 39.076678999761725 ], [ -75.182156999992685, 39.069717999772536 ], [ -75.179778999996415, 39.067397999776119 ], [ -75.177515, 39.065153999779625 ], [ -75.170725000010464, 39.058421999790028 ], [ -75.16846200001396, 39.056178999793531 ], [ -75.162053000023889, 39.045005999810883 ], [ -75.142827000053785, 39.011486999862882 ], [ -75.138461000060545, 39.002696999876548 ], [ -75.193315999975368, 38.984751999904404 ], [ -75.249628999887989, 38.966330999933007 ], [ -75.249791999887748, 38.966277999933084 ], [ -75.250000999887391, 38.966208999933201 ], [ -75.250043999887339, 38.966195999933177 ], [ -75.264647999864678, 38.961346999940702 ], [ -75.271156999854554, 38.959195999944086 ], [ -75.275561999847753, 38.957788999946274 ], [ -75.279847999841081, 38.956390999948439 ], [ -75.28412599983443, 38.954992999950605 ], [ -75.286236999831146, 38.954279999951723 ], [ -75.288305999827969, 38.95359499995277 ], [ -75.290345999824808, 38.952927999953772 ], [ -75.292357999821661, 38.952286999954765 ], [ -75.293778999819438, 38.951796999955548 ], [ -75.296515999815199, 38.950915999956919 ], [ -75.29698099981448, 38.950774999957162 ], [ -75.297078999814346, 38.950733999957208 ], [ -75.298281999812446, 38.950370999957784 ], [ -75.300716999808685, 38.94958999995896 ], [ -75.301743999807115, 38.949262999959501 ], [ -75.301785999807009, 38.949239999959502 ], [ -75.301848999806907, 38.949207999959583 ], [ -75.302017999806651, 38.949144999959685 ], [ -75.302214999806381, 38.949085999959777 ], [ -75.30238999980611, 38.949044999959824 ], [ -75.302566999805833, 38.948998999959883 ], [ -75.302627999805736, 38.948962999959974 ], [ -75.302678999805664, 38.948935999959986 ], [ -75.303797999803919, 38.948567999960574 ], [ -75.304133999803355, 38.948471999960702 ], [ -75.304268999803185, 38.948430999960749 ], [ -75.304299999803106, 38.948417999960782 ], [ -75.304360999803009, 38.948385999960863 ], [ -75.304536999802735, 38.948326999960955 ], [ -75.305290999801571, 38.948088999961328 ], [ -75.305385999801445, 38.948058999961347 ], [ -75.305753999800856, 38.947949999961509 ], [ -75.307857999797591, 38.947270999962598 ], [ -75.309305999795356, 38.946804999963319 ], [ -75.309425999795167, 38.946741999963422 ], [ -75.30988599979446, 38.946582999963653 ], [ -75.310191999793972, 38.946481999963794 ], [ -75.310317999793767, 38.946441999963838 ], [ -75.310531999793454, 38.946379999963938 ], [ -75.311729999791567, 38.945980999964604 ], [ -75.312077999791029, 38.945864999964783 ], [ -75.312112999790997, 38.945864999964783 ], [ -75.312385999790592, 38.945948999964628 ], [ -75.312401999790552, 38.945953999964615 ], [ -75.312647999790158, 38.946002999964549 ], [ -75.312970999789684, 38.946096999964425 ], [ -75.313139999789428, 38.946159999964323 ], [ -75.313568999788743, 38.946383999963928 ], [ -75.313688999788553, 38.946459999963849 ], [ -75.31377999978838, 38.946549999963679 ], [ -75.313864999788279, 38.946652999963533 ], [ -75.314293999787594, 38.947282999962567 ], [ -75.314307999787559, 38.94735999996243 ], [ -75.314307999787559, 38.947458999962294 ], [ -75.31427999978763, 38.947579999962102 ], [ -75.314208999787752, 38.947751999961838 ], [ -75.314159999787819, 38.947850999961702 ], [ -75.313878999788244, 38.948265999961052 ], [ -75.313716999788483, 38.948532999960605 ], [ -75.313568999788743, 38.94879399996023 ], [ -75.313540999788756, 38.948915999960036 ], [ -75.313378999789052, 38.949416999959226 ], [ -75.313357999789048, 38.949537999959034 ], [ -75.313350999789066, 38.949718999958804 ], [ -75.313371999789013, 38.950015999958339 ], [ -75.313533999788774, 38.950429999957692 ], [ -75.313610999788693, 38.950537999957533 ], [ -75.313772999788398, 38.950708999957214 ], [ -75.313948999788124, 38.950847999957034 ], [ -75.314504999787289, 38.951188999956514 ], [ -75.31466699978705, 38.951264999956379 ], [ -75.314877999786688, 38.951394999956165 ], [ -75.315081999786401, 38.951547999955949 ], [ -75.315981999784981, 38.952432999954567 ], [ -75.31613699978476, 38.952562999954353 ], [ -75.316305999784504, 38.952688999954148 ], [ -75.316530999784163, 38.952836999953945 ], [ -75.316685999783886, 38.95291299995381 ], [ -75.316938999783531, 38.953011999953674 ], [ -75.317248999783033, 38.953118999953517 ], [ -75.317930999781936, 38.953287999953261 ], [ -75.31905699978023, 38.953600999952755 ], [ -75.319380999779696, 38.9536849999526 ], [ -75.319830999779015, 38.953764999952512 ], [ -75.320400999778144, 38.953803999952413 ], [ -75.320702999777666, 38.953780999952471 ], [ -75.320786999777511, 38.953748999952495 ], [ -75.321152999776984, 38.953531999952872 ], [ -75.321265999776813, 38.953454999952953 ], [ -75.321399999776588, 38.953318999953183 ], [ -75.321750999776043, 38.95282299995398 ], [ -75.321919999775787, 38.952253999954848 ], [ -75.321933999775752, 38.95222699995486 ], [ -75.321982999775685, 38.952181999954973 ], [ -75.322095999775513, 38.951969999955281 ], [ -75.322201999775359, 38.951825999955531 ], [ -75.322397999775035, 38.951666999955762 ], [ -75.322665999774586, 38.951485999956049 ], [ -75.322854999774336, 38.95136899995623 ], [ -75.323164999773837, 38.951155999956541 ], [ -75.323375999773532, 38.950992999956782 ], [ -75.323635999773103, 38.95069499995725 ], [ -75.323685999773033, 38.950649999957307 ], [ -75.323994999772538, 38.950198999958047 ], [ -75.324325999772043, 38.949908999958495 ], [ -75.324472999771785, 38.949800999958654 ], [ -75.324634999771547, 38.94970999995877 ], [ -75.325105999770813, 38.949501999959125 ], [ -75.325598999770079, 38.949315999959424 ], [ -75.325830999769721, 38.949192999959621 ], [ -75.326287999768965, 38.949006999959863 ], [ -75.326942999767994, 38.948842999960164 ], [ -75.327096999767718, 38.948824999960152 ], [ -75.327406999767277, 38.948818999960167 ], [ -75.327687999766795, 38.948858999960123 ], [ -75.327919999766436, 38.948930999959998 ], [ -75.328053999766269, 38.948979999959931 ], [ -75.328102999766202, 38.949006999959863 ], [ -75.328729999765187, 38.949423999959208 ], [ -75.329467999764063, 38.950034999958291 ], [ -75.329629999763824, 38.950150999958112 ], [ -75.329960999763273, 38.950352999957772 ], [ -75.330164999762985, 38.950451999957636 ], [ -75.330269999762834, 38.950486999957604 ], [ -75.330614999762247, 38.950562999957469 ], [ -75.330727999762075, 38.950611999957403 ], [ -75.331085999761569, 38.950687999957267 ], [ -75.33164899976066, 38.950753999957158 ], [ -75.331887999760283, 38.95075299995716 ], [ -75.332246999759718, 38.950738999957196 ], [ -75.332394999759515, 38.950719999957244 ], [ -75.332443999759448, 38.95070699995722 ], [ -75.332718999758981, 38.950565999957462 ], [ -75.332788999758918, 38.950506999957554 ], [ -75.333006999758538, 38.950177999958044 ], [ -75.333062999758454, 38.950019999958329 ], [ -75.333175999758282, 38.949541999959081 ], [ -75.333259999758184, 38.948896999960027 ], [ -75.333336999758046, 38.948716999960311 ], [ -75.333456999757857, 38.94852299996063 ], [ -75.333660999757569, 38.948287999960996 ], [ -75.333807999757312, 38.948147999961236 ], [ -75.333948999757126, 38.94802999996142 ], [ -75.334250999756648, 38.947799999961774 ], [ -75.33449099975627, 38.947631999962027 ], [ -75.334996999755447, 38.947314999962487 ], [ -75.335734999754322, 38.946947999963072 ], [ -75.336796999752664, 38.946534999963717 ], [ -75.337036999752286, 38.946453999963865 ], [ -75.337359999751811, 38.946380999963935 ], [ -75.337978999750817, 38.946292999964101 ], [ -75.338703999749725, 38.946263999964117 ], [ -75.3389849997493, 38.946276999964141 ], [ -75.339406999748633, 38.946351999964008 ], [ -75.339934999747811, 38.94652199996375 ], [ -75.340068999747587, 38.946538999963707 ], [ -75.340736999746582, 38.946739999963427 ], [ -75.340905999746326, 38.946820999963279 ], [ -75.341784999744959, 38.947088999962887 ], [ -75.34197499974465, 38.947119999962808 ], [ -75.342227999744239, 38.947140999962755 ], [ -75.342410999743947, 38.947149999962789 ], [ -75.342530999743758, 38.947162999962757 ], [ -75.343515999742237, 38.947438999962344 ], [ -75.343543999742224, 38.947461999962286 ], [ -75.343547999742214, 38.947576999962109 ], [ -75.343557999742188, 38.947830999961695 ], [ -75.343529999742202, 38.948137999961205 ], [ -75.34345299974234, 38.94845299996075 ], [ -75.343389999742442, 38.94859299996051 ], [ -75.343248999742684, 38.948822999960157 ], [ -75.343016999743043, 38.949121999959686 ], [ -75.342651999743566, 38.94963199995891 ], [ -75.342461999743875, 38.949866999958545 ], [ -75.342362999744012, 38.950010999958351 ], [ -75.342130999744427, 38.950587999957406 ], [ -75.342116999744405, 38.950673999957303 ], [ -75.342102999744441, 38.950993999956779 ], [ -75.342117999744403, 38.951137999956586 ], [ -75.342145999744389, 38.951326999956279 ], [ -75.342173999744318, 38.95143499995612 ], [ -75.342363999744066, 38.951911999955371 ], [ -75.342546999743774, 38.952325999954724 ], [ -75.34294799974316, 38.952946999953781 ], [ -75.342990999743051, 38.95298699995368 ], [ -75.343088999742918, 38.953135999953474 ], [ -75.343117999742844, 38.95326599995326 ], [ -75.343124999742884, 38.953486999952929 ], [ -75.343089999742915, 38.954162999951905 ], [ -75.343152999742813, 38.954459999951439 ], [ -75.343237999742655, 38.954693999951076 ], [ -75.34330099974261, 38.954783999950905 ], [ -75.343392999742434, 38.954878999950779 ], [ -75.343631999742058, 38.95504899995052 ], [ -75.34406099974143, 38.955268999950135 ], [ -75.34420899974117, 38.955321999950058 ], [ -75.344405999740843, 38.955352999950037 ], [ -75.344749999740316, 38.955342999950062 ], [ -75.344947999740043, 38.955310999950086 ], [ -75.345087999739803, 38.95526999995019 ], [ -75.345172999739702, 38.955233999950224 ], [ -75.345240999739588, 38.955187999950283 ], [ -75.345284999739476, 38.955160999950351 ], [ -75.345629999738946, 38.954885999950761 ], [ -75.34567899973888, 38.954821999950866 ], [ -75.345713999738848, 38.954704999951048 ], [ -75.345832999738661, 38.954123999951946 ], [ -75.345853999738608, 38.953816999952437 ], [ -75.345902999738541, 38.953609999952732 ], [ -75.345966999738437, 38.953442999952983 ], [ -75.346078999738268, 38.953239999953325 ], [ -75.346289999737962, 38.952936999953806 ], [ -75.346402999737791, 38.95270699995416 ], [ -75.346458999737706, 38.95262999995424 ], [ -75.346612999737431, 38.95248599995449 ], [ -75.346795999737139, 38.952358999954697 ], [ -75.346890999737013, 38.952309999954764 ], [ -75.347175999736578, 38.952163999954962 ], [ -75.347295999736389, 38.9520869999551 ], [ -75.347400999736237, 38.951991999955226 ], [ -75.348026999735225, 38.951210999956459 ], [ -75.34816799973504, 38.950980999956812 ], [ -75.348391999734702, 38.95068299995728 ], [ -75.348666999734235, 38.950388999957738 ], [ -75.349235999733366, 38.949710999958768 ], [ -75.349313999733226, 38.949597999958939 ], [ -75.34936299973316, 38.949498999959133 ], [ -75.349509999732959, 38.949074999959805 ], [ -75.349523999732924, 38.948975999959941 ], [ -75.349502999732977, 38.948894999960032 ], [ -75.349333999733233, 38.948588999960521 ], [ -75.349298999733264, 38.948372999960839 ], [ -75.349340999733215, 38.948097999961306 ], [ -75.349382999733166, 38.9479759999615 ], [ -75.349459999733028, 38.947817999961728 ], [ -75.349593999732804, 38.947695999961923 ], [ -75.349748999732583, 38.947578999962104 ], [ -75.349930999732294, 38.947500999962244 ], [ -75.350212999731866, 38.947437999962347 ], [ -75.351190999730363, 38.9473719999624 ], [ -75.351858999729302, 38.94740999996236 ], [ -75.352167999728806, 38.947507999962227 ], [ -75.352379999728498, 38.947588999962079 ], [ -75.352484999728347, 38.947650999961979 ], [ -75.352583999728154, 38.947722999961854 ], [ -75.352667999728055, 38.947799999961774 ], [ -75.352773999727901, 38.947924999961572 ], [ -75.353561999726651, 38.949035999959847 ], [ -75.35427999972552, 38.949857999958567 ], [ -75.354357999725437, 38.949965999958408 ], [ -75.355807999723197, 38.95110599995661 ], [ -75.355990999722906, 38.951267999956372 ], [ -75.356468999722154, 38.951788999955568 ], [ -75.356588999721964, 38.951905999955386 ], [ -75.35672299972174, 38.952071999955137 ], [ -75.356799999721659, 38.95220299995492 ], [ -75.356841999721553, 38.952341999954683 ], [ -75.356884999721501, 38.952607999954296 ], [ -75.356898999721466, 38.952796999953989 ], [ -75.356863999721554, 38.953053999953624 ], [ -75.356892999721481, 38.954031999952065 ], [ -75.356906999721446, 38.954179999951862 ], [ -75.356955999721379, 38.954310999951645 ], [ -75.357012999721292, 38.954422999951476 ], [ -75.357195999721, 38.954634999951168 ], [ -75.357364999720744, 38.954795999950875 ], [ -75.357547999720452, 38.954943999950672 ], [ -75.357800999720098, 38.955091999950412 ], [ -75.357990999719789, 38.955190999950275 ], [ -75.358145999719568, 38.955252999950176 ], [ -75.358496999719023, 38.955438999949877 ], [ -75.358821999718486, 38.955647999949576 ], [ -75.358891999718367, 38.955710999949474 ], [ -75.358976999718266, 38.955809999949338 ], [ -75.359102999718061, 38.955988999949057 ], [ -75.359419999717545, 38.956479999948272 ], [ -75.359645999717202, 38.956910999947638 ], [ -75.35998399971669, 38.957396999946866 ], [ -75.360067999716534, 38.957490999946742 ], [ -75.360152999716433, 38.957558999946627 ], [ -75.360511999715868, 38.957723999946325 ], [ -75.360574999715766, 38.957732999946359 ], [ -75.360757999715474, 38.95770999994636 ], [ -75.360876999715288, 38.957659999946429 ], [ -75.361024999715085, 38.957532999946636 ], [ -75.361204999714801, 38.957337999946958 ], [ -75.361713999714027, 38.956787999947778 ], [ -75.361734999713974, 38.956755999947859 ], [ -75.363471999711294, 38.955231999950229 ], [ -75.36442799970979, 38.954485999951373 ], [ -75.364779999709242, 38.95430899995165 ], [ -75.364976999708915, 38.9542269999518 ], [ -75.365208999708557, 38.954149999951881 ], [ -75.365566999708051, 38.954044999952089 ], [ -75.365883999707535, 38.953971999952159 ], [ -75.366066999707243, 38.953944999952228 ], [ -75.366207999707001, 38.953934999952253 ], [ -75.366270999706956, 38.95393999995224 ], [ -75.366326999706871, 38.953956999952197 ], [ -75.366474999706611, 38.95403399995206 ], [ -75.366615999706369, 38.954154999951868 ], [ -75.366735999706236, 38.954302999951665 ], [ -75.366826999706063, 38.954455999951449 ], [ -75.36697499970586, 38.955193999950268 ], [ -75.36705299970572, 38.95549599994979 ], [ -75.367101999705653, 38.955621999949642 ], [ -75.367179999705513, 38.95574299994945 ], [ -75.367547999704925, 38.956219999948701 ], [ -75.367714999704674, 38.956435999948326 ], [ -75.367841999704467, 38.956547999948157 ], [ -75.367938999704336, 38.956672999948012 ], [ -75.368186999703937, 38.957055999947386 ], [ -75.368228999703888, 38.95715499994725 ], [ -75.368285999703801, 38.957343999946943 ], [ -75.368313999703787, 38.957559999946625 ], [ -75.368299999703765, 38.957933999946022 ], [ -75.368257999703872, 38.958181999945623 ], [ -75.368229999703885, 38.958265999945525 ], [ -75.368187999703935, 38.958398999945302 ], [ -75.367908999704412, 38.958943999944438 ], [ -75.367876999704436, 38.959037999944314 ], [ -75.367857999704484, 38.959142999944163 ], [ -75.367850999704501, 38.959390999943764 ], [ -75.367857999704484, 38.959471999943617 ], [ -75.367885999704413, 38.959579999943458 ], [ -75.367935999704343, 38.959651999943333 ], [ -75.36803399970421, 38.959750999943196 ], [ -75.368385999703662, 38.959988999942823 ], [ -75.368695999703164, 38.960153999942577 ], [ -75.369040999702634, 38.960305999942364 ], [ -75.369469999701948, 38.960466999942071 ], [ -75.369934999701229, 38.960568999941927 ], [ -75.370250999700772, 38.960666999941793 ], [ -75.370377999700565, 38.960729999941691 ], [ -75.370968999699642, 38.961056999941206 ], [ -75.371243999699232, 38.961195999940969 ], [ -75.371312999699114, 38.961219999940909 ], [ -75.371658999698582, 38.961338999940722 ], [ -75.372038999697963, 38.961422999940623 ], [ -75.372130999697845, 38.961435999940591 ], [ -75.372369999697469, 38.961417999940636 ], [ -75.372988999696474, 38.961356999940733 ], [ -75.373431999695811, 38.961287999940794 ], [ -75.374022999694887, 38.961087999941128 ], [ -75.374817999693676, 38.960765999941657 ], [ -75.374999999693387, 38.960710999941739 ], [ -75.375104999693235, 38.960705999941752 ], [ -75.375534999692547, 38.96055599994196 ], [ -75.37587899969202, 38.960495999942054 ], [ -75.376019999691778, 38.9604779999421 ], [ -75.376280999691403, 38.960471999942115 ], [ -75.376589999690907, 38.960507999942024 ], [ -75.376850999690532, 38.96055199994197 ], [ -75.377173999690001, 38.960653999941826 ], [ -75.377482999689505, 38.960806999941553 ], [ -75.377588999689351, 38.960832999941545 ], [ -75.377724999689178, 38.960885999941468 ], [ -75.378087999688603, 38.96102499994123 ], [ -75.378193999688449, 38.961096999941105 ], [ -75.378833999687402, 38.961364999940713 ], [ -75.379128999686998, 38.961467999940567 ], [ -75.380169999685336, 38.961892999939892 ], [ -75.380254999685235, 38.961905999939859 ], [ -75.380648999684638, 38.961872999939885 ], [ -75.38080399968436, 38.961831999939989 ], [ -75.38095099968416, 38.961781999940058 ], [ -75.381035999684002, 38.961740999940105 ], [ -75.381105999683882, 38.961677999940207 ], [ -75.381183999683799, 38.961591999940367 ], [ -75.381260999683661, 38.961460999940527 ], [ -75.381338999683521, 38.961284999940801 ], [ -75.38136199968352, 38.961127999941084 ], [ -75.381366999683507, 38.960960999941335 ], [ -75.381317999683574, 38.960568999941927 ], [ -75.381296999683627, 38.960068999942735 ], [ -75.381332999683536, 38.959658999943372 ], [ -75.3814319996834, 38.959153999944135 ], [ -75.381523999683282, 38.958819999944637 ], [ -75.381516999683242, 38.95876099994473 ], [ -75.381685999682986, 38.958350999945367 ], [ -75.381720999682955, 38.958205999945619 ], [ -75.381826999682801, 38.957894999946063 ], [ -75.38212999968232, 38.956690999947966 ], [ -75.382172999682268, 38.956550999948149 ], [ -75.382256999682113, 38.956329999948537 ], [ -75.382397999681871, 38.9560959999489 ], [ -75.382524999681721, 38.955905999949152 ], [ -75.382594999681601, 38.9558249999493 ], [ -75.382644999681531, 38.955792999949324 ], [ -75.382890999681138, 38.955687999949532 ], [ -75.383516999680182, 38.955528999949763 ], [ -75.384058999679326, 38.955427999949904 ], [ -75.384354999678862, 38.955390999949998 ], [ -75.384924999677992, 38.955352999950037 ], [ -75.38533299967736, 38.955301999950109 ], [ -75.386042999676249, 38.955199999950253 ], [ -75.386380999675737, 38.955140999950345 ], [ -75.38649999967555, 38.95512699995038 ], [ -75.38657799967541, 38.955112999950416 ], [ -75.386851999675002, 38.955017999950542 ], [ -75.38699299967476, 38.954980999950635 ], [ -75.38733799967423, 38.954907999950706 ], [ -75.387464999674023, 38.954870999950799 ], [ -75.387590999673819, 38.954816999950879 ], [ -75.38900499967167, 38.954671999951074 ], [ -75.389054999671544, 38.954680999951051 ], [ -75.389131999671463, 38.954694999951073 ], [ -75.38922299967129, 38.954729999950985 ], [ -75.389412999670981, 38.954850999950793 ], [ -75.389461999670914, 38.954900999950723 ], [ -75.389644999670622, 38.955458999949883 ], [ -75.389728999670524, 38.955584999949679 ], [ -75.389855999670317, 38.955921999949169 ], [ -75.390016999670081, 38.956272999948624 ], [ -75.39005299966999, 38.956326999948544 ], [ -75.390276999669652, 38.956542999948169 ], [ -75.390494999669329, 38.956699999947944 ], [ -75.390663999669073, 38.956779999947798 ], [ -75.390755999668897, 38.956792999947822 ], [ -75.390952999668627, 38.956810999947777 ], [ -75.391163999668265, 38.956800999947802 ], [ -75.391409999667928, 38.956754999947862 ], [ -75.391712999667448, 38.956681999947989 ], [ -75.392247999666608, 38.956521999948222 ], [ -75.392514999666219, 38.956367999948441 ], [ -75.392704999665909, 38.95622799994868 ], [ -75.393211999665084, 38.955739999949458 ], [ -75.393280999665024, 38.955645999949581 ], [ -75.393345999664916, 38.955536999949743 ], [ -75.393380999664828, 38.955454999949893 ], [ -75.393408999664814, 38.955202999950245 ], [ -75.393296999664983, 38.954788999950893 ], [ -75.393282999665018, 38.95465799995111 ], [ -75.39316999966519, 38.954405999951518 ], [ -75.393120999665257, 38.954347999951608 ], [ -75.393113999665275, 38.954315999951632 ], [ -75.393133999665224, 38.954139999951906 ], [ -75.393198999665117, 38.953648999952691 ], [ -75.393240999665068, 38.953481999952942 ], [ -75.393360999664878, 38.953202999953362 ], [ -75.393614999664464, 38.952845999953922 ], [ -75.39401599966385, 38.952388999954621 ], [ -75.394536999663046, 38.951841999955491 ], [ -75.395099999662193, 38.951312999956315 ], [ -75.395423999661659, 38.951099999956625 ], [ -75.397252999658861, 38.950440999957664 ], [ -75.397668999658208, 38.950258999957953 ], [ -75.398343999657129, 38.949905999958503 ], [ -75.399441999655437, 38.949081999959787 ], [ -75.399680999655061, 38.948882999960063 ], [ -75.400102999654393, 38.94844899996076 ], [ -75.400222999654204, 38.948344999960909 ], [ -75.400504999653776, 38.948009999961414 ], [ -75.400616999653607, 38.947865999961664 ], [ -75.400715999653471, 38.94771699996187 ], [ -75.400813999653337, 38.947526999962179 ], [ -75.401039999652937, 38.947030999962976 ], [ -75.401109999652874, 38.946534999963717 ], [ -75.401117999652854, 38.946403999963934 ], [ -75.401095999652853, 38.946277999964138 ], [ -75.401032999652955, 38.946097999964422 ], [ -75.400955999653092, 38.945922999964694 ], [ -75.400899999653177, 38.945818999964843 ], [ -75.400758999653419, 38.945620999965115 ], [ -75.400554999653707, 38.945373999965511 ], [ -75.400346999654062, 38.94514199996587 ], [ -75.400111999654428, 38.944924999966247 ], [ -75.399718999655022, 38.944470999966939 ], [ -75.399394999655499, 38.943908999967789 ], [ -75.399113999655924, 38.943351999968684 ], [ -75.398994999656111, 38.94297799996923 ], [ -75.398944999656237, 38.942856999969422 ], [ -75.398881999656339, 38.942766999969592 ], [ -75.398769999656508, 38.942437999970082 ], [ -75.39865699965668, 38.942104999970582 ], [ -75.398650999656695, 38.941969999970809 ], [ -75.398629999656691, 38.941888999970956 ], [ -75.398544999656849, 38.941667999971287 ], [ -75.398495999656916, 38.941262999971912 ], [ -75.398492999656924, 38.941106999972135 ], [ -75.398489999656931, 38.940969999972367 ], [ -75.398502999656898, 38.940793999972641 ], [ -75.398524999656843, 38.94073999997272 ], [ -75.398559999656811, 38.940690999972787 ], [ -75.398770999656506, 38.940437999973199 ], [ -75.399221999655765, 38.939840999974138 ], [ -75.399488999655375, 38.93937199997481 ], [ -75.399608999655186, 38.939190999975096 ], [ -75.399833999654845, 38.938928999975531 ], [ -75.399967999654621, 38.938810999975715 ], [ -75.40026299965416, 38.938593999976035 ], [ -75.400445999653869, 38.938484999976197 ], [ -75.401936999651582, 38.937830999977223 ], [ -75.402218999651154, 38.937726999977372 ], [ -75.40239499965088, 38.937649999977509 ], [ -75.402844999650142, 38.93749499997773 ], [ -75.402872999650128, 38.937471999977788 ], [ -75.402872999650128, 38.937449999977844 ], [ -75.402668999650416, 38.937220999978194 ], [ -75.402289999651032, 38.936824999978796 ], [ -75.401579999652142, 38.9362419999797 ], [ -75.401333999652479, 38.935999999980083 ], [ -75.401199999652704, 38.935914999980184 ], [ -75.401044999652981, 38.935833999980332 ], [ -75.400601999653645, 38.935641999980646 ], [ -75.40047599965385, 38.935592999980713 ], [ -75.40032099965407, 38.93554799998077 ], [ -75.400095999654411, 38.935516999980848 ], [ -75.400018999654549, 38.935521999980836 ], [ -75.399877999654791, 38.935567999980719 ], [ -75.399736999654976, 38.935626999980627 ], [ -75.399645999655149, 38.935694999980569 ], [ -75.399518999655299, 38.935811999980388 ], [ -75.399321999655626, 38.935956999980135 ], [ -75.399054999656016, 38.936124999979882 ], [ -75.39887899965629, 38.936214999979711 ], [ -75.398779999656483, 38.936242999979697 ], [ -75.398667999656652, 38.936256999979662 ], [ -75.398329999657165, 38.936275999979671 ], [ -75.39811899965747, 38.936334999979579 ], [ -75.397985999657692, 38.936339999979566 ], [ -75.397956999657765, 38.936321999979555 ], [ -75.397914999657814, 38.936272999979622 ], [ -75.397886999657828, 38.936186999979782 ], [ -75.39802099965766, 38.935384999981011 ], [ -75.398119999657467, 38.934955999981696 ], [ -75.398211999657349, 38.934644999982197 ], [ -75.39837399965711, 38.934171999982937 ], [ -75.398394999657057, 38.934071999983075 ], [ -75.398528999656833, 38.933769999983554 ], [ -75.398612999656734, 38.933516999983908 ], [ -75.398767999656513, 38.933268999984307 ], [ -75.39901399965612, 38.932799999985036 ], [ -75.399154999655877, 38.932564999985402 ], [ -75.399365999655572, 38.932252999985906 ], [ -75.399534999655316, 38.932044999986203 ], [ -75.399717999655024, 38.9318599999865 ], [ -75.399844999654817, 38.931746999986672 ], [ -75.400175999654323, 38.931389999987232 ], [ -75.400273999654132, 38.93123199998746 ], [ -75.400400999653925, 38.930969999987894 ], [ -75.400562999653687, 38.930563999988522 ], [ -75.400632999653567, 38.930360999988807 ], [ -75.400653999653571, 38.930261999989 ], [ -75.400865999653206, 38.929909999989547 ], [ -75.400900999653174, 38.929818999989664 ], [ -75.400893999653192, 38.929755999989766 ], [ -75.400949999653108, 38.929480999990176 ], [ -75.40095699965309, 38.92935499999038 ], [ -75.400949999653108, 38.929192999990619 ], [ -75.400893999653192, 38.929012999990903 ], [ -75.400773999653381, 38.928832999991187 ], [ -75.400563999653684, 38.928562999991641 ], [ -75.40040199965398, 38.928387999991912 ], [ -75.399706999655052, 38.927781999992817 ], [ -75.399304999655669, 38.92743199999336 ], [ -75.399206999655803, 38.927319999993529 ], [ -75.399115999655976, 38.927171999993789 ], [ -75.399101999655954, 38.927112999993881 ], [ -75.399108999655937, 38.926909999994166 ], [ -75.399284999655663, 38.926404999994986 ], [ -75.399425999655477, 38.926115999995432 ], [ -75.399622999655151, 38.925853999995809 ], [ -75.39977799965493, 38.925672999996095 ], [ -75.399882999654778, 38.925573999996232 ], [ -75.399945999654676, 38.925541999996312 ], [ -75.400185999654298, 38.925459999996406 ], [ -75.400381999653973, 38.925414999996519 ], [ -75.401725999651887, 38.925202999996827 ], [ -75.401809999651789, 38.925179999996885 ], [ -75.401957999651529, 38.925111999997 ], [ -75.402154999651259, 38.925006999997152 ], [ -75.402386999650844, 38.924713999997607 ], [ -75.402801999650251, 38.924117999998543 ], [ -75.402886999650093, 38.924031999998647 ], [ -75.403294999649461, 38.923102 ], [ -75.403329999649429, 38.922953000000348 ], [ -75.403350999649376, 38.922773000000575 ], [ -75.403336999649412, 38.922638000000802 ], [ -75.403237999649548, 38.922359000001222 ], [ -75.403133999649697, 38.922147000001587 ], [ -75.403063999649817, 38.922044000001733 ], [ -75.402669999650414, 38.921532000002514 ], [ -75.402339999650962, 38.921190000003037 ], [ -75.402212999651113, 38.92103300000332 ], [ -75.402100999651338, 38.920862000003581 ], [ -75.401840999651711, 38.920386000004328 ], [ -75.401776999651815, 38.920314000004396 ], [ -75.401748999651886, 38.920296000004441 ], [ -75.401734999651865, 38.92026900000451 ], [ -75.401552999652154, 38.919823000005181 ], [ -75.401214999652666, 38.919054000006383 ], [ -75.401194999652716, 38.918982000006508 ], [ -75.401194999652716, 38.918824000006737 ], [ -75.401222999652703, 38.918671000006952 ], [ -75.401299999652565, 38.918509000007248 ], [ -75.401412999652393, 38.918355000007466 ], [ -75.401911999651588, 38.917907000008142 ], [ -75.402045999651421, 38.917808000008336 ], [ -75.402195999651155, 38.917730000008419 ], [ -75.402309999650981, 38.917670000008513 ], [ -75.402506999650711, 38.91755900000868 ], [ -75.402773999650265, 38.917422000008912 ], [ -75.402797999650261, 38.917409000008945 ], [ -75.402910999650032, 38.917368000008992 ], [ -75.403071999649796, 38.917323000009048 ], [ -75.403367999649333, 38.917240000009201 ], [ -75.40344599964925, 38.917231000009224 ], [ -75.403550999649042, 38.917226000009236 ], [ -75.404106999648207, 38.917242000009196 ], [ -75.404387999647781, 38.917254000009166 ], [ -75.404485999647591, 38.91726800000913 ], [ -75.404703999647268, 38.917348000009042 ], [ -75.404823999647078, 38.917429000008894 ], [ -75.404830999647061, 38.917451000008839 ], [ -75.404787999647169, 38.917659000008541 ], [ -75.404766999647165, 38.91792000000811 ], [ -75.404731999647254, 38.918010000007996 ], [ -75.404471999647626, 38.918340000007504 ], [ -75.404464999647644, 38.918367000007436 ], [ -75.404520999647559, 38.918633000007048 ], [ -75.404541999647506, 38.918687000006969 ], [ -75.404646999647355, 38.918781000006788 ], [ -75.405019999646811, 38.919055000006381 ], [ -75.405370999646266, 38.91934200000594 ], [ -75.405518999646006, 38.919413000005818 ], [ -75.40560999964589, 38.919408000005831 ], [ -75.40568799964575, 38.919417000005808 ], [ -75.405919999645391, 38.919475000005718 ], [ -75.406249999644899, 38.919483000005698 ], [ -75.406769999644041, 38.919544000005601 ], [ -75.406847999643958, 38.919566000005602 ], [ -75.406980999643736, 38.91963300000549 ], [ -75.407529999642861, 38.919758000005288 ], [ -75.407557999642847, 38.919758000005288 ], [ -75.407592999642816, 38.91969900000538 ], [ -75.407648999642731, 38.919658000005427 ], [ -75.407726999642591, 38.919640000005472 ], [ -75.407775999642524, 38.91964900000545 ], [ -75.407824999642457, 38.919671000005394 ], [ -75.407859999642369, 38.919698000005383 ], [ -75.407874999642331, 38.919747000005316 ], [ -75.407873999642334, 38.919829000005166 ], [ -75.407887999642355, 38.919910000005075 ], [ -75.407923999642264, 38.919950000004974 ], [ -75.407986999642162, 38.919977000004963 ], [ -75.408393999641532, 38.920079000004762 ], [ -75.408563999641274, 38.920087000004798 ], [ -75.408668999641122, 38.920074000004774 ], [ -75.408752999640967, 38.920024000004844 ], [ -75.408822999640904, 38.919951000004971 ], [ -75.408886999640799, 38.919834000005153 ], [ -75.408921999640711, 38.91970300000537 ], [ -75.408921999640711, 38.919541000005609 ], [ -75.408879999640817, 38.919379000005847 ], [ -75.408802999640898, 38.919258000006039 ], [ -75.408654999641158, 38.919118000006279 ], [ -75.408387999641548, 38.918908000006581 ], [ -75.40832499964165, 38.918840000006696 ], [ -75.408282999641699, 38.918777000006799 ], [ -75.408239999641808, 38.918683000006979 ], [ -75.408190999641874, 38.918435000007321 ], [ -75.408127999641977, 38.917719000008447 ], [ -75.408135999641956, 38.917557000008685 ], [ -75.408156999641903, 38.917404000008958 ], [ -75.408191999641872, 38.917313000009074 ], [ -75.408268999641734, 38.917196000009255 ], [ -75.408353999641633, 38.917110000009416 ], [ -75.408500999641376, 38.917006000009565 ], [ -75.408704999641088, 38.916879000009772 ], [ -75.408817999640917, 38.916824000009854 ], [ -75.409260999640196, 38.916674000010062 ], [ -75.409689999639511, 38.916547000010269 ], [ -75.410272999638607, 38.916418000010481 ], [ -75.410385999638436, 38.916409000010503 ], [ -75.410462999638355, 38.916418000010481 ], [ -75.41055499963818, 38.91645800001038 ], [ -75.410673999637993, 38.916525000010324 ], [ -75.410716999637941, 38.916561000010233 ], [ -75.41074499963787, 38.916601000010189 ], [ -75.410800999637786, 38.916772000009928 ], [ -75.410800999637786, 38.916903000009711 ], [ -75.410666999638011, 38.917278000009105 ], [ -75.410645999638064, 38.917458000008878 ], [ -75.410673999637993, 38.91748500000881 ], [ -75.410989999637536, 38.917619000008585 ], [ -75.411313999637002, 38.917739000008396 ], [ -75.411425999636833, 38.917766000008385 ], [ -75.41179199963625, 38.917819000008308 ], [ -75.412262999635516, 38.917948000008096 ], [ -75.412564999635094, 38.917992000008041 ], [ -75.412789999634697, 38.917995000008034 ], [ -75.413078999634251, 38.917990000008047 ], [ -75.413957999632885, 38.91788800000819 ], [ -75.414688999631778, 38.917881000008208 ], [ -75.414829999631536, 38.917894000008175 ], [ -75.415166999631026, 38.917942000008111 ], [ -75.415785999630089, 38.918070000007901 ], [ -75.415982999629762, 38.918097000007833 ], [ -75.416368999629185, 38.918100000007882 ], [ -75.416481999629013, 38.918081000007874 ], [ -75.416643999628718, 38.918027000007953 ], [ -75.416678999628687, 38.918031000007943 ], [ -75.416699999628634, 38.918018000007976 ], [ -75.417691999627095, 38.917320000009056 ], [ -75.417845999626877, 38.917212000009215 ], [ -75.417873999626806, 38.917166000009331 ], [ -75.418106999626445, 38.91700800000956 ], [ -75.418176999626382, 38.916976000009583 ], [ -75.418302999626178, 38.916890000009744 ], [ -75.418422999625989, 38.916786000009893 ], [ -75.418422999625989, 38.916745000009939 ], [ -75.418303999626175, 38.916620000010141 ], [ -75.418204999626312, 38.916530000010312 ], [ -75.418077999626519, 38.91645400001039 ], [ -75.417691999627095, 38.916315000010627 ], [ -75.417642999627162, 38.916284000010648 ], [ -75.417410999627577, 38.916082000010988 ], [ -75.417297999627749, 38.91596100001118 ], [ -75.417065999628107, 38.915642000011644 ], [ -75.416946999628294, 38.915521000011836 ], [ -75.41692599962829, 38.915404000012018 ], [ -75.41692599962829, 38.915313000012191 ], [ -75.416939999628255, 38.915273000012235 ], [ -75.416981999628206, 38.915228000012291 ], [ -75.417312999627711, 38.914555000013365 ], [ -75.417558999627317, 38.914324000013721 ], [ -75.417720999627079, 38.914261000013823 ], [ -75.41783299962691, 38.914233000013837 ], [ -75.417952999626721, 38.91422400001386 ], [ -75.41824799962626, 38.914245000013864 ], [ -75.41831799962614, 38.914263000013818 ], [ -75.41880299962537, 38.914554000013368 ], [ -75.419006999625083, 38.914693000013131 ], [ -75.419182999624809, 38.91483200001295 ], [ -75.419358999624535, 38.914994000012655 ], [ -75.419583999624194, 38.915218000012317 ], [ -75.419695999624025, 38.91531700001218 ], [ -75.419829999623801, 38.915416000012044 ], [ -75.419955999623596, 38.915478000011944 ], [ -75.420089999623372, 38.915523000011831 ], [ -75.420701999622452, 38.91567400001162 ], [ -75.420750999622385, 38.915696000011565 ], [ -75.421115999621804, 38.915654000011671 ], [ -75.421432999621288, 38.915599000011753 ], [ -75.421523999621172, 38.915563000011787 ], [ -75.421580999621085, 38.915517000011846 ], [ -75.421622999621036, 38.915418000012039 ], [ -75.421678999620951, 38.915215000012324 ], [ -75.421685999620934, 38.915048000012575 ], [ -75.421650999620965, 38.914882000012824 ], [ -75.421608999621014, 38.914765000013006 ], [ -75.421615999620997, 38.914589000013279 ], [ -75.421650999620965, 38.914449000013519 ], [ -75.421713999620863, 38.914300000013782 ], [ -75.421791999620723, 38.914174000013929 ], [ -75.421826999620691, 38.91413800001402 ], [ -75.422072999620298, 38.914042000014149 ], [ -75.422255999620006, 38.914055000014116 ], [ -75.422431999619732, 38.914086000014095 ], [ -75.422614999619498, 38.914144000014005 ], [ -75.422923999619002, 38.914256000013836 ], [ -75.423035999618833, 38.914287000013758 ], [ -75.423141999618679, 38.914300000013782 ], [ -75.42324699961847, 38.914295000013738 ], [ -75.423345999618334, 38.914281000013773 ], [ -75.423457999618165, 38.914240000013876 ], [ -75.42388699961748, 38.913950000014324 ], [ -75.424386999616729, 38.913547000014944 ], [ -75.42449499961657, 38.913493000015023 ], [ -75.424569999616438, 38.91346000001505 ], [ -75.424691999616243, 38.913418000015099 ], [ -75.424797999616089, 38.913417000015102 ], [ -75.424866999615972, 38.913421000015092 ], [ -75.424952999615869, 38.913427000015133 ], [ -75.425176999615474, 38.913466000015035 ], [ -75.425490999615022, 38.913531000014927 ], [ -75.425644999614747, 38.913559000014914 ], [ -75.425757999614575, 38.913579000014863 ], [ -75.42603099961417, 38.913616000014827 ], [ -75.426164999613945, 38.913615000014829 ], [ -75.426334999613687, 38.913590000014835 ], [ -75.426562999613338, 38.913539000014964 ], [ -75.426713999613128, 38.913462000015045 ], [ -75.427125999612485, 38.913349000015216 ], [ -75.427788999611437, 38.913182000015468 ], [ -75.428403999610509, 38.913206000015464 ], [ -75.429553999608686, 38.913555000014924 ], [ -75.42979299960831, 38.913582000014856 ], [ -75.429905999608138, 38.913559000014914 ], [ -75.430010999607987, 38.913482000015051 ], [ -75.430095999607886, 38.913351000015211 ], [ -75.430151999607801, 38.913121000015565 ], [ -75.430172999607748, 38.91296700001584 ], [ -75.430212999607704, 38.912790000016116 ], [ -75.430230999607659, 38.912710000016205 ], [ -75.430242999607628, 38.912656000016284 ], [ -75.43033499960751, 38.912341000016795 ], [ -75.430390999607425, 38.912286000016877 ], [ -75.430503999607254, 38.912209000017015 ], [ -75.430671999606943, 38.912114000017141 ], [ -75.430756999606842, 38.912087000017209 ], [ -75.430793999606749, 38.912078000017232 ], [ -75.430833999606705, 38.9120680000172 ], [ -75.431016999606413, 38.912050000017246 ], [ -75.431522999605647, 38.912106000017161 ], [ -75.431696999605379, 38.912117000017133 ], [ -75.431951999604962, 38.912132000017095 ], [ -75.432310999604397, 38.912117000017133 ], [ -75.432364999604317, 38.912103000017169 ], [ -75.432387999604316, 38.912099000017179 ], [ -75.432443999604232, 38.912062000017215 ], [ -75.432855999603589, 38.911511000018095 ], [ -75.432910999603507, 38.911453000018184 ], [ -75.432993999603354, 38.911367000018288 ], [ -75.433105999603185, 38.911252000018465 ], [ -75.433301999602861, 38.911050000018804 ], [ -75.433737999602215, 38.910859000019116 ], [ -75.434047999601717, 38.910817000019165 ], [ -75.434187999601534, 38.910812000019178 ], [ -75.434314999601327, 38.910821000019155 ], [ -75.434468999601052, 38.910843000019099 ], [ -75.434707999600676, 38.910892000019032 ], [ -75.435643999599222, 38.91123000001852 ], [ -75.436324999598185, 38.911503000018115 ], [ -75.436613999597739, 38.911605000017914 ], [ -75.436746999597517, 38.911663000017825 ], [ -75.437604999596203, 38.911813000017617 ], [ -75.43778099959593, 38.911853000017572 ], [ -75.439566999593183, 38.912540000016463 ], [ -75.439650999593027, 38.912612000016395 ], [ -75.439840999592718, 38.912733000016203 ], [ -75.440177999592208, 38.913016000015773 ], [ -75.440297999592019, 38.913087000015651 ], [ -75.440365999591904, 38.913117000015575 ], [ -75.440389999591901, 38.913128000015547 ], [ -75.440670999591418, 38.913208000015459 ], [ -75.440789999591289, 38.913225000015416 ], [ -75.440888999591095, 38.913220000015428 ], [ -75.441049999590859, 38.913193000015497 ], [ -75.441190999590617, 38.913159000015526 ], [ -75.441204999590639, 38.913156000015533 ], [ -75.44130999959043, 38.913097000015625 ], [ -75.441978999589423, 38.912802000016086 ], [ -75.442034999589339, 38.912797000016099 ], [ -75.442287999588928, 38.912814000016056 ], [ -75.442856999588059, 38.912803000016083 ], [ -75.44297699958787, 38.912811000016063 ], [ -75.443159999587579, 38.912856000016006 ], [ -75.443349999587269, 38.912941000015849 ], [ -75.443553999586982, 38.913062000015657 ], [ -75.443602999586915, 38.913075000015681 ], [ -75.443716999586741, 38.913077000015676 ], [ -75.443890999586472, 38.913078000015673 ], [ -75.443987999586284, 38.913074000015683 ], [ -75.444186999586009, 38.913068000015642 ], [ -75.444670999585242, 38.91301700001577 ], [ -75.445170999584434, 38.912916000015912 ], [ -75.446063999583089, 38.912768000016115 ], [ -75.446527999582372, 38.912694000016245 ], [ -75.447019999581585, 38.912611000016398 ], [ -75.448327999579533, 38.912345000016785 ], [ -75.449627999577558, 38.912065000017208 ], [ -75.44993799957706, 38.911969000017393 ], [ -75.451420999574736, 38.911400000018261 ], [ -75.452327999573356, 38.910982000018919 ], [ -75.452503999573082, 38.910914000019034 ], [ -75.454563999569871, 38.910356000019874 ], [ -75.455399999568556, 38.910078000020292 ], [ -75.456384999567035, 38.909809000020743 ], [ -75.456749999566512, 38.909749000020838 ], [ -75.456841999566336, 38.909712000020875 ], [ -75.457262999565671, 38.909665000020937 ], [ -75.458409999563912, 38.909562000021083 ], [ -75.458844999563212, 38.909614000021008 ], [ -75.459091999562872, 38.90963600002101 ], [ -75.459351999562443, 38.909653000020967 ], [ -75.459695999561916, 38.909647000020982 ], [ -75.459920999561575, 38.909619000020996 ], [ -75.460502999560674, 38.909395000021391 ], [ -75.460574999560549, 38.909382000021367 ], [ -75.460658999560394, 38.909395000021391 ], [ -75.460785999560244, 38.909440000021277 ], [ -75.460982999559917, 38.909525000021176 ], [ -75.461045999559815, 38.909569000021122 ], [ -75.461228999559523, 38.909753000020828 ], [ -75.461334999559369, 38.909803000020759 ], [ -75.46160199955898, 38.909847000020648 ], [ -75.461769999558669, 38.909855000020627 ], [ -75.462001999558311, 38.909917000020585 ], [ -75.462508999557542, 38.910158000020203 ], [ -75.462592999557444, 38.910185000020135 ], [ -75.462655999557342, 38.910185000020135 ], [ -75.463042999556706, 38.91012900002022 ], [ -75.463140999556572, 38.910147000020174 ], [ -75.463197999556485, 38.910169000020176 ], [ -75.463246999556418, 38.910219000020106 ], [ -75.463415999556162, 38.910452000019745 ], [ -75.463563999555902, 38.910596000019495 ], [ -75.463612999555835, 38.910632000019461 ], [ -75.463682999555715, 38.910654000019406 ], [ -75.463766999555617, 38.910663000019383 ], [ -75.464167999555002, 38.910796000019218 ], [ -75.464315999554742, 38.910868000019093 ], [ -75.464463999554539, 38.910971000018947 ], [ -75.464638999554268, 38.911074000018743 ], [ -75.464820999553979, 38.91116800001862 ], [ -75.464920999553783, 38.911220000018545 ], [ -75.464948999553769, 38.911235000018507 ], [ -75.465096999553509, 38.911293000018418 ], [ -75.465152999553425, 38.911310000018375 ], [ -75.465292999553242, 38.911305000018388 ], [ -75.465342999553172, 38.911265000018489 ], [ -75.465974999552145, 38.910983000018916 ], [ -75.466080999551991, 38.910915000019031 ], [ -75.467760999549398, 38.910106000020278 ], [ -75.468322999548548, 38.909793000020727 ], [ -75.468667999548018, 38.909647000020982 ], [ -75.469440999546805, 38.909405000021366 ], [ -75.469531999546632, 38.909360000021422 ], [ -75.469939999546, 38.909119000021803 ], [ -75.470157999545677, 38.909001000021988 ], [ -75.470311999545459, 38.908902000022124 ], [ -75.470593999544974, 38.908693000022481 ], [ -75.470642999544907, 38.908684000022447 ], [ -75.47388299953991, 38.907243000024721 ], [ -75.47417799953945, 38.907084000024952 ], [ -75.474775999538508, 38.906811000025357 ], [ -75.475035999538079, 38.906706000025565 ], [ -75.475499999537362, 38.906551000025786 ], [ -75.475632999537197, 38.906497000025865 ], [ -75.475710999537057, 38.906483000025901 ], [ -75.475914999536712, 38.906428000025983 ], [ -75.476111999536442, 38.9063590000261 ], [ -75.476476999535862, 38.906182000026376 ], [ -75.476680999535574, 38.906033000026582 ], [ -75.476702999535519, 38.906028000026595 ], [ -75.476785999535366, 38.90601000002664 ], [ -75.476926999535181, 38.90601800002662 ], [ -75.476996999535061, 38.906013000026633 ], [ -75.477046999534991, 38.905995000026621 ], [ -75.477095999534924, 38.905968000026689 ], [ -75.477179999534769, 38.905868000026828 ], [ -75.47722199953472, 38.905841000026896 ], [ -75.477713999533933, 38.905830000026924 ], [ -75.477854999533747, 38.905812000026913 ], [ -75.477945999533574, 38.905784000026983 ], [ -75.479021999531938, 38.90568100002713 ], [ -75.479625999530981, 38.905593000027295 ], [ -75.479914999530536, 38.905452000027481 ], [ -75.48019599953011, 38.905279000027747 ], [ -75.480504999529614, 38.905066000028114 ], [ -75.480616999529445, 38.904998000028172 ], [ -75.481066999528764, 38.90456400002887 ], [ -75.481200999528539, 38.904451000029042 ], [ -75.481319999528353, 38.904360000029158 ], [ -75.481431999528183, 38.904292000029272 ], [ -75.481635999527839, 38.904197000029455 ], [ -75.481769999527671, 38.904151000029515 ], [ -75.48202299952726, 38.904114000029551 ], [ -75.482275999526848, 38.904099000029589 ], [ -75.482458999526557, 38.904094000029602 ], [ -75.482746999526114, 38.904120000029536 ], [ -75.482816999526051, 38.90412900002957 ], [ -75.483365999525176, 38.904302000029247 ], [ -75.483548999524885, 38.904346000029193 ], [ -75.484124999523999, 38.904448000029049 ], [ -75.48423699952383, 38.904447000029052 ], [ -75.484293999523743, 38.904438000029074 ], [ -75.484342999523676, 38.904415000029076 ], [ -75.484377999523588, 38.904388000029144 ], [ -75.484475999523454, 38.904257000029361 ], [ -75.484482999523436, 38.904230000029372 ], [ -75.484419999523539, 38.90387400002993 ], [ -75.484419999523539, 38.903838000030021 ], [ -75.484433999523503, 38.903816000030019 ], [ -75.484818999522929, 38.903753000030122 ], [ -75.4850169995226, 38.903721000030203 ], [ -75.485656999521609, 38.903617000030351 ], [ -75.485811999521388, 38.903580000030388 ], [ -75.485832999521335, 38.903553000030456 ], [ -75.485902999521215, 38.902832000031538 ], [ -75.485958999521131, 38.902750000031688 ], [ -75.48603599952105, 38.902570000031972 ], [ -75.486295999520621, 38.902109000032681 ], [ -75.486856999519773, 38.90123300003404 ], [ -75.486934999519633, 38.901156000034177 ], [ -75.487173999519257, 38.900767000034762 ], [ -75.487285999519088, 38.900623000035012 ], [ -75.488155999517744, 38.898983000037504 ], [ -75.488233999517604, 38.898771000037868 ], [ -75.488303999517484, 38.898483000038311 ], [ -75.488366999517439, 38.89829300003862 ], [ -75.488303999517484, 38.89804600003896 ], [ -75.488296999517502, 38.897983000039062 ], [ -75.48833199951747, 38.897892000039235 ], [ -75.488422999517297, 38.897779000039407 ], [ -75.48847199951723, 38.897739000039451 ], [ -75.488506999517199, 38.897684000039533 ], [ -75.488506999517199, 38.89763900003959 ], [ -75.488457999517266, 38.897428000039952 ], [ -75.488499999517217, 38.896729000041034 ], [ -75.488484999517254, 38.896590000041272 ], [ -75.488407999517335, 38.896473000041453 ], [ -75.487914999518125, 38.895862000042371 ], [ -75.487760999518343, 38.895597000042812 ], [ -75.487731999518417, 38.895493000042961 ], [ -75.487696999518448, 38.895061000043597 ], [ -75.4876539995185, 38.894777000044087 ], [ -75.488025999517959, 38.892784000047129 ], [ -75.488045999517908, 38.892712000047254 ], [ -75.488123999517768, 38.892576000047484 ], [ -75.488348999517427, 38.892265000047985 ], [ -75.488895999516615, 38.89157700004904 ], [ -75.488994999516422, 38.891401000049314 ], [ -75.489057999516319, 38.891324000049394 ], [ -75.489492999515676, 38.890462000050775 ], [ -75.489569999515538, 38.890372000050888 ], [ -75.489780999515233, 38.890186000051187 ], [ -75.490152999514635, 38.889959000051533 ], [ -75.490258999514481, 38.889869000051704 ], [ -75.490452999514162, 38.889664000051994 ], [ -75.491072999513221, 38.889009000053022 ], [ -75.49118599951305, 38.888851000053251 ], [ -75.491564999512434, 38.888525000053789 ], [ -75.491761999512164, 38.888411000053964 ], [ -75.491894999511942, 38.888352000054056 ], [ -75.492190999511479, 38.888247000054207 ], [ -75.492696999510713, 38.888097000054415 ], [ -75.492927999510357, 38.888055000054464 ], [ -75.493356999509672, 38.888008000054583 ], [ -75.493771999509022, 38.888002000054598 ], [ -75.494059999508579, 38.887965000054635 ], [ -75.494291999508221, 38.887914000054707 ], [ -75.494382999508048, 38.887882000054788 ], [ -75.494600999507725, 38.887769000054959 ], [ -75.494684999507626, 38.88769600005503 ], [ -75.494740999507542, 38.887624000055155 ], [ -75.494841999507344, 38.887386000055528 ], [ -75.494810999507422, 38.887213000055795 ], [ -75.494810999507422, 38.887177000055829 ], [ -75.494831999507369, 38.887146000055907 ], [ -75.495077999506975, 38.886974000056171 ], [ -75.495162999506874, 38.886906000056285 ], [ -75.495232999506754, 38.886829000056423 ], [ -75.495295999506652, 38.886743000056526 ], [ -75.495884999505734, 38.885821000057945 ], [ -75.495992999505575, 38.885442000058561 ], [ -75.496004999505544, 38.885393000058627 ], [ -75.496017999505511, 38.885275000058812 ], [ -75.496018999505509, 38.885176000058948 ], [ -75.495961999505596, 38.884888000059391 ], [ -75.495996999505564, 38.884789000059584 ], [ -75.496059999505462, 38.884689000059723 ], [ -75.496333999505055, 38.884139000060543 ], [ -75.496375999505005, 38.883846000060998 ], [ -75.496396999504952, 38.883782000061103 ], [ -75.496887999504168, 38.883001000062336 ], [ -75.496965999504084, 38.882915000062496 ], [ -75.49742899950337, 38.882458000063195 ], [ -75.49763899950301, 38.882227000063551 ], [ -75.497779999502825, 38.88212700006369 ], [ -75.497828999502701, 38.8821230000637 ], [ -75.498215999502122, 38.882153000063681 ], [ -75.498784999501254, 38.882056000063812 ], [ -75.499262999500502, 38.881936000064002 ], [ -75.49936799950035, 38.881936000064002 ], [ -75.49943799950023, 38.88191800006399 ], [ -75.499676999499854, 38.881822000064176 ], [ -75.49974099949975, 38.881772000064245 ], [ -75.49999999949938, 38.881478000064703 ], [ -75.500568999498455, 38.881106000065301 ], [ -75.500715999498254, 38.881029000065382 ], [ -75.500884999497998, 38.880961000065497 ], [ -75.501130999497605, 38.880906000065579 ], [ -75.501425999497144, 38.88088200006564 ], [ -75.50167199949675, 38.880876000065655 ], [ -75.501770999496614, 38.880880000065645 ], [ -75.50186899949648, 38.880902000065589 ], [ -75.502149999495998, 38.881009000065433 ], [ -75.502831999494958, 38.881412000064813 ], [ -75.502971999494719, 38.881483000064691 ], [ -75.503140999494462, 38.881555000064566 ], [ -75.503301999494226, 38.881613000064476 ], [ -75.503336999494195, 38.881617000064466 ], [ -75.503645999493699, 38.881494000064663 ], [ -75.504187999492842, 38.88101000006543 ], [ -75.504272999492741, 38.880951000065522 ], [ -75.504419999492484, 38.88087800006565 ], [ -75.504574999492263, 38.880832000065709 ], [ -75.505748999490436, 38.880732000065848 ], [ -75.505930999490147, 38.880619000066019 ], [ -75.50598799949006, 38.880569000066089 ], [ -75.506620999489087, 38.879859000067199 ], [ -75.50674799948888, 38.879728000067416 ], [ -75.506810999488778, 38.879678000067486 ], [ -75.507077999488388, 38.879483000067808 ], [ -75.507161999488233, 38.879447000067842 ], [ -75.50779499948726, 38.879250000068168 ], [ -75.507928999487035, 38.879173000068306 ], [ -75.508096999486781, 38.879046000068456 ], [ -75.508146999486712, 38.878996000068582 ], [ -75.508167999486659, 38.878951000068639 ], [ -75.508202999486628, 38.87845500006938 ], [ -75.508245999486576, 38.878126000069926 ], [ -75.508280999486487, 38.877964000070165 ], [ -75.508329999486421, 38.877842000070359 ], [ -75.508519999486111, 38.877616000070702 ], [ -75.508540999486115, 38.877557000070794 ], [ -75.508568999486045, 38.877517000070839 ], [ -75.508583999486007, 38.87726400007125 ], [ -75.508618999485975, 38.877165000071386 ], [ -75.508653999485944, 38.877106000071478 ], [ -75.508695999485838, 38.877070000071569 ], [ -75.50889999948555, 38.87692700007176 ], [ -75.509223999485016, 38.876698000072111 ], [ -75.509272999484949, 38.876639000072203 ], [ -75.50938499948478, 38.876391000072601 ], [ -75.509398999484745, 38.876269000072796 ], [ -75.50938499948478, 38.876193000072931 ], [ -75.509350999484866, 38.876103000073044 ], [ -75.509300999484935, 38.876027000073179 ], [ -75.509125999485207, 38.875906000073371 ], [ -75.509083999485256, 38.875847000073463 ], [ -75.509167999485101, 38.875766000073554 ], [ -75.50958999948449, 38.875142000074561 ], [ -75.509744999484212, 38.874997000074757 ], [ -75.511286999481854, 38.872431000078734 ], [ -75.512179999480452, 38.870868000081146 ], [ -75.513081000520742, 38.869319000083578 ], [ -75.514045000519218, 38.867747000086013 ], [ -75.515022000517718, 38.866188000088414 ], [ -75.515662000516727, 38.865122000090082 ], [ -75.515726000516622, 38.865040000090232 ], [ -75.516306000515726, 38.86400200009183 ], [ -75.516598000515273, 38.863478000092641 ], [ -75.51669700051508, 38.863216000093075 ], [ -75.517182000514367, 38.862200000094617 ], [ -75.517764000513466, 38.86101200009648 ], [ -75.518525000512284, 38.859472000098833 ], [ -75.518652000512077, 38.859192000099313 ], [ -75.518702000512008, 38.859125000099425 ], [ -75.519581000510641, 38.857264000102305 ], [ -75.519658000510503, 38.857124000102488 ], [ -75.52024900050958, 38.85587800010444 ], [ -75.52029100050953, 38.855819000104532 ], [ -75.52043900050927, 38.855742000104669 ], [ -75.521423000507752, 38.855368000105216 ], [ -75.521584000507517, 38.855327000105319 ], [ -75.521626000507467, 38.85530400010532 ], [ -75.522404000506242, 38.855019000105756 ], [ -75.528400000496958, 38.852832000109174 ], [ -75.535180000486434, 38.850368000113008 ], [ -75.536185000484863, 38.8499760001136 ], [ -75.536220000484775, 38.849939000113636 ], [ -75.536234000484797, 38.84989000011376 ], [ -75.53620600048481, 38.84928600011466 ], [ -75.536129000484948, 38.848566000115795 ], [ -75.535919000485251, 38.847787000117023 ], [ -75.535919000485251, 38.847747000117067 ], [ -75.535947000485237, 38.847652000117193 ], [ -75.535968000485184, 38.847616000117284 ], [ -75.536917000483697, 38.846782000118537 ], [ -75.537163000483361, 38.846547000118903 ], [ -75.537388000482963, 38.84628400011934 ], [ -75.538716000480918, 38.844575000122006 ], [ -75.538849000480695, 38.844453000122144 ], [ -75.539208000480187, 38.844041000122786 ], [ -75.539580000479589, 38.843634000123416 ], [ -75.539699000479402, 38.843534000123611 ], [ -75.539896000479075, 38.843394000123794 ], [ -75.540353000478376, 38.843099000124255 ], [ -75.540542000478069, 38.842985000124429 ], [ -75.540655000477898, 38.842944000124533 ], [ -75.540732000477817, 38.842899000124589 ], [ -75.540795000477715, 38.842880000124637 ], [ -75.541336000476861, 38.842864000124621 ], [ -75.542495000475071, 38.843030000124372 ], [ -75.54323300047389, 38.843202000124109 ], [ -75.544026000472684, 38.843370000123855 ], [ -75.544153000472477, 38.843365000123868 ], [ -75.544286000472255, 38.843333000123891 ], [ -75.54446900047202, 38.843273000123986 ], [ -75.544792000471489, 38.843132000124228 ], [ -75.545424000470518, 38.842818000124737 ], [ -75.54808700046641, 38.841418000126907 ], [ -75.548473000465776, 38.841241000127184 ], [ -75.548726000465365, 38.841077000127427 ], [ -75.550012000463369, 38.83968800012957 ], [ -75.550785000462213, 38.838896000130774 ], [ -75.550883000462022, 38.838814000130924 ], [ -75.551016000461857, 38.83871900013105 ], [ -75.553173000458514, 38.837402000133125 ], [ -75.553341000458204, 38.837284000133309 ], [ -75.553594000457849, 38.837076000133607 ], [ -75.55378400045754, 38.836903000133873 ], [ -75.554571000456292, 38.8360620001352 ], [ -75.554821000455945, 38.835816000135594 ], [ -75.55488100045585, 38.835756000135689 ], [ -75.554957000455715, 38.835681000135764 ], [ -75.555013000455631, 38.835649000135845 ], [ -75.555299000455193, 38.83563900013587 ], [ -75.55732400045207, 38.835562000135951 ], [ -75.565359000439571, 38.835289000136413 ], [ -75.570017000432358, 38.8351080001367 ], [ -75.571757000429614, 38.835037000136765 ], [ -75.573948000426242, 38.834963000136895 ], [ -75.579068000418317, 38.834758000137242 ], [ -75.580547000416004, 38.834704000137322 ], [ -75.581962000413796, 38.834653000137394 ], [ -75.582418000413099, 38.834638000137431 ], [ -75.582688000412702, 38.8346280001374 ], [ -75.584884000409261, 38.834553000137532 ], [ -75.586610000406608, 38.834501000137607 ], [ -75.602308000382209, 38.834055000138335 ], [ -75.61172300036759, 38.833742000138784 ], [ -75.613756000364447, 38.833675000138896 ], [ -75.615422000361889, 38.833616000138989 ], [ -75.622640000350657, 38.83335900013941 ], [ -75.623569000349221, 38.833326000139436 ], [ -75.623694000349019, 38.833322000139447 ], [ -75.624403000347911, 38.833294000139517 ], [ -75.625000000346972, 38.833232000139617 ], [ -75.626861000344093, 38.83314200013973 ], [ -75.627957000342406, 38.833090000139805 ], [ -75.637123000328188, 38.832833000140226 ], [ -75.639005000325255, 38.832771000140326 ], [ -75.640434000323069, 38.832726000140383 ], [ -75.648149000311093, 38.832469000140748 ], [ -75.658754000294607, 38.832121000141285 ], [ -75.673300000272036, 38.83164200014204 ], [ -75.67937100026262, 38.831441000142377 ], [ -75.679572000262283, 38.831435000142392 ], [ -75.681168000259788, 38.831386000142459 ], [ -75.683174000256713, 38.831316000142579 ], [ -75.686100000252168, 38.831282000142608 ], [ -75.68647600025156, 38.831294000142577 ], [ -75.68958600024672, 38.831085000142934 ], [ -75.689753000246469, 38.83107900014295 ], [ -75.692541000242159, 38.830977000143093 ], [ -75.700758000229428, 38.830677000143567 ], [ -75.702350000226943, 38.830619000143656 ], [ -75.704209000224068, 38.830551000143771 ], [ -75.709989000215103, 38.830340000144076 ], [ -75.710811000213823, 38.830310000144152 ], [ -75.710867000213739, 38.8303080001441 ], [ -75.711579000212623, 38.830282000144166 ], [ -75.712909000210573, 38.830233000144233 ], [ -75.713726000209249, 38.830203000144309 ], [ -75.716611000204807, 38.830095000144468 ], [ -75.718106000202454, 38.830043000144542 ], [ -75.722755000195264, 38.829853000144851 ], [ -75.722797000195214, 38.829851000144856 ], [ -75.722874000195077, 38.830828000143299 ], [ -75.722944000194957, 38.831733000141924 ], [ -75.723000000194872, 38.832427000140854 ], [ -75.723053000194795, 38.833098000139785 ], [ -75.723162000194634, 38.83448000013766 ], [ -75.723175000194601, 38.834647000137409 ], [ -75.723361000194302, 38.837008000133721 ], [ -75.723379000194313, 38.837237000133371 ], [ -75.723455000194178, 38.838191000131872 ], [ -75.723463000194158, 38.838295000131723 ], [ -75.723592000193946, 38.839925000129199 ], [ -75.72382300019359, 38.842854000124646 ], [ -75.723927000193441, 38.844172000122626 ], [ -75.723941000193406, 38.844351000122344 ], [ -75.72412600019311, 38.84670300011868 ], [ -75.724212000193006, 38.847908000116831 ], [ -75.724429000192686, 38.850540000112744 ], [ -75.72445500019262, 38.850879000112172 ], [ -75.724508000192543, 38.851544000111176 ], [ -75.724673000192297, 38.853624000107914 ], [ -75.724817000192047, 38.855440000105091 ], [ -75.724833000192064, 38.855641000104811 ], [ -75.724910000191926, 38.856631000103278 ], [ -75.725188000191508, 38.860129000097857 ], [ -75.725287000191315, 38.861386000095877 ], [ -75.725656000190781, 38.866044000088664 ], [ -75.725829000190515, 38.868186000085359 ], [ -75.725882000190381, 38.868862000084277 ], [ -75.726606000189292, 38.877844000070354 ], [ -75.726822000188974, 38.8805870000661 ], [ -75.727159000188408, 38.884802000059551 ], [ -75.72729700018823, 38.886546000056853 ], [ -75.727376000188087, 38.887542000055305 ], [ -75.727464000187979, 38.88864100005361 ], [ -75.727903000187268, 38.894142000045065 ], [ -75.727983000187123, 38.895152000043481 ], [ -75.72799500018715, 38.89530700004326 ], [ -75.728009000187114, 38.895486000042979 ], [ -75.728403000186518, 38.90047700003521 ], [ -75.728439000186427, 38.900943000034488 ], [ -75.728482000186375, 38.901489000033621 ], [ -75.728795000185869, 38.905470000027435 ], [ -75.729123000185382, 38.909635000021012 ], [ -75.729841000184251, 38.918655000006993 ], [ -75.7302790001836, 38.924165999998422 ], [ -75.730994000182477, 38.933088999984591 ], [ -75.731433000181767, 38.938652999975943 ], [ -75.732534000180067, 38.952484999954493 ], [ -75.732586000179992, 38.953136999953472 ], [ -75.732835000179591, 38.95625199994862 ], [ -75.732883000179527, 38.956850999947733 ], [ -75.732926000179475, 38.957391999946879 ], [ -75.733580000178449, 38.965595999934123 ], [ -75.733744000178206, 38.967656999930909 ], [ -75.734403000177167, 38.975971999918045 ], [ -75.734675000176765, 38.979352999912805 ], [ -75.734902000176419, 38.982266999908234 ], [ -75.735773000175072, 38.993192999891278 ], [ -75.735941000174819, 38.995360999887907 ], [ -75.736456000173973, 39.001780999877951 ], [ -75.737211000172806, 39.011253999863243 ], [ -75.738188000171306, 39.023496999844269 ], [ -75.738366000171027, 39.025779999840722 ], [ -75.738417000170955, 39.026403999839772 ], [ -75.738502000170797, 39.027461999838124 ], [ -75.738513000170826, 39.027596999837897 ], [ -75.738514000170824, 39.027610999837862 ], [ -75.738515000170821, 39.027623999837829 ], [ -75.738542000170753, 39.027963999837311 ], [ -75.738679000170521, 39.029687999834664 ], [ -75.738703000170517, 39.029989999834186 ], [ -75.739076000169916, 39.034618999826989 ], [ -75.739159000169821, 39.035640999825432 ], [ -75.739201000169714, 39.036155999824587 ], [ -75.739238000169678, 39.036608999823898 ], [ -75.739357000169491, 39.038090999821634 ], [ -75.739397000169447, 39.038588999820831 ], [ -75.73952400016924, 39.040179999818349 ], [ -75.739690000168991, 39.042247999815174 ], [ -75.73979900016883, 39.043619999813018 ], [ -75.740478000167741, 39.052147999799786 ], [ -75.740488000167716, 39.052266999799599 ], [ -75.740685000167446, 39.054743999795733 ], [ -75.740772000167283, 39.055830999794068 ], [ -75.741951000165443, 39.070627999771091 ], [ -75.741972000165447, 39.070892999770706 ], [ -75.741981000165424, 39.071006999770532 ], [ -75.741995000165389, 39.071170999770288 ], [ -75.742032000165352, 39.071634999769515 ], [ -75.742268000164984, 39.074561999765024 ], [ -75.742682000164336, 39.079769999756934 ], [ -75.742905000164001, 39.082585999752553 ], [ -75.742952000163939, 39.083242999751519 ], [ -75.743019000163827, 39.084008999750324 ], [ -75.744174000161991, 39.098506999727817 ], [ -75.744220000161931, 39.099080999726937 ], [ -75.744265000161874, 39.099664999726031 ], [ -75.744500000161509, 39.102577999721518 ], [ -75.744571000161386, 39.103494999720112 ], [ -75.744637000161276, 39.104295999718829 ], [ -75.744902000160891, 39.107599999713727 ], [ -75.744906000160881, 39.107647999713663 ], [ -75.7451470001605, 39.110655999708968 ], [ -75.745158000160473, 39.110775999708778 ], [ -75.745172000160494, 39.110930999708557 ], [ -75.745186000160459, 39.11108199970829 ], [ -75.74529000016031, 39.112514999706093 ], [ -75.745374000160155, 39.113521999704517 ], [ -75.745382000160134, 39.113616999704391 ], [ -75.745468000160031, 39.114649999702749 ], [ -75.745493000159968, 39.114967999702287 ], [ -75.745503000159943, 39.115099999702068 ], [ -75.74578700015951, 39.11865499969656 ], [ -75.74586100015938, 39.119587999695113 ], [ -75.745898000159343, 39.120047999694407 ], [ -75.745937000159302, 39.120536999693627 ], [ -75.746118000159015, 39.122794999690143 ], [ -75.746480000158442, 39.127332999683063 ], [ -75.746540000158348, 39.128086999681898 ], [ -75.746762000158014, 39.130862999677618 ], [ -75.746992000157661, 39.133743999673129 ], [ -75.747646000156635, 39.141884999660476 ], [ -75.747761000156459, 39.143337999658229 ], [ -75.748004000156072, 39.146347999653585 ], [ -75.748815000154821, 39.156392999638001 ], [ -75.749551000153645, 39.165632999623654 ], [ -75.749970000153041, 39.170875999615475 ], [ -75.750079000152823, 39.172304999613289 ], [ -75.750318000152504, 39.175239999608721 ], [ -75.750444000152299, 39.176791999606337 ], [ -75.750484000152198, 39.177288999605537 ], [ -75.750734000151851, 39.180421999600696 ], [ -75.750818000151696, 39.181439999599093 ], [ -75.75099500015142, 39.183645999595683 ], [ -75.751047000151345, 39.18429099959468 ], [ -75.751128000151198, 39.185300999593096 ], [ -75.752044000149795, 39.196758999575309 ], [ -75.752260000149477, 39.199458999571107 ], [ -75.752289000149403, 39.199813999570608 ], [ -75.752566000148988, 39.203296999565168 ], [ -75.753338000147778, 39.213025999550098 ], [ -75.753794000147082, 39.218760999541189 ], [ -75.754277000146317, 39.224758999531844 ], [ -75.754494000145996, 39.227417999527745 ], [ -75.754610000145817, 39.22887399952549 ], [ -75.754797000145516, 39.231162999521928 ], [ -75.755785000143987, 39.243344999502995 ], [ -75.756004000143662, 39.246065999498796 ], [ -75.756947000142191, 39.257785999480575 ], [ -75.756969000142135, 39.25806699948015 ], [ -75.756999000142116, 39.258446999479588 ], [ -75.758118000140371, 39.272337000499704 ], [ -75.75814200014031, 39.272646000499208 ], [ -75.758476000139808, 39.276832000492675 ], [ -75.759274000138589, 39.286830000477153 ], [ -75.760074000137308, 39.296819000461653 ], [ -75.76001800013745, 39.296823000461643 ], [ -75.756264000143233, 39.297073000461296 ], [ -75.754141000146547, 39.297209000461066 ], [ -75.753908000146907, 39.297224000461028 ], [ -75.753212000147983, 39.297267000460977 ], [ -75.752981000148338, 39.297283000460936 ], [ -75.751791000150206, 39.297359000460858 ], [ -75.750382000152399, 39.297449000460688 ], [ -75.750000000152966, 39.297474000460682 ], [ -75.749318000154005, 39.297490000460641 ], [ -75.748527000155264, 39.297509000460593 ], [ -75.748072000155958, 39.297520000460565 ], [ -75.747448000156908, 39.297535000460584 ], [ -75.746916000157739, 39.297533000460589 ], [ -75.746048000159135, 39.297531000460594 ], [ -75.74475600016109, 39.297609000460454 ], [ -75.744153000162044, 39.297646000460418 ], [ -75.74210300016523, 39.297754000460202 ], [ -75.739643000169053, 39.297870000460023 ], [ -75.739615000169067, 39.297883000460047 ], [ -75.739389000169467, 39.297907000459986 ], [ -75.736934000173278, 39.298056000459781 ], [ -75.734412000177144, 39.298204000459521 ], [ -75.729669000184515, 39.29844100045915 ], [ -75.727789000187443, 39.298552000458983 ], [ -75.726898000188839, 39.298621000458866 ], [ -75.722395000195831, 39.298883000458488 ], [ -75.719652000200085, 39.299026000458241 ], [ -75.715969000205803, 39.299274000457842 ], [ -75.714901000207476, 39.299366000457724 ], [ -75.714557000208004, 39.299339000457792 ], [ -75.712036000211924, 39.29912300045811 ], [ -75.710928000213642, 39.299039000458208 ], [ -75.70576000022163, 39.298620000458868 ], [ -75.701497000228244, 39.298263000459428 ], [ -75.69221800024269, 39.297561000460519 ], [ -75.688079000249104, 39.297248000461025 ], [ -75.688037000249153, 39.297262000460989 ], [ -75.687309000250309, 39.297218000461044 ], [ -75.685298000253397, 39.297096000461238 ], [ -75.685188000253561, 39.297089000461256 ], [ -75.685054000253785, 39.29704100046132 ], [ -75.684959000253912, 39.296974000461432 ], [ -75.684863000254097, 39.296898000461567 ], [ -75.684453000254734, 39.296476000462235 ], [ -75.684121000255232, 39.296082000462832 ], [ -75.684114000255249, 39.296019000462934 ], [ -75.684043000255372, 39.295925000463058 ], [ -75.683605000256023, 39.295224000464145 ], [ -75.683357000256422, 39.294960000464584 ], [ -75.6831170002568, 39.294578000465151 ], [ -75.683053000256905, 39.294516000465251 ], [ -75.682820000257266, 39.294337000465532 ], [ -75.682191000258229, 39.293917000466195 ], [ -75.681887000258712, 39.29369400046653 ], [ -75.681385000259468, 39.29320500046731 ], [ -75.681335000259537, 39.293170000467342 ], [ -75.681286000259604, 39.29314300046741 ], [ -75.681138000259864, 39.293103000467454 ], [ -75.680600000260711, 39.292760000467979 ], [ -75.680261000261225, 39.292496000468361 ], [ -75.680198000261328, 39.292474000468417 ], [ -75.680056000261516, 39.292447000468485 ], [ -75.679845000261878, 39.29245300046847 ], [ -75.679653000262192, 39.292558000468262 ], [ -75.679364000262638, 39.292596000468222 ], [ -75.678996000263169, 39.292688000468104 ], [ -75.678847000263431, 39.292693000468091 ], [ -75.67876300026353, 39.292689000468101 ], [ -75.678303000264236, 39.292512000468378 ], [ -75.678105000264566, 39.292495000468364 ], [ -75.678042000264668, 39.292477000468409 ], [ -75.677780000265045, 39.292294000468701 ], [ -75.67771600026515, 39.292227000468813 ], [ -75.677476000265528, 39.291913000469265 ], [ -75.677264000265893, 39.291774000469502 ], [ -75.677172000266012, 39.291662000469671 ], [ -75.677151000266065, 39.291572000469841 ], [ -75.677066000266166, 39.291523000469908 ], [ -75.676840000266509, 39.291421000470052 ], [ -75.676706000266734, 39.291368000470129 ], [ -75.676472000267097, 39.291148000470457 ], [ -75.675956000267888, 39.290867000470939 ], [ -75.675829000268095, 39.290787000471028 ], [ -75.675561000268544, 39.290653000471252 ], [ -75.675200000269058, 39.290498000471473 ], [ -75.674988000269423, 39.290436000471573 ], [ -75.674819000269679, 39.290410000471638 ], [ -75.674727000269797, 39.290415000471626 ], [ -75.674613000269972, 39.290470000471544 ], [ -75.674423000270281, 39.290840000470951 ], [ -75.674232000270592, 39.290909000470833 ], [ -75.673751000271352, 39.290898000470861 ], [ -75.673482000271747, 39.290931000470835 ], [ -75.673327000271968, 39.291027000470649 ], [ -75.67290300027264, 39.290984000470758 ], [ -75.672754000272846, 39.290985000470755 ], [ -75.672153000273795, 39.290862000470895 ], [ -75.671843000274293, 39.290842000470946 ], [ -75.671425000274951, 39.290853000470918 ], [ -75.670938000275669, 39.290815000471014 ], [ -75.670302000276706, 39.290891000470879 ], [ -75.670252000276776, 39.290923000470855 ], [ -75.67018800027688, 39.291036000470626 ], [ -75.670160000276894, 39.291113000470546 ], [ -75.66991300027729, 39.291254000470303 ], [ -75.669630000277721, 39.291372000470119 ], [ -75.669276000278273, 39.291397000470113 ], [ -75.668958000278792, 39.291291000470267 ], [ -75.668612000279325, 39.291239000470341 ], [ -75.668372000279703, 39.291186000470418 ], [ -75.667841000280475, 39.290977000470718 ], [ -75.667771000280595, 39.290915000470818 ], [ -75.667524000280991, 39.290623000471271 ], [ -75.667269000281408, 39.290417000471621 ], [ -75.666965000281834, 39.290302000471797 ], [ -75.666769000282159, 39.290290000471828 ], [ -75.666619000282424, 39.29028100047185 ], [ -75.666181000283075, 39.290320000471752 ], [ -75.665943000283448, 39.290532000471444 ], [ -75.665811000283668, 39.290567000471356 ], [ -75.665466000284198, 39.290657000471242 ], [ -75.664901000285056, 39.290566000471358 ], [ -75.664399000285869, 39.290727000471122 ], [ -75.664025000286415, 39.290828000470981 ], [ -75.663311000287536, 39.291152000470447 ], [ -75.662950000288106, 39.291307000470226 ], [ -75.661911000289706, 39.291511000469939 ], [ -75.661034000291068, 39.291624000469767 ], [ -75.660553000291827, 39.291659000469679 ], [ -75.660476000291908, 39.291672000469646 ], [ -75.659727000293117, 39.291681000469623 ], [ -75.659444000293547, 39.291651000469699 ], [ -75.659267000293823, 39.291625000469764 ], [ -75.657627000296372, 39.291540000469865 ], [ -75.656369000298298, 39.291570000469846 ], [ -75.656143000298641, 39.291602000469766 ], [ -75.6557470002993, 39.291578000469826 ], [ -75.65534400029992, 39.291386000470084 ], [ -75.65521700030007, 39.291315000470206 ], [ -75.654807000300707, 39.291164000470474 ], [ -75.654757000300833, 39.29115500047044 ], [ -75.654461000301296, 39.291184000470423 ], [ -75.6543750003014, 39.291220000470389 ], [ -75.653972000302019, 39.291367000470132 ], [ -75.653746000302363, 39.291652000469696 ], [ -75.653237000303193, 39.291758000469542 ], [ -75.652947000303641, 39.291949000469231 ], [ -75.652693000303998, 39.291951000469226 ], [ -75.652573000304187, 39.291920000469304 ], [ -75.652403000304446, 39.291853000469359 ], [ -75.652276000304653, 39.291795000469449 ], [ -75.652014000305087, 39.291765000469525 ], [ -75.651802000305395, 39.291753000469555 ], [ -75.651350000306081, 39.291589000469799 ], [ -75.651159000306393, 39.291594000469786 ], [ -75.651117000306442, 39.291613000469738 ], [ -75.650763000306995, 39.291826000469428 ], [ -75.650714000307062, 39.291849000469369 ], [ -75.650636000307202, 39.291940000469253 ], [ -75.650494000307447, 39.292085000469001 ], [ -75.650431000307549, 39.292126000468954 ], [ -75.650035000308151, 39.292335000468654 ], [ -75.649929000308305, 39.292448000468482 ], [ -75.64950400030898, 39.292991000467623 ], [ -75.649179000309459, 39.29315100046739 ], [ -75.649108000309582, 39.293421000466935 ], [ -75.649094000309617, 39.293705000466502 ], [ -75.648952000309805, 39.294094000465918 ], [ -75.64874000031017, 39.294419000465382 ], [ -75.648705000310201, 39.294487000465267 ], [ -75.64860500031034, 39.294886000464658 ], [ -75.648570000310428, 39.295026000464475 ], [ -75.648536000310457, 39.295161000464248 ], [ -75.648528000310478, 39.295193000464224 ], [ -75.648450000310618, 39.29543500046384 ], [ -75.648237000310928, 39.295729000463382 ], [ -75.648195000310977, 39.295774000463325 ], [ -75.648061000311202, 39.295851000463188 ], [ -75.647947000311376, 39.29583800046322 ], [ -75.647792000311597, 39.295844000463205 ], [ -75.647686000311808, 39.295880000463114 ], [ -75.64755800031196, 39.29594400046301 ], [ -75.647508000312087, 39.295983000462968 ], [ -75.647424000312185, 39.296048000462861 ], [ -75.647354000312305, 39.296121000462733 ], [ -75.64629300031396, 39.296870000461581 ], [ -75.646081000314268, 39.296998000461372 ], [ -75.644291000317025, 39.298156000459585 ], [ -75.644270000317078, 39.298156000459585 ], [ -75.644121000317341, 39.298234000459502 ], [ -75.643492000318304, 39.298607000458901 ], [ -75.64299000031906, 39.298907000458428 ], [ -75.642700000319508, 39.29910700045815 ], [ -75.642615000319665, 39.299184000458013 ], [ -75.642566000319732, 39.29924700045791 ], [ -75.64248100031989, 39.299441000457591 ], [ -75.642382000320026, 39.299690000457247 ], [ -75.642240000320214, 39.300096000456563 ], [ -75.641928000320718, 39.300891000455351 ], [ -75.641497000321408, 39.301159000454959 ], [ -75.640875000322353, 39.301224000454852 ], [ -75.640959000322198, 39.301318000454671 ], [ -75.640841000322382, 39.301454000454498 ], [ -75.640174000323441, 39.301442000454472 ], [ -75.640082000323559, 39.301440000454477 ], [ -75.640061000323612, 39.301440000454477 ], [ -75.639423000324598, 39.301428000454507 ], [ -75.639032000325244, 39.301475000454445 ], [ -75.638983000325311, 39.301466000454468 ], [ -75.638841000325499, 39.301441000454474 ], [ -75.638696000325751, 39.301414000454542 ], [ -75.638162000326588, 39.301429000454505 ], [ -75.637837000327067, 39.301424000454517 ], [ -75.637292000327932, 39.301390000454603 ], [ -75.637120000328196, 39.301385000454616 ], [ -75.636957000328437, 39.301375000454584 ], [ -75.636763000328756, 39.30135700045463 ], [ -75.636513000329103, 39.30135700045463 ], [ -75.636297000329478, 39.301358000454627 ], [ -75.635835000330189, 39.301347000454655 ], [ -75.635432000330809, 39.301393000454595 ], [ -75.635215000331129, 39.30142700045451 ], [ -75.63511700033132, 39.30148100045443 ], [ -75.634999000331504, 39.301539000454341 ], [ -75.634711000331947, 39.301652000454169 ], [ -75.63443100033237, 39.301704000454095 ], [ -75.634285000332568, 39.301707000454087 ], [ -75.634169000332747, 39.301688000454135 ], [ -75.634027000332992, 39.301647000454182 ], [ -75.633919000333151, 39.301591000454266 ], [ -75.633707000333459, 39.301404000454568 ], [ -75.633412000333919, 39.301330000454698 ], [ -75.633229000334211, 39.301230000454836 ], [ -75.632917000334714, 39.301237000454819 ], [ -75.63270200033503, 39.301249000454789 ], [ -75.632663000335128, 39.301251000454783 ], [ -75.632591000335196, 39.301273000454785 ], [ -75.632571000335247, 39.301286000454752 ], [ -75.632515000335331, 39.301336000454683 ], [ -75.632441000335461, 39.30139500045459 ], [ -75.632270000335723, 39.301529000454366 ], [ -75.632245000335729, 39.301548000454318 ], [ -75.632189000335813, 39.301586000454279 ], [ -75.632103000335974, 39.301659000454151 ], [ -75.63206200033602, 39.301706000454089 ], [ -75.632044000336066, 39.30176800045399 ], [ -75.632040000336076, 39.301872000453841 ], [ -75.631917000336273, 39.302091000453515 ], [ -75.631840000336354, 39.302106000453477 ], [ -75.631688000336624, 39.302099000453495 ], [ -75.631532000336847, 39.302028000453618 ], [ -75.631491000336894, 39.302022000453576 ], [ -75.631412000337036, 39.302026000453566 ], [ -75.631351000337133, 39.302063000453529 ], [ -75.631277000337263, 39.30211700045345 ], [ -75.6312400003373, 39.30217100045337 ], [ -75.631202000337396, 39.302252000453223 ], [ -75.631192000337364, 39.302286000453194 ], [ -75.631195000337357, 39.302332000453134 ], [ -75.631227000337333, 39.302393000453037 ], [ -75.631270000337281, 39.302449000452953 ], [ -75.631327000337194, 39.302521000452828 ], [ -75.631326000337197, 39.30254000045278 ], [ -75.631327000337194, 39.30258200045273 ], [ -75.631280000337256, 39.302655000452603 ], [ -75.63122800033733, 39.302707000452529 ], [ -75.631151000337468, 39.302735000452515 ], [ -75.631047000337617, 39.302760000452452 ], [ -75.630943000337766, 39.302768000452431 ], [ -75.630828000337942, 39.302771000452424 ], [ -75.630712000338121, 39.302761000452449 ], [ -75.630668000338176, 39.302749000452479 ], [ -75.630629000338274, 39.30273700045251 ], [ -75.630571000338364, 39.302703000452539 ], [ -75.630524000338426, 39.302692000452566 ], [ -75.630425000338562, 39.302671000452619 ], [ -75.63039800033863, 39.302672000452617 ], [ -75.630360000338669, 39.302673000452614 ], [ -75.630085000339079, 39.302681000452594 ], [ -75.629887000339409, 39.302759000452454 ], [ -75.629562000339888, 39.302963000452166 ], [ -75.628291000341903, 39.303886000450689 ], [ -75.627531000343083, 39.304438000449863 ], [ -75.627270000343458, 39.304521000449711 ], [ -75.626846000344131, 39.304501000449761 ], [ -75.626619000344476, 39.304398000449908 ], [ -75.626217000345093, 39.304171000450253 ], [ -75.626132000345251, 39.3041300004503 ], [ -75.625969000345492, 39.304091000450398 ], [ -75.625764000345839, 39.304146000450316 ], [ -75.625524000346161, 39.304345000449985 ], [ -75.62539600034637, 39.304490000449789 ], [ -75.625233000346611, 39.304802000449286 ], [ -75.625169000346716, 39.305073000448886 ], [ -75.625141000346787, 39.305541000448159 ], [ -75.625127000346822, 39.305582000448055 ], [ -75.62500100034697, 39.30572700044786 ], [ -75.624584000347625, 39.30599500044741 ], [ -75.624047000348469, 39.306376000446846 ], [ -75.623849000348798, 39.306562000446547 ], [ -75.623623000349141, 39.306843000446122 ], [ -75.623545000349282, 39.30696000044594 ], [ -75.623264000349707, 39.308029000444265 ], [ -75.623245000349698, 39.308058000444248 ], [ -75.623151000349878, 39.308205000443991 ], [ -75.623101000349948, 39.308233000443977 ], [ -75.623069000349972, 39.308280000443858 ], [ -75.622988000350119, 39.308396000443679 ], [ -75.62296000035019, 39.308405000443713 ], [ -75.622578000350757, 39.308596000443401 ], [ -75.622027000351636, 39.308667000443279 ], [ -75.621998000351653, 39.308631000443313 ], [ -75.62144000035255, 39.308738000443157 ], [ -75.62137900035259, 39.308755000443171 ], [ -75.621207000352911, 39.308811000443086 ], [ -75.620980000353256, 39.308893000442936 ], [ -75.620620000353824, 39.309238000442406 ], [ -75.620550000353887, 39.309373000442179 ], [ -75.620387000354185, 39.30952700044196 ], [ -75.619977000354822, 39.309768000441579 ], [ -75.619758000355148, 39.309981000441269 ], [ -75.619631000355355, 39.310058000441131 ], [ -75.619581000355424, 39.310068000441106 ], [ -75.619256000355904, 39.310096000441092 ], [ -75.619136000356093, 39.310079000441078 ], [ -75.618839000356559, 39.310004000441211 ], [ -75.618549000357007, 39.309969000441242 ], [ -75.618493000357091, 39.309988000441251 ], [ -75.618189000357575, 39.309998000441226 ], [ -75.617792000358179, 39.309861000441458 ], [ -75.617234000359076, 39.309877000441418 ], [ -75.617184000359146, 39.309864000441451 ], [ -75.616392000360349, 39.309765000441587 ], [ -75.616060000360847, 39.309735000441606 ], [ -75.615805000361263, 39.309515000441991 ], [ -75.615593000361571, 39.309287000442339 ], [ -75.615388000361918, 39.309081000442632 ], [ -75.615161000362264, 39.308897000442926 ], [ -75.61470900036295, 39.308548000443466 ], [ -75.614256000363696, 39.308307000443847 ], [ -75.613832000364312, 39.308242000443954 ], [ -75.61354200036476, 39.308261000443906 ], [ -75.613153000365401, 39.308349000443798 ], [ -75.612814000365915, 39.308499000443533 ], [ -75.612270000366777, 39.308813000443081 ], [ -75.61213800036694, 39.308906000442903 ], [ -75.612008000367155, 39.308954000442839 ], [ -75.611492000367946, 39.309295000442319 ], [ -75.611365000368153, 39.309323000442248 ], [ -75.611195000368411, 39.309328000442235 ], [ -75.610863000368965, 39.309276000442367 ], [ -75.610537000369447, 39.309156000442499 ], [ -75.610233000369931, 39.308977000442781 ], [ -75.609759000370673, 39.30876300044315 ], [ -75.609385000371219, 39.308801000443054 ], [ -75.609250000371446, 39.308834000443028 ], [ -75.608968000371874, 39.308903000442911 ], [ -75.608798000372133, 39.308908000442898 ], [ -75.608720000372273, 39.308899000442921 ], [ -75.608508000372581, 39.308792000443077 ], [ -75.608034000373323, 39.308461000443629 ], [ -75.607914000373512, 39.308394000443684 ], [ -75.607758000373735, 39.308332000443784 ], [ -75.607723000373824, 39.308328000443794 ], [ -75.607553000374082, 39.308225000443997 ], [ -75.607157000374684, 39.308088000444172 ], [ -75.606909000375083, 39.308053000444261 ], [ -75.606598000375584, 39.308090000444167 ], [ -75.606450000375787, 39.308181000444051 ], [ -75.606210000376166, 39.308448000443605 ], [ -75.605927000376596, 39.308968000442803 ], [ -75.605864000376698, 39.309049000442712 ], [ -75.605708000376922, 39.309181000442493 ], [ -75.60532000037756, 39.309390000442136 ], [ -75.605072000377902, 39.309635000441801 ], [ -75.605009000378004, 39.309761000441597 ], [ -75.604910000378197, 39.310059000441129 ], [ -75.604776000378365, 39.310344000440693 ], [ -75.604684000378541, 39.310533000440387 ], [ -75.604599000378641, 39.310642000440225 ], [ -75.604331000379091, 39.310941000439755 ], [ -75.604069000379468, 39.311131000439445 ], [ -75.603836000379829, 39.311182000439373 ], [ -75.603602000380192, 39.311147000439462 ], [ -75.60351700038035, 39.311116000439483 ], [ -75.603404000380522, 39.311054000439583 ], [ -75.603320000380677, 39.310959000439709 ], [ -75.603220000380816, 39.310798000440002 ], [ -75.603157000380918, 39.310627000440263 ], [ -75.603149000380938, 39.310559000440321 ], [ -75.603474000380402, 39.309706000441679 ], [ -75.603510000380368, 39.309589000441861 ], [ -75.603524000380332, 39.309300000442306 ], [ -75.603446000380472, 39.309094000442599 ], [ -75.603240000380765, 39.308860000442962 ], [ -75.602915000381302, 39.308578000443447 ], [ -75.602767000381505, 39.308480000443581 ], [ -75.60254000038185, 39.308346000443805 ], [ -75.602151000382491, 39.308177000444061 ], [ -75.602031000382624, 39.308110000444174 ], [ -75.602003000382695, 39.308110000444174 ], [ -75.601847000382918, 39.308066000444228 ], [ -75.601727000383107, 39.308021000444285 ], [ -75.601607000383297, 39.30799900044434 ], [ -75.601091000384088, 39.307948000444412 ], [ -75.60073700038464, 39.307959000444384 ], [ -75.60061700038483, 39.307986000444316 ], [ -75.600398000385212, 39.30801900044429 ], [ -75.60018600038552, 39.30806500044423 ], [ -75.600072000385694, 39.308106000444184 ], [ -75.599571000386447, 39.30844200044362 ], [ -75.599450000386639, 39.308650000443322 ], [ -75.59935200038683, 39.308966000442808 ], [ -75.599246000386984, 39.309629000441817 ], [ -75.599218000386998, 39.309737000441601 ], [ -75.599105000387169, 39.309805000441543 ], [ -75.598758000387704, 39.309906000441345 ], [ -75.598631000387911, 39.309907000441342 ], [ -75.598242000388552, 39.309864000441451 ], [ -75.597740000389308, 39.309646000441774 ], [ -75.597413000389793, 39.309572000441904 ], [ -75.597351000389892, 39.309557000441885 ], [ -75.597106000390283, 39.309554000441892 ], [ -75.596998000390442, 39.309612000441803 ], [ -75.596690000390936, 39.309751000441622 ], [ -75.596554000391166, 39.309809000441533 ], [ -75.596482000391291, 39.309841000441452 ], [ -75.596348000391458, 39.309866000441446 ], [ -75.596270000391598, 39.309915000441322 ], [ -75.596237000391625, 39.309936000441326 ], [ -75.596178000391717, 39.309969000441242 ], [ -75.596093000391875, 39.310010000441196 ], [ -75.596040000391952, 39.310026000441155 ], [ -75.595961000392094, 39.310047000441159 ], [ -75.595913000392159, 39.310059000441129 ], [ -75.595822000392275, 39.310076000441086 ], [ -75.595765000392362, 39.310080000441076 ], [ -75.595675000392532, 39.310083000441068 ], [ -75.595561000392706, 39.310083000441068 ], [ -75.59547100039282, 39.310081000441073 ], [ -75.595410000392917, 39.310071000441098 ], [ -75.595390000392968, 39.310068000441106 ], [ -75.595268000393162, 39.310036000441187 ], [ -75.59525700039319, 39.310033000441138 ], [ -75.595128000393345, 39.309997000441228 ], [ -75.595065000393447, 39.30997400044123 ], [ -75.594963000393648, 39.309927000441348 ], [ -75.594899000393696, 39.309873000441428 ], [ -75.594841000393785, 39.309801000441553 ], [ -75.594805000393876, 39.30974400044164 ], [ -75.594753000393951, 39.309636000441799 ], [ -75.594721000393974, 39.30954300044192 ], [ -75.594700000394027, 39.309430000442092 ], [ -75.594685000394065, 39.309302000442301 ], [ -75.594684000394068, 39.309157000442497 ], [ -75.594668000394051, 39.309016000442739 ], [ -75.594663000394064, 39.30891500044288 ], [ -75.594663000394064, 39.308818000443068 ], [ -75.594652000394092, 39.308780000443107 ], [ -75.594631000394145, 39.308706000443237 ], [ -75.594608000394146, 39.308675000443259 ], [ -75.594574000394232, 39.308629000443318 ], [ -75.594476000394366, 39.308537000443494 ], [ -75.594371000394517, 39.308480000443581 ], [ -75.594326000394631, 39.308465000443618 ], [ -75.59422200039478, 39.308432000443645 ], [ -75.594096000394984, 39.308412000443695 ], [ -75.594047000395051, 39.308408000443706 ], [ -75.593889000395279, 39.308417000443683 ], [ -75.593646000395665, 39.308405000443713 ], [ -75.593441000395956, 39.308546000443471 ], [ -75.593391000396082, 39.308609000443369 ], [ -75.593285000396236, 39.308776000443117 ], [ -75.593193000396354, 39.309020000442729 ], [ -75.593052000396597, 39.309233000442418 ], [ -75.592571000397356, 39.309658000441743 ], [ -75.592338000397717, 39.309948000441295 ], [ -75.592236000397861, 39.310169000440965 ], [ -75.59219000039792, 39.310413000440576 ], [ -75.592211000397867, 39.310800000439997 ], [ -75.59214800039797, 39.311116000439483 ], [ -75.592105000398078, 39.311184000439368 ], [ -75.592056000398145, 39.311252000439254 ], [ -75.591851000398435, 39.311437000439014 ], [ -75.591679000398699, 39.311539000438813 ], [ -75.591335000399226, 39.311638000438677 ], [ -75.590409000400712, 39.311746000438518 ], [ -75.590012000401316, 39.311744000438523 ], [ -75.589511000402069, 39.31167900043863 ], [ -75.588315000403952, 39.311410000439025 ], [ -75.58803300040438, 39.311285000439227 ], [ -75.58775000040481, 39.311152000439449 ], [ -75.58770000040488, 39.311098000439529 ], [ -75.587495000405227, 39.31100900043964 ], [ -75.58741700040531, 39.310910000439776 ], [ -75.587318000405503, 39.310757000440049 ], [ -75.587283000405534, 39.310609000440252 ], [ -75.587276000405552, 39.310514000440435 ], [ -75.587367000405436, 39.310140000440981 ], [ -75.587381000405401, 39.310009000441198 ], [ -75.587325000405485, 39.309699000441697 ], [ -75.587183000405673, 39.309560000441877 ], [ -75.587021000405969, 39.309466000442058 ], [ -75.586731000406417, 39.309377000442169 ], [ -75.586031000407502, 39.309241000442398 ], [ -75.585748000407932, 39.309125000442577 ], [ -75.585331000408587, 39.308839000443015 ], [ -75.585295000408621, 39.308830000443038 ], [ -75.585090000408968, 39.308692000443273 ], [ -75.585048000409017, 39.308674000443261 ], [ -75.584765000409448, 39.308644000443337 ], [ -75.58434100041012, 39.308718000443207 ], [ -75.584093000410519, 39.308895000442931 ], [ -75.583747000411051, 39.309207000442427 ], [ -75.583379000411583, 39.309561000441875 ], [ -75.583358000411636, 39.309592000441853 ], [ -75.583181000411912, 39.309697000441702 ], [ -75.583040000412154, 39.309864000441451 ], [ -75.582630000412792, 39.310164000440977 ], [ -75.581145000415063, 39.311131000439445 ], [ -75.580601000415925, 39.31135000043912 ], [ -75.580495000416079, 39.31140400043904 ], [ -75.580347000416282, 39.31143200043897 ], [ -75.578975000418438, 39.311962000438143 ], [ -75.578296000419471, 39.312136000437874 ], [ -75.577921000420076, 39.312314000437652 ], [ -75.577780000420319, 39.312337000437594 ], [ -75.577596000420556, 39.31240100043749 ], [ -75.576804000421816, 39.312720000436968 ], [ -75.576133000422828, 39.312823000436822 ], [ -75.575963000423087, 39.312833000436797 ], [ -75.575850000423316, 39.312856000436796 ], [ -75.575631000423641, 39.312933000436658 ], [ -75.575284000424176, 39.313097000436414 ], [ -75.575086000424449, 39.313175000436274 ], [ -75.57462000042517, 39.313434000435905 ], [ -75.574429000425482, 39.313611000435628 ], [ -75.574280000425745, 39.313819000435274 ], [ -75.573870000426382, 39.314456000434291 ], [ -75.572732000428118, 39.315957000431979 ], [ -75.572697000428207, 39.316066000431817 ], [ -75.572486000428512, 39.316385000431296 ], [ -75.571587000429929, 39.317747000429165 ], [ -75.571537000429998, 39.317846000429029 ], [ -75.571283000430356, 39.318253000428399 ], [ -75.571240000430464, 39.318384000428182 ], [ -75.570958000430892, 39.318845000427473 ], [ -75.570576000431458, 39.319856000425943 ], [ -75.569791000432701, 39.32135100042359 ], [ -75.569607000432995, 39.3216180004232 ], [ -75.569331000433408, 39.3221150004224 ], [ -75.569162000433664, 39.322404000421955 ], [ -75.56907000043384, 39.322540000421725 ], [ -75.568879000434094, 39.322991000421041 ], [ -75.568716000434335, 39.323523000420209 ], [ -75.568821000434184, 39.323921000419602 ], [ -75.569473000433163, 39.325385000417327 ], [ -75.569523000433094, 39.325457000417202 ], [ -75.569763000432715, 39.326163000416102 ], [ -75.569820000432628, 39.326577000415512 ], [ -75.569756000432733, 39.32761800041385 ], [ -75.56955100043308, 39.328016000413243 ], [ -75.569318000433441, 39.328364000412705 ], [ -75.569007000433885, 39.328744000412144 ], [ -75.568349000434921, 39.329319000411203 ], [ -75.568264000435079, 39.329437000411019 ], [ -75.56817900043518, 39.329496000410927 ], [ -75.568052000435387, 39.329609000410755 ], [ -75.568010000435436, 39.329668000410663 ], [ -75.567734000435905, 39.329863000410398 ], [ -75.567705000435922, 39.329876000410366 ], [ -75.567593000436091, 39.330039000410125 ], [ -75.567423000436349, 39.330166000409918 ], [ -75.567310000436521, 39.330266000409779 ], [ -75.566843000437245, 39.330565000409308 ], [ -75.566178000438299, 39.331109000408446 ], [ -75.565817000438869, 39.331345000408078 ], [ -75.56566200043909, 39.33149500040787 ], [ -75.565160000439903, 39.331786000407419 ], [ -75.564806000440456, 39.331936000407154 ], [ -75.564629000440732, 39.331982000407095 ], [ -75.564290000441247, 39.332060000406955 ], [ -75.564120000441505, 39.332088000406941 ], [ -75.563604000442297, 39.332131000406889 ], [ -75.563483000442488, 39.332123000406852 ], [ -75.562734000443641, 39.3321040004069 ], [ -75.562436000444109, 39.332159000406818 ], [ -75.561779000445142, 39.332374000406503 ], [ -75.560661000446885, 39.332839000405784 ], [ -75.560385000447297, 39.332967000405574 ], [ -75.559919000448019, 39.33307700040541 ], [ -75.559494000448694, 39.333165000405245 ], [ -75.55919700044916, 39.333252000405139 ], [ -75.558843000449713, 39.333334000404989 ], [ -75.558645000449985, 39.333466000404769 ], [ -75.558617000450056, 39.333466000404769 ], [ -75.558539000450139, 39.333489000404768 ], [ -75.557598000451605, 39.334048000403868 ], [ -75.556523000453296, 39.335012000402401 ], [ -75.556382000453482, 39.335153000402158 ], [ -75.556361000453535, 39.335212000402066 ], [ -75.556205000453758, 39.335325000401895 ], [ -75.556103000453959, 39.335482000401669 ], [ -75.555880000454295, 39.335827000401139 ], [ -75.555752000454504, 39.336143000400625 ], [ -75.55568100045457, 39.336530000400046 ], [ -75.555689000454606, 39.336618000399881 ], [ -75.555717000454536, 39.337066000399204 ], [ -75.556113000453934, 39.337655000398286 ], [ -75.556318000453587, 39.337879000397947 ], [ -75.556650000453089, 39.338085000397598 ], [ -75.556714000452985, 39.338098000397622 ], [ -75.556813000452848, 39.3381690003975 ], [ -75.556954000452606, 39.338250000397352 ], [ -75.557725000451399, 39.338679000396723 ], [ -75.558093000450867, 39.338956000396252 ], [ -75.558334000450486, 39.339230000395844 ], [ -75.558369000450398, 39.339329000395708 ], [ -75.558398000450381, 39.339473000395458 ], [ -75.558369000450398, 39.339590000395276 ], [ -75.558199000450713, 39.339938000394739 ], [ -75.557619000451609, 39.34058900039372 ], [ -75.557584000451641, 39.340653000393615 ], [ -75.557478000451795, 39.340901000393274 ], [ -75.557358000451984, 39.341501000392327 ], [ -75.557379000451931, 39.341893000391735 ], [ -75.557421000451882, 39.342050000391453 ], [ -75.557527000451728, 39.34233800039101 ], [ -75.557591000451623, 39.342464000390805 ], [ -75.557789000451351, 39.342715000390456 ], [ -75.557846000451207, 39.342764000390332 ], [ -75.558136000450759, 39.342921000390106 ], [ -75.558673000449971, 39.343103000389817 ], [ -75.55927500044902, 39.34322200038963 ], [ -75.559536000448588, 39.343297000389555 ], [ -75.559791000448229, 39.34337700038941 ], [ -75.559982000447917, 39.343466000389299 ], [ -75.560215000447556, 39.343686000388914 ], [ -75.560350000447329, 39.343888000388631 ], [ -75.56044200044721, 39.344234000388099 ], [ -75.560484000447161, 39.344500000387654 ], [ -75.56052000044707, 39.344779000387234 ], [ -75.560519000447073, 39.345067000386791 ], [ -75.560357000447311, 39.345519000386105 ], [ -75.560272000447469, 39.345623000385899 ], [ -75.559954000447988, 39.345886000385519 ], [ -75.559274000449022, 39.346249000384944 ], [ -75.558800000449764, 39.346549000384471 ], [ -75.55858100045009, 39.346789000384092 ], [ -75.558411000450349, 39.347082000383637 ], [ -75.558263000450609, 39.347313000383281 ], [ -75.557952000451053, 39.348013000382196 ], [ -75.557909000451161, 39.348076000382093 ], [ -75.55789500045114, 39.348144000382035 ], [ -75.557810000451298, 39.348369000381638 ], [ -75.557690000451487, 39.348627000381271 ], [ -75.557378000451934, 39.349101000380529 ], [ -75.557308000452053, 39.349120000380481 ], [ -75.557166000452298, 39.349098000380536 ], [ -75.556954000452606, 39.349013000380637 ], [ -75.556636000453125, 39.348861000380907 ], [ -75.556537000453261, 39.348808000380984 ], [ -75.556360000453537, 39.348615000381301 ], [ -75.556190000453796, 39.348287000381788 ], [ -75.556140000453865, 39.348093000382107 ], [ -75.556126000453901, 39.347837000382469 ], [ -75.556190000453796, 39.347661000382743 ], [ -75.556176000453831, 39.347638000382801 ], [ -75.556041000454059, 39.347044000383733 ], [ -75.555886000454279, 39.346743000384208 ], [ -75.555659000454625, 39.346456000384649 ], [ -75.555462000454952, 39.346222000385012 ], [ -75.555132000455444, 39.345871000385557 ], [ -75.554980000455657, 39.345765000385711 ], [ -75.554698000456142, 39.345600000385957 ], [ -75.55422300045683, 39.345404000386281 ], [ -75.552611000459365, 39.345150000386639 ], [ -75.551896000460488, 39.345104000386755 ], [ -75.551599000460953, 39.345105000386752 ], [ -75.55142200046123, 39.345156000386623 ], [ -75.551203000461555, 39.345310000386405 ], [ -75.551040000461796, 39.345568000385981 ], [ -75.550955000461954, 39.345892000385504 ], [ -75.550955000461954, 39.346127000385138 ], [ -75.55101100046187, 39.347100000383648 ], [ -75.551054000461761, 39.347419000383127 ], [ -75.551061000461743, 39.347757000382614 ], [ -75.550933000461953, 39.348488000381451 ], [ -75.550933000461953, 39.348803000380997 ], [ -75.550990000461866, 39.349181000380383 ], [ -75.551096000461712, 39.349483000379905 ], [ -75.551153000461625, 39.349568000379804 ], [ -75.551429000461212, 39.349895000379263 ], [ -75.551669000460834, 39.350038000379072 ], [ -75.55190300046047, 39.350114000378937 ], [ -75.552242000459955, 39.350157000378886 ], [ -75.552631000459314, 39.350115000378935 ], [ -75.552730000459178, 39.350088000379003 ], [ -75.552914000458884, 39.350055000379029 ], [ -75.553190000458471, 39.349941000379204 ], [ -75.55335300045823, 39.349922000379252 ], [ -75.553522000457917, 39.349913000379274 ], [ -75.553841000457453, 39.349938000379211 ], [ -75.553926000457295, 39.34996900037919 ], [ -75.554188000456918, 39.350099000378975 ], [ -75.554244000456833, 39.350161000378876 ], [ -75.554385000456591, 39.350350000378569 ], [ -75.554471000456488, 39.350480000378411 ], [ -75.554520000456421, 39.350611000378194 ], [ -75.554612000456245, 39.350921000377696 ], [ -75.554661000456178, 39.351110000377389 ], [ -75.554683000456123, 39.351506000376787 ], [ -75.554619000456228, 39.351718000376479 ], [ -75.554477000456473, 39.351922000376135 ], [ -75.554018000457177, 39.352415000375402 ], [ -75.553664000457729, 39.352665000374998 ], [ -75.55336900045819, 39.353010000374468 ], [ -75.552758000459107, 39.353426000373815 ], [ -75.552149000460076, 39.353740000373307 ], [ -75.551626000460885, 39.353940000373029 ], [ -75.551386000461264, 39.353978000372933 ], [ -75.550890000462005, 39.354038000372839 ], [ -75.550338000462887, 39.353991000372957 ], [ -75.549645000463954, 39.35385500037313 ], [ -75.549560000464112, 39.353837000373176 ], [ -75.549393000464363, 39.353791000373235 ], [ -75.54906500046485, 39.353673000373419 ], [ -75.548605000465557, 39.3534320003738 ], [ -75.548322000466044, 39.353204000374149 ], [ -75.548294000466058, 39.353195000374171 ], [ -75.548131000466299, 39.352921000374579 ], [ -75.548103000466369, 39.352619000375057 ], [ -75.548145000466263, 39.351961000376093 ], [ -75.548110000466352, 39.351713000376492 ], [ -75.548068000466401, 39.351619000376616 ], [ -75.547954000466575, 39.351426000376932 ], [ -75.547884000466695, 39.351327000377069 ], [ -75.547799000466853, 39.351269000377158 ], [ -75.54753700046723, 39.351117000377371 ], [ -75.54738900046749, 39.351077000377472 ], [ -75.547028000468003, 39.35094300037764 ], [ -75.546377000469022, 39.350816000377847 ], [ -75.545216000470816, 39.350763000377924 ], [ -75.545089000471023, 39.350772000377958 ], [ -75.544672000471678, 39.350837000377851 ], [ -75.544460000471986, 39.350915000377711 ], [ -75.544396000472091, 39.350969000377631 ], [ -75.544056000472665, 39.351363000377034 ], [ -75.543815000472989, 39.351837000376293 ], [ -75.543816000472987, 39.351873000376202 ], [ -75.543525000473437, 39.352631000375027 ], [ -75.543263000473871, 39.353236000374125 ], [ -75.542881000474438, 39.353774000373278 ], [ -75.542485000475097, 39.35406000037284 ], [ -75.542004000475799, 39.354260000372506 ], [ -75.541586000476457, 39.354366000372352 ], [ -75.541162000477129, 39.354354000372382 ], [ -75.540829000477629, 39.354311000372434 ], [ -75.540299000478456, 39.354174000372666 ], [ -75.540086000478823, 39.354058000372845 ], [ -75.539867000479148, 39.353887000373106 ], [ -75.539634000479509, 39.353623000373489 ], [ -75.53954900047961, 39.353443000373773 ], [ -75.53947100047975, 39.353267000374046 ], [ -75.539315000479974, 39.352719000374918 ], [ -75.539210000480182, 39.352395000375395 ], [ -75.539047000480423, 39.352053000375918 ], [ -75.53899000048051, 39.351954000376111 ], [ -75.538686000480993, 39.351672000376539 ], [ -75.53815600048182, 39.351336000377046 ], [ -75.537986000482078, 39.351256000377191 ], [ -75.537639000482613, 39.351095000377427 ], [ -75.537434000482904, 39.351020000377559 ], [ -75.537399000482992, 39.351015000377572 ], [ -75.537201000483265, 39.350904000377739 ], [ -75.537158000483373, 39.350899000377751 ], [ -75.536783000483922, 39.350766000377916 ], [ -75.536260000484731, 39.350642000378116 ], [ -75.536097000484972, 39.350629000378149 ], [ -75.535849000485371, 39.350617000378179 ], [ -75.53544600048599, 39.350691000378049 ], [ -75.535008000486698, 39.350891000377771 ], [ -75.534781000487044, 39.351050000377484 ], [ -75.534652000487256, 39.351154000377335 ], [ -75.534540000487425, 39.351321000377084 ], [ -75.53448400048751, 39.351389000376969 ], [ -75.53448400048751, 39.351425000376935 ], [ -75.534371000487681, 39.351827000376318 ], [ -75.534307000487786, 39.352224000375656 ], [ -75.534327000487735, 39.353061000374396 ], [ -75.534278000487802, 39.353332000373939 ], [ -75.534066000488167, 39.353612000373516 ], [ -75.534002000488272, 39.353676000373412 ], [ -75.533549000488961, 39.354047000372873 ], [ -75.533238000489405, 39.35422000037255 ], [ -75.532926000489908, 39.354356000372377 ], [ -75.532565000490479, 39.354511000372099 ], [ -75.531914000491497, 39.354595000372001 ], [ -75.531391000492306, 39.354508000372107 ], [ -75.531023000492894, 39.354352000372387 ], [ -75.530202000494171, 39.353860000373118 ], [ -75.53016000049422, 39.353846000373153 ], [ -75.530026000494388, 39.353775000373275 ], [ -75.529934000494563, 39.353717000373365 ], [ -75.529538000495165, 39.353534000373656 ], [ -75.52907100049589, 39.353423000373823 ], [ -75.528696000496495, 39.353430000373805 ], [ -75.528370000496977, 39.353557000373598 ], [ -75.528271000497114, 39.353616000373506 ], [ -75.528087000497408, 39.3537030003734 ], [ -75.527627000498114, 39.354097000372747 ], [ -75.527408000498497, 39.354368000372347 ], [ -75.527259000498702, 39.354675000371856 ], [ -75.527230000498776, 39.354950000371446 ], [ -75.527273000498667, 39.355225000371036 ], [ -75.527315000498618, 39.355342000370854 ], [ -75.527365000498548, 39.355463000370662 ], [ -75.527577000498241, 39.355818000370107 ], [ -75.527739000497945, 39.355943000369905 ], [ -75.528256000497151, 39.356306000369329 ], [ -75.528425000496895, 39.356463000369104 ], [ -75.528673000496497, 39.356782000368582 ], [ -75.528715000496447, 39.356881000368446 ], [ -75.528800000496346, 39.357164000368016 ], [ -75.528800000496346, 39.357470000367528 ], [ -75.528758000496396, 39.357642000367264 ], [ -75.528708000496465, 39.35781800036699 ], [ -75.528651000496552, 39.357962000366797 ], [ -75.528523000496762, 39.358206000366408 ], [ -75.528453000496881, 39.358305000366215 ], [ -75.528254000497157, 39.358509000365927 ], [ -75.527759000497952, 39.358971000365216 ], [ -75.527257000498707, 39.359243000364756 ], [ -75.526669000499624, 39.359435000364499 ], [ -75.525877000500884, 39.359642000364147 ], [ -75.524857000502436, 39.359804000363908 ], [ -75.52434800050321, 39.359847000363857 ], [ -75.523895000503956, 39.359849000363852 ], [ -75.5235840005044, 39.359810000363893 ], [ -75.523254000504949, 39.359712000364027 ], [ -75.522770000505659, 39.359435000364499 ], [ -75.522318000506402, 39.359095000365016 ], [ -75.522000000506864, 39.358929000365265 ], [ -75.521787000507231, 39.358782000365522 ], [ -75.521745000507281, 39.358773000365488 ], [ -75.52142000050776, 39.358607000365794 ], [ -75.5213420005079, 39.358585000365792 ], [ -75.521129000508211, 39.358550000365881 ], [ -75.520897000508569, 39.358606000365796 ], [ -75.520790000508725, 39.358669000365694 ], [ -75.520337000509471, 39.35900900036512 ], [ -75.520124000509782, 39.359226000364799 ], [ -75.520004000509971, 39.359483000364435 ], [ -75.519628000510579, 39.360066000363531 ], [ -75.519338000511027, 39.360320000363117 ], [ -75.519197000511213, 39.36039300036299 ], [ -75.518786000511852, 39.360516000362793 ], [ -75.517831000513354, 39.360687000362532 ], [ -75.517449000513921, 39.360797000362368 ], [ -75.517265000514215, 39.360843000362308 ], [ -75.516897000514803, 39.360988000362056 ], [ -75.516684000515113, 39.361138000361848 ], [ -75.516486000515442, 39.361391000361436 ], [ -75.516394000515561, 39.361594000361151 ], [ -75.516316000515701, 39.361924000360602 ], [ -75.516209000515857, 39.362857000359156 ], [ -75.516152000515945, 39.363573000358087 ], [ -75.516081000516067, 39.364015000357369 ], [ -75.515975000516221, 39.364363000356832 ], [ -75.51576900051657, 39.364553000356523 ], [ -75.515500000516965, 39.364734000356236 ], [ -75.515175000517445, 39.364889000356015 ], [ -75.514297000518809, 39.365149000355586 ], [ -75.512937999479277, 39.36545700035515 ], [ -75.512569999479865, 39.365567000354986 ], [ -75.512307999480242, 39.365685000354802 ], [ -75.512105999480582, 39.365830000354549 ], [ -75.51193999948083, 39.365947000354367 ], [ -75.511776999481071, 39.366030000354272 ], [ -75.50822199948658, 39.368559000350331 ], [ -75.505836999490271, 39.370256000347695 ], [ -75.502635999495283, 39.372535000344158 ], [ -75.499143999500689, 39.374997000340329 ], [ -75.481359999528308, 39.387555000320845 ], [ -75.476855999535303, 39.382004000329459 ], [ -75.4723509995423, 39.376453000338074 ], [ -75.471188999544097, 39.375021000340269 ], [ -75.471168999544091, 39.374998000340327 ], [ -75.470913999544507, 39.374726000340729 ], [ -75.47055999954506, 39.374348000341342 ], [ -75.46999799954591, 39.373748000342289 ], [ -75.469435999546818, 39.373147000343181 ], [ -75.468642999548024, 39.372568000344074 ], [ -75.467851999549282, 39.371989000345025 ], [ -75.466702999551046, 39.371149000346293 ], [ -75.46555399955281, 39.370309000347618 ], [ -75.461960999558414, 39.367680000351697 ], [ -75.458369999563956, 39.365055000355767 ], [ -75.452074999573767, 39.36044700036291 ], [ -75.445776999583529, 39.355840000370051 ], [ -75.44526499958431, 39.35546400037066 ], [ -75.444750999585096, 39.355089000371208 ], [ -75.443509999587036, 39.354023000372877 ], [ -75.442267999588978, 39.352957000374545 ], [ -75.436171999598457, 39.347719000382654 ], [ -75.43005999960792, 39.342469000390793 ], [ -75.428049999611062, 39.340743000393502 ], [ -75.426040999614145, 39.339015000396159 ], [ -75.424383999616737, 39.337594000398383 ], [ -75.422730999619318, 39.336172000400609 ], [ -75.420069999623422, 39.333884000404169 ], [ -75.410416999638414, 39.325633000416929 ], [ -75.401819999651764, 39.318286000428373 ], [ -75.400169999654338, 39.316890000430533 ], [ -75.399355999655597, 39.316200000431593 ], [ -75.398520999656853, 39.315492000432698 ], [ -75.394489999663108, 39.312078000437964 ], [ -75.391961999667046, 39.309949000441293 ], [ -75.38949399967089, 39.307871000444493 ], [ -75.387035999674708, 39.305807000447714 ], [ -75.381129999683878, 39.300845000455411 ], [ -75.379651999686132, 39.299631000457339 ], [ -75.377172999690004, 39.297594000460492 ], [ -75.371040999699517, 39.29257300046828 ], [ -75.352647999728049, 39.277510000491645 ], [ -75.346517999737614, 39.272489000499434 ], [ -75.345788999738716, 39.271890000500377 ], [ -75.343601999742134, 39.270093000503152 ], [ -75.342873999743233, 39.269494000504096 ], [ -75.340769999746499, 39.267756000506779 ], [ -75.334458999756293, 39.262542000514884 ], [ -75.332355999759557, 39.260805000517564 ], [ -75.330088999763063, 39.258919000520507 ], [ -75.32328799977364, 39.253263999487615 ], [ -75.321020999777147, 39.251378999490555 ], [ -75.320060999778661, 39.250163999492429 ], [ -75.317181999783145, 39.246520999498102 ], [ -75.3162229997846, 39.245306999499974 ] ] ] } }
]
}
