{
"type": "FeatureCollection",
"name": "GU_CountyOrEquivalent",
"crs": { "type": "name", "properties": { "name": "urn:ogc:def:crs:EPSG::4269" } },
"features": [
{ "type": "Feature", "properties": { "permanent_": "139f5e15-fed8-46ad-b42d-370b6b26905d", "source_fea": "11001", "source_dat": "ccda6193-1739-4dd9-aa2b-1f14c80bcca4", "source_d_1": "2022 TIGER/Line Shapefile, Current County and Equivalent", "source_ori": "U.S. Census Bureau", "loaddate": "2022-11-30", "fcode": 61299, "state_fips": "11", "state_name": "District of Columbia", "county_fip": "001", "county_nam": "District of Columbia", "stco_fipsc": "11001", "population": 689545, "areasqkm": 177.02595317000001, "gnis_id": "1702382", "gnis_name": "District of Columbia", "shape_Leng": null, "shape_Area": null, "ObjectID": 1 }, "geometry": { "type": "Polygon", "coordinates": [ [ [ -77.11975100011017, 38.934349999982658 ], [ -77.118861000111565, 38.935355999981084 ], [ -77.117398000113837, 38.936397999979476 ], [ -77.117234000114081, 38.93650899997931 ], [ -77.117207000114149, 38.936526999979264 ], [ -77.117146000114246, 38.936587999979167 ], [ -77.117059000114352, 38.936657999979047 ], [ -77.116984000114485, 38.936724999978935 ], [ -77.116910000114615, 38.936768999978881 ], [ -77.116844000114668, 38.936819999978809 ], [ -77.116826000114713, 38.936835999978769 ], [ -77.116808000114759, 38.936853999978723 ], [ -77.116793000114797, 38.936863999978755 ], [ -77.116767000114805, 38.936889999978689 ], [ -77.116749000114851, 38.936917999978675 ], [ -77.116144000115753, 38.937462999977811 ], [ -77.116022000115947, 38.937551999977643 ], [ -77.115189000117255, 38.938163999976723 ], [ -77.114848000117775, 38.938434999976266 ], [ -77.1141320001189, 38.939002999975401 ], [ -77.113962000119159, 38.939137999975173 ], [ -77.112579000121286, 38.940227999973501 ], [ -77.112188000121932, 38.940518999973051 ], [ -77.112098000122046, 38.940585999972939 ], [ -77.11191800012233, 38.940722999972763 ], [ -77.11189800012238, 38.940737999972725 ], [ -77.109032000126831, 38.942908999969347 ], [ -77.108913000127018, 38.942998999969234 ], [ -77.108840000127088, 38.943053999969095 ], [ -77.106132000131311, 38.945151999965844 ], [ -77.10484100013332, 38.946039999964512 ], [ -77.104112000134478, 38.946625999963601 ], [ -77.102515000136918, 38.947904999961565 ], [ -77.101364000138744, 38.948660999960396 ], [ -77.10095200013933, 38.948947999959955 ], [ -77.100625000139871, 38.949163999959637 ], [ -77.100265000140439, 38.949452999959192 ], [ -77.099914000140984, 38.949698999958798 ], [ -77.099700000141297, 38.949866999958545 ], [ -77.098838000142621, 38.950541999957522 ], [ -77.098289000143495, 38.95096999995684 ], [ -77.09816700014369, 38.951064999956714 ], [ -77.097610000144527, 38.951498999956016 ], [ -77.096823000145775, 38.952114999955086 ], [ -77.096397000146453, 38.952448999954527 ], [ -77.095481000147856, 38.953162999953406 ], [ -77.095358000148053, 38.95325799995328 ], [ -77.095274000148152, 38.95332399995317 ], [ -77.09525100014821, 38.953341999953182 ], [ -77.094329000149628, 38.954058999952053 ], [ -77.093820000150401, 38.954450999951405 ], [ -77.093788000150482, 38.954477999951393 ], [ -77.09349000015095, 38.954726999950992 ], [ -77.092620000152294, 38.95539799994998 ], [ -77.091552000153968, 38.956213999948716 ], [ -77.091239000154417, 38.956469999948297 ], [ -77.090862000155028, 38.956766999947831 ], [ -77.090629000155388, 38.956951999947535 ], [ -77.090522000155545, 38.957037999947431 ], [ -77.088874000158114, 38.958334999945407 ], [ -77.088706000158368, 38.958472999945172 ], [ -77.088523000158659, 38.958617999944977 ], [ -77.088449000158789, 38.958675999944887 ], [ -77.088211000159163, 38.958868999944571 ], [ -77.087699000159944, 38.959273999943946 ], [ -77.087593000160098, 38.959341999943831 ], [ -77.086845000161247, 38.959921999942935 ], [ -77.086584000161679, 38.960121999942658 ], [ -77.08573100016298, 38.960776999941629 ], [ -77.085290000163695, 38.961124999941092 ], [ -77.084640000164654, 38.961638999940249 ], [ -77.084026000165636, 38.962117999939551 ], [ -77.083759000166026, 38.962326999939194 ], [ -77.082977000167261, 38.962939999938271 ], [ -77.082602000167867, 38.963232999937816 ], [ -77.082168000168508, 38.963572999937298 ], [ -77.080474000171137, 38.964888999935226 ], [ -77.080360000171311, 38.964953999935119 ], [ -77.080268000171486, 38.965048999934993 ], [ -77.078178000174717, 38.966689999932441 ], [ -77.077560000175652, 38.967177999931664 ], [ -77.077423000175884, 38.96730399993146 ], [ -77.0771060001764, 38.967557999931103 ], [ -77.076712000176997, 38.967843999930665 ], [ -77.076644000177112, 38.967886999930556 ], [ -77.075805000178377, 38.968542999929582 ], [ -77.075683000178572, 38.968638999929397 ], [ -77.075625000178661, 38.96868399992934 ], [ -77.074775000180011, 38.969340999928306 ], [ -77.074249000180828, 38.969756999927654 ], [ -77.07418600018093, 38.96980499992759 ], [ -77.07321700018241, 38.970550999926445 ], [ -77.073113000182559, 38.9706309999263 ], [ -77.072990000182756, 38.970725999926174 ], [ -77.072924000182866, 38.970777999926099 ], [ -77.07280600018305, 38.970871999925919 ], [ -77.071647000184839, 38.971785999924521 ], [ -77.071250000185444, 38.972086999924045 ], [ -77.071229000185497, 38.972102999924061 ], [ -77.070517000186612, 38.972666999923149 ], [ -77.070396000186804, 38.97276299992302 ], [ -77.070254000186992, 38.972866999922871 ], [ -77.070214000187093, 38.972895999922798 ], [ -77.070098000187272, 38.9729799999227 ], [ -77.069580000188068, 38.973395999922047 ], [ -77.069290000188516, 38.97361699992166 ], [ -77.068969000188986, 38.973868999921308 ], [ -77.068733000189354, 38.974051999921016 ], [ -77.06869500018945, 38.974081999920941 ], [ -77.066989000192052, 38.9754079999189 ], [ -77.066849000192292, 38.975516999918739 ], [ -77.066726000192489, 38.975611999918613 ], [ -77.066554000192752, 38.97574899991838 ], [ -77.066133000193418, 38.976084999917873 ], [ -77.066123000193443, 38.976092999917853 ], [ -77.066001000193637, 38.976172999917708 ], [ -77.065879000193775, 38.976283999917541 ], [ -77.065132000194978, 38.976862999916648 ], [ -77.065102000194997, 38.976886999916587 ], [ -77.065087000195035, 38.976898999916614 ], [ -77.063896000196848, 38.977827999915121 ], [ -77.063864000196929, 38.977852999915115 ], [ -77.063049000198191, 38.978499999914106 ], [ -77.062926000198388, 38.97859499991398 ], [ -77.062763000198629, 38.978721999913773 ], [ -77.062671000198804, 38.978792999913651 ], [ -77.062133000199594, 38.979208999912998 ], [ -77.061477000200625, 38.9797279999122 ], [ -77.061212000201067, 38.979940999911889 ], [ -77.061170000201116, 38.979974999911803 ], [ -77.061111000201208, 38.980021999911742 ], [ -77.059722000203351, 38.981097999910048 ], [ -77.058502000205237, 38.982047999908616 ], [ -77.05738800020697, 38.982916999907275 ], [ -77.056647000208102, 38.983482999906357 ], [ -77.056602000208215, 38.983517999906326 ], [ -77.056579000208217, 38.983534999906283 ], [ -77.056289000208665, 38.983767999905922 ], [ -77.055907000209288, 38.984071999905439 ], [ -77.055824000209384, 38.984137999905329 ], [ -77.055023000210667, 38.984747999904414 ], [ -77.054344000211699, 38.985297999903537 ], [ -77.053043000213734, 38.986273999902039 ], [ -77.052988000213816, 38.986314999901992 ], [ -77.052364000214766, 38.986789999901248 ], [ -77.052329000214854, 38.986817999901177 ], [ -77.0517690002157, 38.987243999900556 ], [ -77.050455000217767, 38.988171999899066 ], [ -77.049619000219025, 38.98882099989811 ], [ -77.047133000222914, 38.990823999894985 ], [ -77.04670900022353, 38.991165999894463 ], [ -77.046513000223854, 38.991323999894178 ], [ -77.046081000224547, 38.991621999893709 ], [ -77.045439000225542, 38.992065999893043 ], [ -77.044863000226428, 38.992509999892377 ], [ -77.044202000227472, 38.993018999891547 ], [ -77.043919000227902, 38.993236999891224 ], [ -77.042556000229979, 38.994286999889596 ], [ -77.042333000230371, 38.994476999889287 ], [ -77.041847000231087, 38.9949289998886 ], [ -77.041736000231253, 38.995032999888451 ], [ -77.041375000231824, 38.995361999887905 ], [ -77.040882000232614, 38.995844999887197 ], [ -77.03794100023714, 38.993564999890737 ], [ -77.03752600023779, 38.993252999891183 ], [ -77.037191000238352, 38.992991999891615 ], [ -77.036825000238878, 38.992704999892055 ], [ -77.036501000239411, 38.992420999892488 ], [ -77.036275000239755, 38.992208999892853 ], [ -77.036219000239839, 38.992157999892925 ], [ -77.03613400023994, 38.992061999893053 ], [ -77.035678000240694, 38.991704999893614 ], [ -77.034980000241774, 38.991090999894539 ], [ -77.034080000243137, 38.990389999895626 ], [ -77.033531000244011, 38.989962999896306 ], [ -77.032883000245022, 38.989455999897075 ], [ -77.032829000245101, 38.989413999897181 ], [ -77.032363000245823, 38.989043999897717 ], [ -77.031120000247768, 38.988093999899206 ], [ -77.031073000247829, 38.988056999899243 ], [ -77.029634000250041, 38.986923999901023 ], [ -77.029609000250105, 38.986903999901074 ], [ -77.028411000251936, 38.985964999902535 ], [ -77.028106000252421, 38.985720999902924 ], [ -77.026995000254146, 38.98486999990422 ], [ -77.026870000254348, 38.984774999904346 ], [ -77.026596000254756, 38.984511999904782 ], [ -77.025733000256139, 38.983832999905815 ], [ -77.024261000258377, 38.982718999907547 ], [ -77.023170000260109, 38.981856999908871 ], [ -77.02314700026011, 38.981838999908916 ], [ -77.022356000261368, 38.98132999990969 ], [ -77.022338000261357, 38.98137999990962 ], [ -77.020389000264402, 38.979872999911947 ], [ -77.019498000265799, 38.979084999913198 ], [ -77.019134000266376, 38.978800999913631 ], [ -77.018795000266891, 38.97853299991408 ], [ -77.018603000267206, 38.978381999914291 ], [ -77.018569000267235, 38.978354999914302 ], [ -77.018446000267431, 38.978259999914485 ], [ -77.018391000267513, 38.978216999914537 ], [ -77.017242000269277, 38.977332999915916 ], [ -77.015724000271632, 38.976168999917718 ], [ -77.014587000273423, 38.97532999991904 ], [ -77.014552000273454, 38.975299999919059 ], [ -77.013945000274418, 38.974785999919845 ], [ -77.013830000274595, 38.974684999920044 ], [ -77.013404000275273, 38.974309999920592 ], [ -77.013342000275372, 38.974266999920701 ], [ -77.012830000276153, 38.973880999921278 ], [ -77.010919000279102, 38.972442999923487 ], [ -77.010053000280436, 38.971694999924694 ], [ -77.009762000280887, 38.971402999925147 ], [ -77.009418000281414, 38.971095999925581 ], [ -77.008819000282358, 38.97062699992631 ], [ -77.008520000282829, 38.970394999926668 ], [ -77.007708000284083, 38.969767999927683 ], [ -77.006516000285956, 38.968860999929063 ], [ -77.006105000286595, 38.96853999992959 ], [ -77.005252000287896, 38.967876999930581 ], [ -77.004602000288912, 38.967352999931393 ], [ -77.004479000289109, 38.967257999931576 ], [ -77.003555000290532, 38.966547999932629 ], [ -77.00334600029089, 38.96638399993293 ], [ -77.002511000292145, 38.965730999933896 ], [ -77.002436000292278, 38.965672999933986 ], [ -77.001498000293736, 38.964950999935127 ], [ -77.000794000294832, 38.964396999936014 ], [ -77.000705000294943, 38.964326999936077 ], [ -77.000161000295805, 38.963902999936749 ], [ -77.000142000295853, 38.963888999936785 ], [ -77.000053000295964, 38.963818999936905 ], [ -76.999947000296117, 38.963736999936998 ], [ -76.99974000029647, 38.963576999937288 ], [ -76.999311000297098, 38.963241999937793 ], [ -76.999154000297381, 38.963117999937992 ], [ -76.999073000297471, 38.963054999938095 ], [ -76.998988000297629, 38.962987999938207 ], [ -76.998877000297796, 38.962900999938313 ], [ -76.998820000297883, 38.96285599993837 ], [ -76.998751000298, 38.962801999938449 ], [ -76.998698000298077, 38.962759999938555 ], [ -76.998616000298227, 38.96269599993866 ], [ -76.998541000298303, 38.96263799993875 ], [ -76.998468000298431, 38.962579999938839 ], [ -76.997897000299304, 38.962131999939515 ], [ -76.997880000299347, 38.962118999939548 ], [ -76.997802000299487, 38.962057999939645 ], [ -76.997697000299638, 38.961977999939734 ], [ -76.997341000300196, 38.961701999940203 ], [ -76.997230000300362, 38.961615999940307 ], [ -76.997199000300384, 38.961591999940367 ], [ -76.997109000300554, 38.961522999940428 ], [ -76.996912000300824, 38.961368999940703 ], [ -76.996657000301241, 38.96116899994098 ], [ -76.996167000302023, 38.960787999941601 ], [ -76.995706000302732, 38.960428999942167 ], [ -76.995625000302823, 38.960365999942269 ], [ -76.995040000303732, 38.959906999942973 ], [ -76.994436000304688, 38.959433999943712 ], [ -76.994351000304846, 38.959366999943825 ], [ -76.994264000304952, 38.959298999943883 ], [ -76.994242000305007, 38.959281999943926 ], [ -76.993704000305854, 38.958860999944591 ], [ -76.99327600030648, 38.95852799994509 ], [ -76.993247000306553, 38.958505999945146 ], [ -76.993077000306812, 38.958372999945368 ], [ -76.992879000307084, 38.958217999945589 ], [ -76.992741000307319, 38.958110999945745 ], [ -76.992635000307473, 38.958028999945896 ], [ -76.992530000307625, 38.957945999945991 ], [ -76.992228000308103, 38.957711999946355 ], [ -76.992149000308245, 38.957649999946454 ], [ -76.992103000308305, 38.957612999946548 ], [ -76.992056000308366, 38.957575999946584 ], [ -76.992044000308397, 38.95756599994661 ], [ -76.992012000308478, 38.957540999946616 ], [ -76.991964000308542, 38.957502999946712 ], [ -76.991909000308624, 38.957458999946766 ], [ -76.991859000308693, 38.957419999946808 ], [ -76.991842000308736, 38.957406999946841 ], [ -76.991635000309032, 38.957245999947077 ], [ -76.991520000309208, 38.957156999947244 ], [ -76.991456000309313, 38.957106999947314 ], [ -76.991190000309757, 38.956898999947612 ], [ -76.991071000309887, 38.956806999947787 ], [ -76.990993000310027, 38.956745999947884 ], [ -76.990921000310152, 38.956689999947969 ], [ -76.990849000310277, 38.956633999948053 ], [ -76.990494000310832, 38.956349999948486 ], [ -76.990431000310934, 38.956299999948556 ], [ -76.990353000311018, 38.956238999948653 ], [ -76.990273000311163, 38.956175999948755 ], [ -76.990187000311266, 38.956106999948872 ], [ -76.99000300031156, 38.95596099994907 ], [ -76.989786000311938, 38.955792999949324 ], [ -76.989568000312261, 38.95562299994964 ], [ -76.98946400031241, 38.95554199994973 ], [ -76.98939000031254, 38.95548399994982 ], [ -76.989306000312638, 38.955418999949927 ], [ -76.989279000312706, 38.955398999949978 ], [ -76.989012000313096, 38.955188999950281 ], [ -76.988751000313528, 38.954984999950625 ], [ -76.988455000313991, 38.954752999950983 ], [ -76.988179000314403, 38.954536999951301 ], [ -76.98813000031447, 38.95449899995134 ], [ -76.987981000314733, 38.954380999951525 ], [ -76.987958000314734, 38.95436299995157 ], [ -76.987833000314936, 38.954264999951704 ], [ -76.987721000315105, 38.954175999951872 ], [ -76.987667000315184, 38.954132999951923 ], [ -76.987200000315909, 38.953772999952491 ], [ -76.986568000316879, 38.953277999953229 ], [ -76.986145000317549, 38.952947999953778 ], [ -76.986014000317766, 38.952845999953922 ], [ -76.985871000318014, 38.952737999954081 ], [ -76.985749000318151, 38.952646999954254 ], [ -76.985520000318559, 38.952468999954533 ], [ -76.984744000319722, 38.951849999955471 ], [ -76.984691000319799, 38.951824999955534 ], [ -76.984108000320703, 38.951362999956245 ], [ -76.983007000322459, 38.950489999957597 ], [ -76.982981000322468, 38.950468999957593 ], [ -76.978931000328771, 38.947256999962576 ], [ -76.97840400032959, 38.946848999963208 ], [ -76.978230000329859, 38.946714999963433 ], [ -76.97778400033053, 38.946369999963963 ], [ -76.977738000330589, 38.946334999964051 ], [ -76.977262000331336, 38.94596799996458 ], [ -76.974480000335689, 38.943822999967949 ], [ -76.974466000335667, 38.94381199996792 ], [ -76.973906000336569, 38.943379999968613 ], [ -76.973854000336644, 38.94333899996866 ], [ -76.97381700033668, 38.943309999968733 ], [ -76.973765000336755, 38.94326899996878 ], [ -76.973713000336886, 38.943228999968824 ], [ -76.973628000336987, 38.943162999968933 ], [ -76.97334400033742, 38.942937999969331 ], [ -76.972890000338111, 38.942584999969824 ], [ -76.972410000338868, 38.94220999997043 ], [ -76.972146000339308, 38.942002999970782 ], [ -76.972082000339412, 38.941950999970857 ], [ -76.972039000339464, 38.941918999970881 ], [ -76.971988000339536, 38.941878999970925 ], [ -76.971934000339616, 38.941836999971031 ], [ -76.971845000339783, 38.941767999971091 ], [ -76.971763000339877, 38.941703999971196 ], [ -76.971681000340027, 38.941640999971298 ], [ -76.97159900034012, 38.941576999971403 ], [ -76.971518000340268, 38.941512999971508 ], [ -76.971436000340418, 38.94144999997161 ], [ -76.971354000340511, 38.941385999971715 ], [ -76.971273000340659, 38.941321999971819 ], [ -76.971191000340752, 38.941257999971924 ], [ -76.9711100003409, 38.941193999972029 ], [ -76.971042000341015, 38.941140999972106 ], [ -76.97097400034113, 38.941087999972183 ], [ -76.970906000341188, 38.94103499997226 ], [ -76.970860000341304, 38.940997999972296 ], [ -76.970838000341303, 38.940980999972339 ], [ -76.970770000341417, 38.940927999972416 ], [ -76.970702000341532, 38.940874999972493 ], [ -76.970634000341647, 38.94082199997257 ], [ -76.970566000341762, 38.940768999972647 ], [ -76.970497000341823, 38.940715999972724 ], [ -76.970429000341937, 38.940662999972858 ], [ -76.97035000034208, 38.940600999972958 ], [ -76.97027200034222, 38.940539999972998 ], [ -76.970193000342306, 38.940477999973098 ], [ -76.970115000342446, 38.940416999973195 ], [ -76.970036000342589, 38.940355999973292 ], [ -76.969958000342672, 38.940293999973392 ], [ -76.969879000342814, 38.940232999973489 ], [ -76.969801000342954, 38.940171999973586 ], [ -76.969759000343004, 38.940138999973669 ], [ -76.969717000343053, 38.940105999973696 ], [ -76.969675000343102, 38.940072999973722 ], [ -76.969633000343208, 38.940039999973806 ], [ -76.969608000343214, 38.940020999973854 ], [ -76.96959000034326, 38.940004999973837 ], [ -76.969161000343945, 38.939669999974399 ], [ -76.968769000344537, 38.93936799997482 ], [ -76.968289000345294, 38.938996999975416 ], [ -76.968250000345336, 38.938966999975491 ], [ -76.968169000345483, 38.938901999975542 ], [ -76.968146000345484, 38.938883999975587 ], [ -76.968080000345594, 38.938830999975664 ], [ -76.967816000346033, 38.938618999976029 ], [ -76.966979000347294, 38.937963999977001 ], [ -76.966846000347516, 38.937859999977206 ], [ -76.966823000347574, 38.937841999977195 ], [ -76.966730000347695, 38.937768999977322 ], [ -76.966180000348572, 38.937340999978005 ], [ -76.965879000348991, 38.937103999978376 ], [ -76.965802000349129, 38.937042999978473 ], [ -76.965719000349281, 38.936977999978581 ], [ -76.965644000349357, 38.936916999978621 ], [ -76.965598000349473, 38.936880999978712 ], [ -76.965398000349751, 38.936724999978935 ], [ -76.965169000350102, 38.936546999979214 ], [ -76.965127000350208, 38.936513999979297 ], [ -76.965077000350277, 38.936474999979339 ], [ -76.964982000350403, 38.936400999979469 ], [ -76.964874000350562, 38.93631599997957 ], [ -76.964835000350661, 38.936285999979646 ], [ -76.964734000350802, 38.936206999979731 ], [ -76.964644000350916, 38.936135999979854 ], [ -76.964478000351221, 38.936005999980068 ], [ -76.964409000351282, 38.935951999980148 ], [ -76.964388000351335, 38.935934999980191 ], [ -76.96430800035148, 38.93587299998029 ], [ -76.964000000351916, 38.935631999980671 ], [ -76.96388600035209, 38.93554399998078 ], [ -76.963627000352517, 38.935342999981117 ], [ -76.963574000352594, 38.935300999981166 ], [ -76.963492000352744, 38.935236999981271 ], [ -76.963447000352801, 38.935201999981302 ], [ -76.963382000352908, 38.935151999981372 ], [ -76.963353000352924, 38.93512899998143 ], [ -76.963332000352978, 38.93511299998147 ], [ -76.963293000353019, 38.935082999981489 ], [ -76.963218000353152, 38.935023999981581 ], [ -76.963175000353203, 38.934990999981665 ], [ -76.963127000353268, 38.934951999981706 ], [ -76.963071000353352, 38.93490799998176 ], [ -76.9630520003534, 38.934892999981798 ], [ -76.963013000353442, 38.93486199998182 ], [ -76.96297800035353, 38.934834999981888 ], [ -76.962829000353736, 38.934716999982072 ], [ -76.962518000354237, 38.934475999982453 ], [ -76.962182000354744, 38.934212999982833 ], [ -76.962081000354885, 38.934132999982978 ], [ -76.961998000355038, 38.934067999983085 ], [ -76.96181900035532, 38.933927999983268 ], [ -76.961665000355538, 38.933807999983458 ], [ -76.961465000355872, 38.93365099998374 ], [ -76.961429000355906, 38.933622999983754 ], [ -76.961395000355992, 38.933595999983822 ], [ -76.961272000356189, 38.933499999983951 ], [ -76.961220000356263, 38.933458999983998 ], [ -76.960874000356796, 38.933186999984457 ], [ -76.960727000356997, 38.933071999984634 ], [ -76.960252000357741, 38.932702999985167 ], [ -76.959929000358272, 38.932449999985579 ], [ -76.95972500035856, 38.93229099998581 ], [ -76.959587000358795, 38.932182999985969 ], [ -76.959537000358864, 38.93214299998607 ], [ -76.959486000358936, 38.932102999986114 ], [ -76.959433000359013, 38.932060999986163 ], [ -76.959243000359322, 38.931910999986428 ], [ -76.959134000359484, 38.931825999986529 ], [ -76.958978000359707, 38.931702999986726 ], [ -76.958838000359947, 38.931591999986892 ], [ -76.958784000360026, 38.931549999986999 ], [ -76.958696000360192, 38.931481999987113 ], [ -76.958341000360747, 38.931202999987534 ], [ -76.957882000361451, 38.930845999988094 ], [ -76.957756000361599, 38.930748999988225 ], [ -76.957667000361766, 38.93068099998834 ], [ -76.957585000361917, 38.930617999988442 ], [ -76.956267000363937, 38.929600999989987 ], [ -76.956086000364223, 38.929462999990221 ], [ -76.956016000364343, 38.929408999990301 ], [ -76.950854000372317, 38.925452999996423 ], [ -76.949219000374853, 38.924199999998393 ], [ -76.94520200038113, 38.921132000003126 ], [ -76.943947000383048, 38.920174000004636 ], [ -76.943854000383226, 38.920101000004763 ], [ -76.942245000385697, 38.918835000006709 ], [ -76.941923000386225, 38.918584000007115 ], [ -76.941524000386835, 38.918273000007616 ], [ -76.941455000386952, 38.918212000007657 ], [ -76.941388000387008, 38.918154000007746 ], [ -76.941349000387106, 38.918119000007835 ], [ -76.941297000387181, 38.918079000007879 ], [ -76.941266000387202, 38.918055000007939 ], [ -76.941254000387232, 38.918045000007965 ], [ -76.941086000387486, 38.917915000008122 ], [ -76.939680000389671, 38.916823000009856 ], [ -76.939567000389843, 38.916735000009965 ], [ -76.939352000390215, 38.916573000010203 ], [ -76.93922700039036, 38.916476000010391 ], [ -76.939202000390424, 38.916456000010385 ], [ -76.93916900039045, 38.916432000010445 ], [ -76.939105000390555, 38.916385000010507 ], [ -76.939089000390595, 38.916373000010537 ], [ -76.939060000390668, 38.916351000010593 ], [ -76.938694000391195, 38.916072000011013 ], [ -76.937696000392748, 38.915311000012196 ], [ -76.937058000393733, 38.914820000012924 ], [ -76.935953000395443, 38.913830000014457 ], [ -76.934311000397997, 38.912361000016745 ], [ -76.934272000398096, 38.912337000016805 ], [ -76.934237000398127, 38.912315000016861 ], [ -76.934169000398242, 38.912268000016923 ], [ -76.934064000398394, 38.912196000017047 ], [ -76.934046000398439, 38.912184000017021 ], [ -76.934032000398474, 38.912173000017049 ], [ -76.934006000398483, 38.912153000017099 ], [ -76.933943000398585, 38.912104000017166 ], [ -76.933845000398719, 38.912028000017301 ], [ -76.933508000399286, 38.911764000017683 ], [ -76.933095000399931, 38.911441000018215 ], [ -76.93284400040028, 38.911243000018487 ], [ -76.932819000400343, 38.911224000018535 ], [ -76.932750000400461, 38.911170000018615 ], [ -76.932679000400526, 38.911115000018697 ], [ -76.932502000400802, 38.910975000018936 ], [ -76.93214200040137, 38.910691000019369 ], [ -76.932109000401454, 38.910665000019378 ], [ -76.932081000401467, 38.910644000019431 ], [ -76.932057000401528, 38.910625000019479 ], [ -76.932043000401563, 38.91061400001945 ], [ -76.932024000401555, 38.910599000019488 ], [ -76.93200200040161, 38.910582000019531 ], [ -76.93192400040175, 38.910521000019628 ], [ -76.931879000401807, 38.91048600001966 ], [ -76.931856000401808, 38.910468000019705 ], [ -76.931762000401989, 38.910395000019832 ], [ -76.931733000402005, 38.910372000019834 ], [ -76.931690000402114, 38.910338000019919 ], [ -76.931664000402122, 38.910318000019913 ], [ -76.931505000402353, 38.910193000020115 ], [ -76.931408000402541, 38.910116000020253 ], [ -76.931327000402632, 38.910052000020357 ], [ -76.931307000402683, 38.910036000020398 ], [ -76.930970000403192, 38.909778000020765 ], [ -76.930870000403331, 38.909696000020915 ], [ -76.930531000403903, 38.909430000021302 ], [ -76.930443000404011, 38.90936100002142 ], [ -76.930377000404121, 38.909310000021492 ], [ -76.930069000404615, 38.90907000002187 ], [ -76.929719000405157, 38.908793000022285 ], [ -76.929612000405314, 38.908709000022441 ], [ -76.929512000405452, 38.908632000022578 ], [ -76.92936500040571, 38.908517000022755 ], [ -76.929323000405759, 38.908485000022779 ], [ -76.928976000406294, 38.908211000023186 ], [ -76.928882000406418, 38.908138000023314 ], [ -76.928755000406625, 38.908038000023453 ], [ -76.928713000406731, 38.908005000023536 ], [ -76.928640000406801, 38.907947000023626 ], [ -76.928565000406934, 38.907888000023718 ], [ -76.928537000407005, 38.907866000023716 ], [ -76.928517000406998, 38.907850000023757 ], [ -76.928389000407208, 38.907748000023901 ], [ -76.928273000407387, 38.907656000024076 ], [ -76.92790700040797, 38.907378000024494 ], [ -76.927889000407959, 38.907364000024529 ], [ -76.927749000408198, 38.907254000024693 ], [ -76.92769400040828, 38.907214000024737 ], [ -76.927560000408505, 38.907105000024899 ], [ -76.927407000408721, 38.906985000025088 ], [ -76.927118000409166, 38.906757000025436 ], [ -76.926804000409675, 38.906510000025833 ], [ -76.926748000409759, 38.906466000025887 ], [ -76.926488000410188, 38.906261000026234 ], [ -76.926463000410195, 38.906242000026282 ], [ -76.926328000410422, 38.906135000026438 ], [ -76.926297000410443, 38.906110000026445 ], [ -76.926258000410542, 38.90608000002652 ], [ -76.926193000410592, 38.906032000026585 ], [ -76.926168000410655, 38.906012000026635 ], [ -76.926138000410731, 38.905989000026636 ], [ -76.926040000410865, 38.905912000026774 ], [ -76.925745000411325, 38.905678000027137 ], [ -76.925282000412039, 38.905319000027703 ], [ -76.925182000412178, 38.905240000027845 ], [ -76.925110000412303, 38.905182000027935 ], [ -76.925086000412364, 38.905164000027924 ], [ -76.925040000412423, 38.905127000028017 ], [ -76.925008000412447, 38.905103000028021 ], [ -76.924722000412885, 38.904876000028366 ], [ -76.924671000412957, 38.904837000028465 ], [ -76.92457200041315, 38.904759000028548 ], [ -76.924504000413265, 38.904706000028625 ], [ -76.924159000413795, 38.904437000029077 ], [ -76.923728000414428, 38.904100000029587 ], [ -76.923633000414611, 38.904025000029719 ], [ -76.92359900041464, 38.903998000029731 ], [ -76.923546000414717, 38.903957000029834 ], [ -76.923437000414879, 38.903871000029937 ], [ -76.923362000415011, 38.903813000030027 ], [ -76.923134000415359, 38.903631000030316 ], [ -76.92276500041595, 38.903343000030759 ], [ -76.922379000416527, 38.90304400003123 ], [ -76.92228400041671, 38.902968000031365 ], [ -76.922094000416962, 38.902817000031575 ], [ -76.921966000417171, 38.902716000031717 ], [ -76.921683000417602, 38.90249000003206 ], [ -76.921583000417797, 38.902413000032197 ], [ -76.921516000417853, 38.902362000032269 ], [ -76.921442000417983, 38.902305000032356 ], [ -76.921380000418083, 38.902258000032418 ], [ -76.921361000418131, 38.902243000032456 ], [ -76.921099000418508, 38.902037000032806 ], [ -76.92101600041866, 38.901971000032916 ], [ -76.920948000418775, 38.901918000032992 ], [ -76.920857000418891, 38.901846000033061 ], [ -76.920768000419059, 38.90177600003318 ], [ -76.920571000419329, 38.901622000033456 ], [ -76.9202720004198, 38.901389000033817 ], [ -76.920056000420118, 38.901220000034073 ], [ -76.920019000420211, 38.901192000034087 ], [ -76.919946000420339, 38.901137000034169 ], [ -76.919858000420447, 38.901070000034281 ], [ -76.919601000420869, 38.90086800003462 ], [ -76.919547000420948, 38.900825000034672 ], [ -76.919290000421313, 38.900620000034962 ], [ -76.919201000421481, 38.900550000035082 ], [ -76.919123000421621, 38.900487000035184 ], [ -76.919080000421673, 38.900454000035268 ], [ -76.919060000421666, 38.900438000035251 ], [ -76.918972000421832, 38.900370000035366 ], [ -76.918878000421955, 38.900296000035496 ], [ -76.918764000422129, 38.900207000035607 ], [ -76.918490000422594, 38.899992000035979 ], [ -76.918275000422909, 38.89982500003623 ], [ -76.918197000423049, 38.899764000036328 ], [ -76.918067000423207, 38.899662000036471 ], [ -76.918012000423289, 38.899619000036523 ], [ -76.917959000423423, 38.899577000036629 ], [ -76.917784000423694, 38.899440000036805 ], [ -76.917764000423688, 38.899424000036845 ], [ -76.917695000423805, 38.899370000036924 ], [ -76.917572000424002, 38.899275000037051 ], [ -76.917538000424031, 38.899248000037119 ], [ -76.917504000424117, 38.899220000037189 ], [ -76.917470000424146, 38.899193000037201 ], [ -76.917429000424249, 38.899160000037227 ], [ -76.917387000424299, 38.899127000037311 ], [ -76.917346000424345, 38.899094000037337 ], [ -76.917304000424394, 38.899062000037418 ], [ -76.9172620004245, 38.899029000037444 ], [ -76.91722000042455, 38.898996000037528 ], [ -76.917186000424579, 38.898970000037536 ], [ -76.917151000424667, 38.898944000037602 ], [ -76.91714200042469, 38.89893700003762 ], [ -76.917117000424696, 38.898917000037613 ], [ -76.916984000424918, 38.898812000037822 ], [ -76.916726000425285, 38.898608000038109 ], [ -76.916481000425676, 38.898414000038429 ], [ -76.916047000426374, 38.898077000038938 ], [ -76.915931000426554, 38.897987000039052 ], [ -76.915648000426984, 38.897766000039439 ], [ -76.915612000427018, 38.897738000039453 ], [ -76.915226000427651, 38.897436000039932 ], [ -76.915104000427846, 38.89734000004006 ], [ -76.915033000427968, 38.897285000040142 ], [ -76.915009000427972, 38.897267000040188 ], [ -76.914941000428087, 38.897213000040267 ], [ -76.914893000428151, 38.897175000040363 ], [ -76.91450200042874, 38.8968670000408 ], [ -76.914113000429381, 38.896562000041286 ], [ -76.913838000429791, 38.896348000041598 ], [ -76.913779000429884, 38.896303000041712 ], [ -76.91354400043025, 38.896116000041957 ], [ -76.913496000430314, 38.896078000042053 ], [ -76.913415000430462, 38.896015000042155 ], [ -76.913318000430593, 38.895938000042236 ], [ -76.9132530004307, 38.895888000042362 ], [ -76.913156000430831, 38.895811000042443 ], [ -76.91297800043111, 38.895670000042685 ], [ -76.912868000431274, 38.895584000042788 ], [ -76.912781000431437, 38.895516000042903 ], [ -76.912719000431537, 38.89546700004297 ], [ -76.912693000431545, 38.895447000043021 ], [ -76.912453000431924, 38.895259000043325 ], [ -76.912417000432015, 38.895231000043339 ], [ -76.912293000432214, 38.895135000043524 ], [ -76.911872000432822, 38.894817000043986 ], [ -76.911485000433458, 38.894525000044439 ], [ -76.911412000433586, 38.894471000044518 ], [ -76.911329000433682, 38.894406000044626 ], [ -76.911283000433741, 38.894370000044717 ], [ -76.911221000433841, 38.894321000044783 ], [ -76.911083000434076, 38.89421800004493 ], [ -76.910952000434293, 38.894113000045081 ], [ -76.910927000434299, 38.894093000045132 ], [ -76.910885000434405, 38.894060000045158 ], [ -76.91082200043445, 38.89400900004523 ], [ -76.91070200043464, 38.893912000045418 ], [ -76.910502000434974, 38.893750000045657 ], [ -76.90958100043639, 38.893005000046799 ], [ -76.909393000436694, 38.892852000047071 ], [ -76.909648000436277, 38.892645000047366 ], [ -76.910524000434918, 38.891935000048477 ], [ -76.910549000434912, 38.89191400004853 ], [ -76.910736000434611, 38.891786000048683 ], [ -76.911143000433981, 38.891499000049123 ], [ -76.911759000433051, 38.891017000049885 ], [ -76.91181500043291, 38.890974000049937 ], [ -76.911920000432758, 38.89089100005009 ], [ -76.912068000432555, 38.890777000050264 ], [ -76.912339000432098, 38.890570000050616 ], [ -76.91240700043204, 38.8905140000507 ], [ -76.912491000431885, 38.890448000050753 ], [ -76.912688000431558, 38.890296000051023 ], [ -76.912784000431429, 38.890222000051153 ], [ -76.912809000431366, 38.890200000051152 ], [ -76.912926000431185, 38.890113000051315 ], [ -76.913012000431081, 38.890043000051435 ], [ -76.913160000430821, 38.889931000051604 ], [ -76.913194000430792, 38.889901000051623 ], [ -76.913328000430567, 38.889796000051774 ], [ -76.913386000430478, 38.889750000051833 ], [ -76.913485000430342, 38.889672000051974 ], [ -76.913560000430209, 38.889612000052068 ], [ -76.91374200042992, 38.889469000052316 ], [ -76.913789000429858, 38.889432000052352 ], [ -76.914129000429341, 38.889163000052747 ], [ -76.914164000429309, 38.889137000052813 ], [ -76.914199000429221, 38.889110000052881 ], [ -76.91423400042919, 38.889083000052892 ], [ -76.914269000429101, 38.889057000052958 ], [ -76.91429600042909, 38.889036000052954 ], [ -76.914324000429019, 38.889015000053007 ], [ -76.914351000429008, 38.88899400005306 ], [ -76.91437800042894, 38.888972000053059 ], [ -76.914408000428921, 38.888949000053117 ], [ -76.914438000428845, 38.888926000053118 ], [ -76.914467000428829, 38.888902000053179 ], [ -76.914511000428774, 38.888868000053208 ], [ -76.914905000428121, 38.888561000053699 ], [ -76.915271000427595, 38.888277000054131 ], [ -76.915546000427128, 38.888060000054509 ], [ -76.915834000426685, 38.887837000054844 ], [ -76.916019000426388, 38.887693000055037 ], [ -76.916121000426244, 38.88761400005518 ], [ -76.916216000426118, 38.88754000005531 ], [ -76.916575000425553, 38.88726100005573 ], [ -76.916887000425049, 38.887017000056119 ], [ -76.916908000425053, 38.887001000056102 ], [ -76.917020000424884, 38.886914000056265 ], [ -76.917130000424663, 38.886828000056425 ], [ -76.917379000424319, 38.886634000056688 ], [ -76.917451000424194, 38.886578000056772 ], [ -76.917522000424071, 38.886522000056857 ], [ -76.917594000423946, 38.886467000056939 ], [ -76.917666000423878, 38.886411000057024 ], [ -76.917687000423825, 38.886394000057066 ], [ -76.91770900042377, 38.886376000057112 ], [ -76.917750000423723, 38.886345000057133 ], [ -76.917790000423679, 38.886314000057212 ], [ -76.917834000423568, 38.886279000057243 ], [ -76.917879000423511, 38.886244000057332 ], [ -76.917936000423424, 38.886200000057386 ], [ -76.917993000423337, 38.886155000057443 ], [ -76.91805000042325, 38.886111000057497 ], [ -76.918107000423163, 38.886067000057551 ], [ -76.918393000422725, 38.885844000057944 ], [ -76.918454000422628, 38.885797000058005 ], [ -76.918566000422459, 38.885710000058111 ], [ -76.918684000422274, 38.885618000058287 ], [ -76.918711000422206, 38.885597000058283 ], [ -76.919021000421765, 38.885355000058667 ], [ -76.919150000421553, 38.885255000058862 ], [ -76.919278000421343, 38.885155000059001 ], [ -76.919319000421297, 38.885123000059025 ], [ -76.919345000421231, 38.885103000059075 ], [ -76.919407000421131, 38.88505500005914 ], [ -76.919436000421115, 38.885032000059198 ], [ -76.919535000420979, 38.884955000059279 ], [ -76.919664000420767, 38.884855000059474 ], [ -76.919792000420557, 38.884755000059613 ], [ -76.919925000420335, 38.884651000059762 ], [ -76.919962000420298, 38.884622000059835 ], [ -76.92005800042017, 38.884548000059908 ], [ -76.920118000420075, 38.884501000060027 ], [ -76.920191000419948, 38.884445000060111 ], [ -76.920218000419879, 38.884424000060108 ], [ -76.920324000419726, 38.88434100006026 ], [ -76.920457000419503, 38.884238000060407 ], [ -76.920590000419338, 38.884134000060556 ], [ -76.920716000419134, 38.884036000060746 ], [ -76.920739000419076, 38.884018000060735 ], [ -76.92082600041897, 38.88395000006085 ], [ -76.920921000418787, 38.88387600006098 ], [ -76.92096600041873, 38.883840000061014 ], [ -76.921092000418525, 38.883742000061204 ], [ -76.921217000418324, 38.883644000061338 ], [ -76.921342000418122, 38.883546000061472 ], [ -76.921462000417989, 38.883452000061652 ], [ -76.921484000417934, 38.883435000061638 ], [ -76.921584000417795, 38.883357000061778 ], [ -76.9216440004177, 38.88331000006184 ], [ -76.921676000417619, 38.883285000061903 ], [ -76.921794000417435, 38.883193000062022 ], [ -76.921945000417224, 38.883075000062206 ], [ -76.922096000416957, 38.88295700006239 ], [ -76.922246000416749, 38.882839000062575 ], [ -76.922329000416596, 38.882775000062679 ], [ -76.922437000416437, 38.882690000062837 ], [ -76.922774000415927, 38.882428000063214 ], [ -76.923121000415392, 38.882157000063671 ], [ -76.923972000414039, 38.881494000064663 ], [ -76.924010000414, 38.881462000064744 ], [ -76.924052000413951, 38.881427000064775 ], [ -76.924350000413483, 38.881173000065189 ], [ -76.924660000412985, 38.88093600006556 ], [ -76.924831000412723, 38.880806000065718 ], [ -76.92561100041155, 38.880204000066669 ], [ -76.925733000411356, 38.88011000006685 ], [ -76.926111000410742, 38.8798190000673 ], [ -76.926242000410525, 38.879725000067424 ], [ -76.926282000410481, 38.879695000067443 ], [ -76.926324000410432, 38.879664000067521 ], [ -76.926363000410333, 38.879636000067535 ], [ -76.926401000410294, 38.879607000067608 ], [ -76.926442000410248, 38.879577000067627 ], [ -76.926480000410152, 38.8795480000677 ], [ -76.928067000407736, 38.878314000069622 ], [ -76.928149000407586, 38.878248000069732 ], [ -76.928193000407532, 38.878214000069761 ], [ -76.928547000406979, 38.877938000070174 ], [ -76.929034000406205, 38.877558000070792 ], [ -76.929067000406178, 38.877532000070801 ], [ -76.929432000405598, 38.877247000071293 ], [ -76.929825000405003, 38.876942000071722 ], [ -76.92993200040479, 38.876859000071875 ], [ -76.929994000404747, 38.876810000071941 ], [ -76.930066000404622, 38.876754000072026 ], [ -76.930587000403818, 38.876348000072653 ], [ -76.930890000403338, 38.876113000073019 ], [ -76.930956000403228, 38.876062000073091 ], [ -76.931000000403174, 38.876027000073179 ], [ -76.931034000403088, 38.876001000073188 ], [ -76.931147000402916, 38.875913000073353 ], [ -76.931249000402772, 38.875833000073442 ], [ -76.931285000402738, 38.87580600007351 ], [ -76.93137000040258, 38.875739000073622 ], [ -76.931480000402416, 38.875653000073726 ], [ -76.931609000402204, 38.875552000073924 ], [ -76.931648000402163, 38.875522000073943 ], [ -76.932050000401546, 38.875207000074454 ], [ -76.932442000400897, 38.874904000074878 ], [ -76.93249500040082, 38.874862000074984 ], [ -76.932678000400529, 38.874719000075174 ], [ -76.932744000400476, 38.874668000075246 ], [ -76.933144000399807, 38.87435600007575 ], [ -76.933636000399076, 38.873972000076378 ], [ -76.933854000398753, 38.873818000076596 ], [ -76.934156000398275, 38.87356400007701 ], [ -76.93421600039818, 38.873517000077072 ], [ -76.934267000398108, 38.873477000077116 ], [ -76.934400000397886, 38.873372000077268 ], [ -76.934692000397433, 38.873144000077616 ], [ -76.934751000397341, 38.873098000077732 ], [ -76.934813000397241, 38.873049000077799 ], [ -76.934874000397144, 38.873002000077861 ], [ -76.934890000397104, 38.872990000077891 ], [ -76.934928000397065, 38.87296000007791 ], [ -76.935013000396907, 38.872895000078017 ], [ -76.935111000396773, 38.872819000078152 ], [ -76.93533700039643, 38.872644000078424 ], [ -76.935361000396369, 38.872626000078469 ], [ -76.935405000396315, 38.872591000078501 ], [ -76.935471000396205, 38.872540000078573 ], [ -76.935581000396041, 38.87245500007873 ], [ -76.935930000395501, 38.87218400007913 ], [ -76.936003000395374, 38.872127000079217 ], [ -76.936077000395301, 38.872072000079299 ], [ -76.936161000395145, 38.872009000079402 ], [ -76.936267000394992, 38.871927000079552 ], [ -76.936289000394936, 38.871910000079538 ], [ -76.936365000394858, 38.87184700007964 ], [ -76.93645800039468, 38.871771000079775 ], [ -76.936533000394547, 38.871713000079865 ], [ -76.936609000394469, 38.871655000079954 ], [ -76.936683000394339, 38.871597000080044 ], [ -76.936841000394111, 38.871474000080241 ], [ -76.937042000393774, 38.871316000080469 ], [ -76.937072000393755, 38.87129200008053 ], [ -76.937161000393587, 38.871223000080647 ], [ -76.937195000393558, 38.871196000080658 ], [ -76.937233000393462, 38.871167000080732 ], [ -76.937375000393274, 38.871056000080898 ], [ -76.937424000393207, 38.871018000080937 ], [ -76.937727000392726, 38.870783000081303 ], [ -76.937800000392599, 38.87072600008139 ], [ -76.937869000392482, 38.87067200008147 ], [ -76.938026000392256, 38.870550000081664 ], [ -76.938314000391813, 38.870327000082 ], [ -76.938333000391765, 38.870313000082035 ], [ -76.938400000391653, 38.870260000082112 ], [ -76.938475000391577, 38.870201000082204 ], [ -76.938753000391102, 38.869984000082525 ], [ -76.938928000390831, 38.869848000082754 ], [ -76.938949000390835, 38.869832000082795 ], [ -76.938994000390721, 38.869797000082826 ], [ -76.939065000390656, 38.869742000082908 ], [ -76.939269000390311, 38.869582000083142 ], [ -76.939535000389924, 38.869376000083491 ], [ -76.939557000389868, 38.869358000083537 ], [ -76.939585000389854, 38.869336000083536 ], [ -76.939728000389607, 38.869225000083702 ], [ -76.939864000389377, 38.86912000008391 ], [ -76.939898000389348, 38.869094000083919 ], [ -76.940174000388936, 38.86887700008424 ], [ -76.940333000388648, 38.868751000084444 ], [ -76.940424000388532, 38.868680000084566 ], [ -76.940714000388084, 38.868456000084905 ], [ -76.940784000387964, 38.868402000084984 ], [ -76.940862000387824, 38.868341000085081 ], [ -76.941117000387464, 38.868142000085413 ], [ -76.941308000387153, 38.867992000085621 ], [ -76.941334000387144, 38.867972000085672 ], [ -76.941378000387033, 38.867938000085701 ], [ -76.941444000386923, 38.867886000085775 ], [ -76.941601000386697, 38.867765000085967 ], [ -76.941811000386394, 38.867602000086265 ], [ -76.941930000386208, 38.867510000086384 ], [ -76.942100000385949, 38.867376000086608 ], [ -76.942152000385875, 38.867336000086652 ], [ -76.942367000385502, 38.867167000086909 ], [ -76.942476000385341, 38.867083000087064 ], [ -76.942576000385202, 38.867005000087147 ], [ -76.942702000384998, 38.866907000087338 ], [ -76.943088000384421, 38.866606000087813 ], [ -76.943538000383683, 38.866255000088358 ], [ -76.943700000383444, 38.866128000088509 ], [ -76.943815000383267, 38.866038000088679 ], [ -76.943959000383018, 38.865926000088848 ], [ -76.944033000382944, 38.865868000088938 ], [ -76.944150000382763, 38.865777000089054 ], [ -76.944491000382243, 38.865512000089495 ], [ -76.944588000382055, 38.865436000089574 ], [ -76.944693000381903, 38.865353000089726 ], [ -76.944769000381768, 38.865294000089818 ], [ -76.94490700038159, 38.865186000089977 ], [ -76.945393000380818, 38.864807000090593 ], [ -76.94560100038052, 38.864645000090832 ], [ -76.945668000380408, 38.864592000090909 ], [ -76.945779000380242, 38.864506000091069 ], [ -76.945879000380046, 38.864428000091152 ], [ -76.945914000380014, 38.864402000091218 ], [ -76.946229000379503, 38.864156000091612 ], [ -76.9462530003795, 38.864137000091603 ], [ -76.946270000379457, 38.86413400009161 ], [ -76.946630000378889, 38.863841000092066 ], [ -76.94672200037877, 38.863770000092188 ], [ -76.946809000378607, 38.863702000092303 ], [ -76.946897000378499, 38.86363300009242 ], [ -76.946997000378303, 38.863555000092504 ], [ -76.947119000378166, 38.863460000092687 ], [ -76.947419000377693, 38.86322600009305 ], [ -76.947698000377216, 38.863010000093368 ], [ -76.947943000376881, 38.86281900009368 ], [ -76.948019000376746, 38.862759000093774 ], [ -76.948109000376576, 38.862689000093837 ], [ -76.948248000376395, 38.862581000094053 ], [ -76.948643000375796, 38.862270000094497 ], [ -76.948992000375256, 38.861996000094962 ], [ -76.949019000375188, 38.861976000094955 ], [ -76.949110000375072, 38.861907000095073 ], [ -76.949181000374949, 38.861853000095152 ], [ -76.949315000374725, 38.861752000095294 ], [ -76.949562000374328, 38.861556000095618 ], [ -76.949814000373976, 38.861359000095945 ], [ -76.949831000373933, 38.861346000095978 ], [ -76.949918000373771, 38.861278000096036 ], [ -76.950010000373652, 38.861207000096158 ], [ -76.950179000373396, 38.861077000096373 ], [ -76.950203000373335, 38.861059000096418 ], [ -76.950399000373068, 38.860905000096636 ], [ -76.950650000372661, 38.860709000096961 ], [ -76.950826000372388, 38.860572000097136 ], [ -76.951159000371888, 38.860313000097563 ], [ -76.951719000370986, 38.859876000098211 ], [ -76.952366000369977, 38.859374000099024 ], [ -76.95291100036917, 38.858951000099694 ], [ -76.952999000369005, 38.858884000099749 ], [ -76.953263000368622, 38.858676000100104 ], [ -76.95342000036834, 38.858553000100301 ], [ -76.953588000368086, 38.858426000100508 ], [ -76.953621000368059, 38.858400000100517 ], [ -76.953684000367957, 38.858348000100591 ], [ -76.953702000367912, 38.858334000100626 ], [ -76.953793000367796, 38.858262000100751 ], [ -76.953887000367615, 38.858188000100824 ], [ -76.95418400036715, 38.857959000101232 ], [ -76.954479000366689, 38.857729000101585 ], [ -76.954531000366615, 38.857688000101632 ], [ -76.954607000366536, 38.857629000101724 ], [ -76.954721000366362, 38.857540000101835 ], [ -76.954843000366168, 38.857445000102018 ], [ -76.955649000364872, 38.856817000102978 ], [ -76.955728000364786, 38.856755000103078 ], [ -76.95596300036442, 38.856573000103367 ], [ -76.956114000364153, 38.856456000103549 ], [ -76.956145000364131, 38.856432000103553 ], [ -76.956220000363999, 38.856374000103642 ], [ -76.956242000364, 38.856356000103688 ], [ -76.956279000363907, 38.856328000103758 ], [ -76.956415000363734, 38.856222000103912 ], [ -76.957140000362585, 38.85566100010476 ], [ -76.957736000361649, 38.855198000105474 ], [ -76.958004000361257, 38.854985000105842 ], [ -76.958026000361201, 38.854969000105825 ], [ -76.958110000361103, 38.85490900010592 ], [ -76.95818900036096, 38.854848000106017 ], [ -76.95882100035999, 38.854359000106797 ], [ -76.960739000357023, 38.852875000109123 ], [ -76.961965000355121, 38.851926000110552 ], [ -76.962088000354925, 38.851803000110749 ], [ -76.962336000354526, 38.851608000111071 ], [ -76.962604000354077, 38.851398000111374 ], [ -76.962907000353653, 38.85116300011174 ], [ -76.963255000353115, 38.850893000112194 ], [ -76.963415000352825, 38.850768000112396 ], [ -76.963499000352726, 38.850702000112449 ], [ -76.963582000352574, 38.850637000112556 ], [ -76.963885000352093, 38.850400000112927 ], [ -76.963991000351939, 38.850318000113077 ], [ -76.964681000350879, 38.849781000113921 ], [ -76.964827000350624, 38.849666000114098 ], [ -76.965101000350217, 38.849448000114421 ], [ -76.965318000349896, 38.849281000114672 ], [ -76.965418000349757, 38.84920400011481 ], [ -76.965440000349702, 38.849187000114796 ], [ -76.96547900034966, 38.849142000114909 ], [ -76.965698000349278, 38.848986000115133 ], [ -76.966080000348711, 38.848687000115603 ], [ -76.966128000348647, 38.84865000011564 ], [ -76.966415000348206, 38.848425000115981 ], [ -76.966540000348004, 38.848327000116171 ], [ -76.966630000347834, 38.848257000116291 ], [ -76.966737000347678, 38.848174000116387 ], [ -76.966982000347286, 38.847983000116699 ], [ -76.967369000346707, 38.847682000117175 ], [ -76.967756000346128, 38.847383000117645 ], [ -76.968212000345375, 38.847025000118151 ], [ -76.968243000345353, 38.847001000118212 ], [ -76.968347000345204, 38.846920000118359 ], [ -76.968704000344644, 38.846642000118777 ], [ -76.968770000344534, 38.846590000118852 ], [ -76.968816000344475, 38.846554000118886 ], [ -76.969160000343948, 38.846285000119337 ], [ -76.969534000343344, 38.84599300011979 ], [ -76.969548000343309, 38.845982000119818 ], [ -76.969626000343226, 38.845922000119913 ], [ -76.969650000343165, 38.845903000119904 ], [ -76.969725000343033, 38.845845000119994 ], [ -76.969912000342731, 38.845700000120246 ], [ -76.970148000342419, 38.84551600012054 ], [ -76.970245000342231, 38.845441000120616 ], [ -76.970311000342122, 38.845390000120744 ], [ -76.97043600034192, 38.845292000120878 ], [ -76.970463000341908, 38.845271000120874 ], [ -76.970709000341515, 38.845078000121191 ], [ -76.970770000341417, 38.845031000121253 ], [ -76.970879000341256, 38.844946000121411 ], [ -76.970960000341108, 38.844883000121513 ], [ -76.971059000340972, 38.84480600012165 ], [ -76.971084000340966, 38.844786000121644 ], [ -76.971413000340419, 38.844531000122061 ], [ -76.97167200034005, 38.844329000122343 ], [ -76.971772000339854, 38.844251000122483 ], [ -76.971845000339783, 38.844195000122568 ], [ -76.971928000339631, 38.844129000122678 ], [ -76.972037000339469, 38.844045000122833 ], [ -76.972295000339045, 38.843842000123118 ], [ -76.972342000338983, 38.843806000123152 ], [ -76.972451000338822, 38.843720000123312 ], [ -76.972567000338643, 38.843631000123423 ], [ -76.972620000338566, 38.843589000123529 ], [ -76.972935000338055, 38.843343000123866 ], [ -76.972974000338013, 38.843312000123944 ], [ -76.97306900033783, 38.843238000124074 ], [ -76.973124000337748, 38.843196000124124 ], [ -76.973184000337653, 38.843150000124183 ], [ -76.97328200033752, 38.843073000124321 ], [ -76.973442000337286, 38.84294900012452 ], [ -76.97359900033706, 38.842826000124717 ], [ -76.973981000336437, 38.842529000125182 ], [ -76.974346000335856, 38.842244000125618 ], [ -76.974659000335407, 38.841999000126009 ], [ -76.974754000335224, 38.841925000126082 ], [ -76.97493400033494, 38.841785000126322 ], [ -76.975378000334274, 38.841439000126854 ], [ -76.975571000333957, 38.841288000127065 ], [ -76.975656000333856, 38.841222000127175 ], [ -76.975732000333721, 38.841162000127269 ], [ -76.975749000333678, 38.841149000127302 ], [ -76.976153000333056, 38.840834000127813 ], [ -76.976583000332425, 38.840498000128321 ], [ -76.97695000033184, 38.840212000128759 ], [ -76.977062000331671, 38.840124000128867 ], [ -76.977169000331514, 38.84004100012902 ], [ -76.977246000331377, 38.839981000129114 ], [ -76.977330000331222, 38.839915000129224 ], [ -76.977397000331166, 38.839863000129299 ], [ -76.977506000330948, 38.839779000129454 ], [ -76.977984000330252, 38.83940500013 ], [ -76.978173000329946, 38.839259000130255 ], [ -76.978510000329436, 38.838997000130632 ], [ -76.979000000328654, 38.838614000131258 ], [ -76.97959500032772, 38.838149000131978 ], [ -76.979704000327558, 38.838064000132078 ], [ -76.980071000326973, 38.837777000132519 ], [ -76.980250000326691, 38.837638000132756 ], [ -76.980949000325609, 38.837092000133623 ], [ -76.981166000325288, 38.836922000133882 ], [ -76.981577000324648, 38.836602000134349 ], [ -76.981663000324545, 38.836535000134461 ], [ -76.98182100032426, 38.836412000134658 ], [ -76.981950000324048, 38.836310000134802 ], [ -76.982143000323788, 38.836159000135069 ], [ -76.982358000323416, 38.835991000135323 ], [ -76.982405000323354, 38.835955000135357 ], [ -76.982660000322994, 38.835757000135686 ], [ -76.982711000322865, 38.83571700013573 ], [ -76.983043000322368, 38.83545300013617 ], [ -76.983386000321843, 38.835185000136562 ], [ -76.983676000321395, 38.834956000136913 ], [ -76.983875000321063, 38.834800000137136 ], [ -76.983985000320899, 38.834714000137296 ], [ -76.984095000320735, 38.8346280001374 ], [ -76.984281000320436, 38.834485000137647 ], [ -76.984588000320002, 38.834248000138018 ], [ -76.984888000319529, 38.834008000138397 ], [ -76.984922000319443, 38.833982000138406 ], [ -76.985022000319304, 38.833905000138543 ], [ -76.985098000319169, 38.833846000138635 ], [ -76.985271000318903, 38.833713000138857 ], [ -76.985448000318627, 38.833574000139038 ], [ -76.985643000318362, 38.83342100013931 ], [ -76.985726000318209, 38.833357000139415 ], [ -76.985802000318074, 38.833299000139505 ], [ -76.986023000317743, 38.833126000139771 ], [ -76.98646600031708, 38.832782000140298 ], [ -76.98688100031643, 38.83245600014078 ], [ -76.987117000316061, 38.832272000141074 ], [ -76.987204000315899, 38.832204000141189 ], [ -76.987224000315905, 38.832189000141227 ], [ -76.987326000315704, 38.832109000141315 ], [ -76.987433000315548, 38.832025000141471 ], [ -76.987560000315341, 38.831926000141607 ], [ -76.987905000314811, 38.831658000142056 ], [ -76.988216000314367, 38.831413000142391 ], [ -76.988451000314001, 38.831231000142679 ], [ -76.988480000313928, 38.831208000142738 ], [ -76.98876600031349, 38.830985000143073 ], [ -76.988892000313285, 38.830887000143207 ], [ -76.988977000313184, 38.830820000143319 ], [ -76.989405000312502, 38.830485000143881 ], [ -76.989776000311906, 38.830196000144326 ], [ -76.990262000311191, 38.829844000144874 ], [ -76.990411000310928, 38.829718000145022 ], [ -76.990762000310383, 38.829421000145487 ], [ -76.99105400030993, 38.829192000145838 ], [ -76.991082000309916, 38.829170000145893 ], [ -76.991111000309843, 38.829149000145947 ], [ -76.99118600030971, 38.829094000146029 ], [ -76.991275000309599, 38.829024000146148 ], [ -76.991482000309304, 38.828863000146384 ], [ -76.991581000309111, 38.828785000146468 ], [ -76.991639000309021, 38.828740000146581 ], [ -76.991743000308873, 38.828659000146672 ], [ -76.992018000308462, 38.828444000147044 ], [ -76.992258000308084, 38.828256000147292 ], [ -76.992487000307733, 38.82807800014757 ], [ -76.992631000307483, 38.827967000147737 ], [ -76.992654000307482, 38.827949000147782 ], [ -76.992797000307235, 38.827838000147949 ], [ -76.993049000306826, 38.827642000148273 ], [ -76.993090000306779, 38.827610000148297 ], [ -76.993270000306495, 38.827470000148537 ], [ -76.9934770003062, 38.827308000148776 ], [ -76.993690000305833, 38.827143000149022 ], [ -76.993871000305546, 38.827000000149269 ], [ -76.9940980003052, 38.826823000149545 ], [ -76.994335000304829, 38.826635000149849 ], [ -76.994572000304458, 38.826451000150087 ], [ -76.99478800030414, 38.826283000150397 ], [ -76.99502100030378, 38.826102000150684 ], [ -76.995233000303472, 38.825934000150937 ], [ -76.995453000303087, 38.825763000151198 ], [ -76.995672000302761, 38.825594000151455 ], [ -76.99583500030252, 38.825465000151667 ], [ -76.995931000302392, 38.825389000151745 ], [ -76.996088000302109, 38.825266000151942 ], [ -76.99618400030198, 38.825192000152072 ], [ -76.996228000301926, 38.825158000152101 ], [ -76.996538000301427, 38.824916000152484 ], [ -76.996685000301227, 38.824802000152658 ], [ -76.996930000300836, 38.824620000152947 ], [ -76.998039000299116, 38.823797000154229 ], [ -76.998088000299049, 38.823758000154271 ], [ -76.998105000299006, 38.823745000154304 ], [ -76.998164000298914, 38.823698000154366 ], [ -76.99841000029852, 38.82350600015468 ], [ -76.998500000298407, 38.823435000154802 ], [ -76.998575000298274, 38.823376000154894 ], [ -76.998596000298221, 38.823360000154935 ], [ -76.998940000297694, 38.823094000155322 ], [ -76.99916600029735, 38.822918000155596 ], [ -76.999278000297181, 38.822831000155759 ], [ -77.000072000295916, 38.822208000156706 ], [ -77.000141000295855, 38.822153000156788 ], [ -77.000245000295649, 38.822062000156905 ], [ -77.001037000294446, 38.821436000157917 ], [ -77.001243000294153, 38.821275000158153 ], [ -77.001303000294058, 38.82122200015823 ], [ -77.001562000293632, 38.82101300015853 ], [ -77.004484000289096, 38.818662000162192 ], [ -77.006481000285987, 38.817058000164707 ], [ -77.006618000285755, 38.816948000164871 ], [ -77.009193000281812, 38.81494700016799 ], [ -77.015416000272126, 38.810080000175503 ], [ -77.016340000270702, 38.809359000176642 ], [ -77.020384000264414, 38.806197000181555 ], [ -77.020727000263889, 38.805930000181945 ], [ -77.021778000262259, 38.805143000183193 ], [ -77.022267000261479, 38.804779000183771 ], [ -77.022369000261335, 38.804689000183885 ], [ -77.022465000261207, 38.804604000184042 ], [ -77.024334000258307, 38.803113000186329 ], [ -77.035519000240924, 38.794373000199926 ], [ -77.036444000239499, 38.793650000201012 ], [ -77.03736200023809, 38.79293300020214 ], [ -77.037405000237982, 38.792899000202169 ], [ -77.037520000237805, 38.79280900020234 ], [ -77.037572000237731, 38.792768000202386 ], [ -77.037834000237353, 38.792563000202733 ], [ -77.037931000237165, 38.792487000202811 ], [ -77.038030000237029, 38.792410000202949 ], [ -77.039006000235531, 38.791645000204142 ], [ -77.038990000235515, 38.792415000202936 ], [ -77.03898800023552, 38.792499000202838 ], [ -77.038987000235522, 38.792552000202704 ], [ -77.03898400023553, 38.792767000202389 ], [ -77.038983000235532, 38.792827000202294 ], [ -77.03898400023553, 38.792915000202186 ], [ -77.03898800023552, 38.793673000201011 ], [ -77.038989000235517, 38.79370100020094 ], [ -77.039009000235524, 38.794410000199832 ], [ -77.039009000235524, 38.79446900019974 ], [ -77.039010000235521, 38.794541000199672 ], [ -77.039015000235509, 38.794734000199355 ], [ -77.039047000235428, 38.795892000197568 ], [ -77.039074000235416, 38.796876000195994 ], [ -77.039074000235416, 38.796903000195982 ], [ -77.039076000235411, 38.796990000195819 ], [ -77.039080000235401, 38.797160000195561 ], [ -77.039084000235391, 38.797288000195408 ], [ -77.039092000235371, 38.797571000194921 ], [ -77.039094000235366, 38.797589000194932 ], [ -77.039098000235356, 38.797649000194838 ], [ -77.039104000235341, 38.797836000194536 ], [ -77.039114000235315, 38.798169000194036 ], [ -77.039156000235266, 38.799452000192048 ], [ -77.039158000235261, 38.799507000191909 ], [ -77.039164000235246, 38.7997420001916 ], [ -77.039176000235273, 38.800034000191147 ], [ -77.039184000235252, 38.800300000190703 ], [ -77.039191000235235, 38.800496000190378 ], [ -77.039130000235332, 38.800817000189909 ], [ -77.038966000235575, 38.80167700018859 ], [ -77.038620000236108, 38.803480000185743 ], [ -77.038239000236729, 38.805088000183275 ], [ -77.038056000236963, 38.805969000181904 ], [ -77.037720000237528, 38.808144000178515 ], [ -77.037642000237611, 38.808574000177884 ], [ -77.037288000238163, 38.810527000174829 ], [ -77.037306000238175, 38.812237000172161 ], [ -77.037338000238094, 38.813405000170349 ], [ -77.037356000238049, 38.81418700016917 ], [ -77.037358000238044, 38.814477000168722 ], [ -77.037356000238049, 38.814535000168632 ], [ -77.037343000238081, 38.814635000168437 ], [ -77.03736200023809, 38.814704000168376 ], [ -77.037389000238022, 38.814739000168288 ], [ -77.037417000237951, 38.814786000168226 ], [ -77.037427000237983, 38.814852000168116 ], [ -77.037437000237958, 38.81493900016801 ], [ -77.037473000237867, 38.814997000167921 ], [ -77.037523000237798, 38.815044000167802 ], [ -77.037594000237675, 38.815089000167745 ], [ -77.037673000237589, 38.815143000167666 ], [ -77.037741000237475, 38.815183000167622 ], [ -77.037826000237317, 38.815248000167514 ], [ -77.037907000237226, 38.815321000167387 ], [ -77.038026000237039, 38.81543600016721 ], [ -77.038079000236962, 38.81551400016707 ], [ -77.03814600023685, 38.815613000166934 ], [ -77.038223000236712, 38.815772000166703 ], [ -77.03827400023664, 38.815873000166562 ], [ -77.038315000236594, 38.815969000166376 ], [ -77.038351000236503, 38.816029000166282 ], [ -77.038378000236492, 38.816071000166232 ], [ -77.038412000236406, 38.816090000166184 ], [ -77.03842100023644, 38.816139000166118 ], [ -77.038426000236427, 38.816199000166023 ], [ -77.038432000236412, 38.81621200016599 ], [ -77.038447000236374, 38.816241000165974 ], [ -77.038458000236346, 38.816293000165899 ], [ -77.03848700023633, 38.816515000165509 ], [ -77.038506000236282, 38.816621000165355 ], [ -77.038523000236239, 38.816715000165232 ], [ -77.038540000236253, 38.816811000165103 ], [ -77.03855300023622, 38.81689800016494 ], [ -77.038559000236205, 38.816978000164795 ], [ -77.038566000236187, 38.817049000164729 ], [ -77.038540000236253, 38.817064000164692 ], [ -77.038544000236243, 38.817079000164654 ], [ -77.038568000236182, 38.817089000164628 ], [ -77.038576000236162, 38.817108000164637 ], [ -77.038607000236141, 38.817183000164505 ], [ -77.03863100023608, 38.817268000164347 ], [ -77.038660000236064, 38.817340000164279 ], [ -77.038675000236026, 38.817407000164167 ], [ -77.038691000235985, 38.817457000164097 ], [ -77.038704000235953, 38.817513000164013 ], [ -77.038711000235992, 38.817560000163894 ], [ -77.038702000235958, 38.81759600016386 ], [ -77.038711000235992, 38.817643000163798 ], [ -77.038743000235911, 38.817635000163818 ], [ -77.038777000235882, 38.817685000163749 ], [ -77.038752000235888, 38.817705000163699 ], [ -77.038751000235891, 38.81773600016362 ], [ -77.03877800023588, 38.817808000163552 ], [ -77.038789000235852, 38.817855000163433 ], [ -77.038826000235815, 38.81787500016344 ], [ -77.038837000235787, 38.817922000163378 ], [ -77.038812000235794, 38.817946000163317 ], [ -77.038800000235824, 38.817978000163293 ], [ -77.038809000235801, 38.818001000163235 ], [ -77.038856000235739, 38.818037000163201 ], [ -77.03884400023577, 38.818114000163064 ], [ -77.038820000235773, 38.818137000163006 ], [ -77.038856000235739, 38.818165000162992 ], [ -77.038867000235712, 38.818208000162883 ], [ -77.038869000235707, 38.818245000162847 ], [ -77.038873000235697, 38.818321000162712 ], [ -77.038882000235731, 38.818378000162625 ], [ -77.03889800023569, 38.818428000162555 ], [ -77.038909000235662, 38.818469000162509 ], [ -77.038927000235617, 38.818512000162457 ], [ -77.038951000235613, 38.81857700016235 ], [ -77.03896800023557, 38.818625000162285 ], [ -77.038977000235548, 38.818668000162177 ], [ -77.038985000235527, 38.818682000162198 ], [ -77.03899200023551, 38.818700000162153 ], [ -77.038991000235512, 38.818726000162087 ], [ -77.038981000235538, 38.818755000162071 ], [ -77.038970000235565, 38.81877900016201 ], [ -77.039083000235394, 38.818820000161963 ], [ -77.039061000235449, 38.818865000161907 ], [ -77.039120000235357, 38.818885000161856 ], [ -77.039101000235348, 38.818939000161777 ], [ -77.03903800023545, 38.818921000161822 ], [ -77.039030000235471, 38.818929000161802 ], [ -77.039006000235531, 38.818951000161746 ], [ -77.038985000235527, 38.81897600016174 ], [ -77.038953000235608, 38.819011000161652 ], [ -77.038925000235622, 38.819036000161645 ], [ -77.038907000235668, 38.81906200016158 ], [ -77.038886000235721, 38.819089000161568 ], [ -77.038872000235699, 38.819125000161478 ], [ -77.038862000235724, 38.819167000161428 ], [ -77.038864000235719, 38.819259000161253 ], [ -77.038867000235712, 38.81932900016119 ], [ -77.038899000235688, 38.819368000161091 ], [ -77.038905000235673, 38.819398000161073 ], [ -77.038892000235705, 38.819427000160999 ], [ -77.038920000235635, 38.81947300016094 ], [ -77.038923000235627, 38.819504000160919 ], [ -77.038942000235636, 38.819533000160845 ], [ -77.038960000235591, 38.819536000160838 ], [ -77.038983000235532, 38.81953900016083 ], [ -77.039025000235483, 38.819526000160863 ], [ -77.039132000235327, 38.819606000160718 ], [ -77.039216000235172, 38.819669000160616 ], [ -77.039277000235074, 38.819726000160529 ], [ -77.039340000234972, 38.819789000160483 ], [ -77.039374000234943, 38.819817000160413 ], [ -77.039429000234861, 38.819845000160342 ], [ -77.039496000234749, 38.819867000160343 ], [ -77.039555000234657, 38.819875000160323 ], [ -77.039607000234582, 38.81988800016029 ], [ -77.039665000234493, 38.819891000160283 ], [ -77.039729000234388, 38.819885000160298 ], [ -77.039813000234233, 38.819974000160187 ], [ -77.039900000234127, 38.820073000159994 ], [ -77.039905000234114, 38.820135000159894 ], [ -77.039972000234002, 38.820254000159707 ], [ -77.039935000234095, 38.820461000159412 ], [ -77.039970000234007, 38.820501000159368 ], [ -77.039995000234001, 38.820526000159305 ], [ -77.040008000233968, 38.820563000159268 ], [ -77.040013000233955, 38.820589000159202 ], [ -77.040040000233887, 38.820614000159196 ], [ -77.040044000233877, 38.820653000159098 ], [ -77.040029000233915, 38.820676000159096 ], [ -77.039998000233993, 38.820698000159041 ], [ -77.039982000233977, 38.820728000159022 ], [ -77.039968000234012, 38.820765000158929 ], [ -77.039955000234045, 38.820808000158877 ], [ -77.039934000234098, 38.820858000158807 ], [ -77.039898000234132, 38.820902000158753 ], [ -77.039845000234209, 38.820949000158635 ], [ -77.039802000234261, 38.821006000158548 ], [ -77.03974000023436, 38.821061000158466 ], [ -77.039673000234473, 38.821091000158447 ], [ -77.039621000234547, 38.821121000158371 ], [ -77.039568000234624, 38.82114000015838 ], [ -77.039553000234662, 38.821162000158324 ], [ -77.039547000234677, 38.821208000158265 ], [ -77.039544000234685, 38.821255000158203 ], [ -77.03954200023469, 38.82127600015815 ], [ -77.039516000234698, 38.821291000158112 ], [ -77.039516000234698, 38.821314000158111 ], [ -77.039508000234719, 38.821336000158055 ], [ -77.039498000234744, 38.821360000157995 ], [ -77.039486000234774, 38.821404000157941 ], [ -77.039459000234785, 38.821432000157927 ], [ -77.039444000234823, 38.821456000157866 ], [ -77.039459000234785, 38.821557000157725 ], [ -77.039492000234759, 38.821584000157657 ], [ -77.039488000234769, 38.821604000157663 ], [ -77.039496000234749, 38.821656000157532 ], [ -77.039554000234659, 38.82169900015748 ], [ -77.03958400023464, 38.821705000157465 ], [ -77.039634000234514, 38.821732000157454 ], [ -77.03965800023451, 38.821768000157363 ], [ -77.039711000234433, 38.821817000157296 ], [ -77.039764000234356, 38.821824000157278 ], [ -77.039817000234279, 38.821844000157284 ], [ -77.039889000234155, 38.821852000157264 ], [ -77.039936000234093, 38.821881000157191 ], [ -77.040059000233896, 38.821895000157213 ], [ -77.040104000233782, 38.821916000157159 ], [ -77.04023600023362, 38.82197000015708 ], [ -77.040388000233349, 38.821991000157027 ], [ -77.040523000233179, 38.821968000157085 ], [ -77.040598000233047, 38.821990000157029 ], [ -77.040650000232972, 38.822023000157003 ], [ -77.040686000232881, 38.822037000156968 ], [ -77.040738000232807, 38.822083000156908 ], [ -77.040758000232813, 38.822090000156891 ], [ -77.040826000232698, 38.82217600015673 ], [ -77.040867000232595, 38.822236000156636 ], [ -77.040873000232637, 38.822339000156489 ], [ -77.040914000232533, 38.822416000156352 ], [ -77.040981000232421, 38.822559000156161 ], [ -77.040982000232418, 38.822590000156083 ], [ -77.040997000232437, 38.822608000156094 ], [ -77.041004000232419, 38.822665000156007 ], [ -77.041039000232331, 38.82271800015593 ], [ -77.041086000232269, 38.822885000155622 ], [ -77.041088000232264, 38.822927000155573 ], [ -77.041107000232273, 38.82294000015554 ], [ -77.041094000232249, 38.823049000155379 ], [ -77.041099000232236, 38.823082000155352 ], [ -77.041080000232284, 38.823191000155191 ], [ -77.041068000232315, 38.823229000155095 ], [ -77.041067000232317, 38.823257000155081 ], [ -77.041044000232375, 38.823294000154988 ], [ -77.041019000232382, 38.823316000154989 ], [ -77.040982000232418, 38.823337000154936 ], [ -77.040953000232491, 38.823372000154905 ], [ -77.040890000232594, 38.823383000154877 ], [ -77.04079500023272, 38.823446000154775 ], [ -77.040780000232758, 38.823483000154738 ], [ -77.040686000232881, 38.823554000154616 ], [ -77.040650000232972, 38.823567000154583 ], [ -77.040629000232968, 38.823589000154584 ], [ -77.040618000232996, 38.823604000154546 ], [ -77.040593000233059, 38.823615000154518 ], [ -77.040531000233159, 38.823619000154508 ], [ -77.040517000233137, 38.823636000154465 ], [ -77.04043800023328, 38.82363800015446 ], [ -77.040418000233331, 38.823654000154477 ], [ -77.04038400023336, 38.823662000154457 ], [ -77.040342000233409, 38.823682000154406 ], [ -77.040289000233543, 38.823682000154406 ], [ -77.040263000233551, 38.8237070001544 ], [ -77.040196000233664, 38.823713000154385 ], [ -77.040168000233734, 38.823723000154359 ], [ -77.040137000233756, 38.823721000154364 ], [ -77.040109000233826, 38.823736000154327 ], [ -77.040066000233878, 38.823746000154301 ], [ -77.040049000233864, 38.823752000154286 ], [ -77.040013000233955, 38.823752000154286 ], [ -77.039971000234004, 38.823744000154306 ], [ -77.039815000234228, 38.823739000154319 ], [ -77.039795000234278, 38.823751000154289 ], [ -77.039769000234344, 38.823751000154289 ], [ -77.039749000234337, 38.823766000154308 ], [ -77.039718000234416, 38.82378100015427 ], [ -77.039696000234414, 38.823790000154247 ], [ -77.039676000234465, 38.823807000154204 ], [ -77.039673000234473, 38.823829000154205 ], [ -77.039672000234475, 38.823844000154168 ], [ -77.039681000234452, 38.823857000154135 ], [ -77.03968600023444, 38.823871000154099 ], [ -77.039669000234483, 38.823888000154113 ], [ -77.039668000234485, 38.823927000154015 ], [ -77.039642000234551, 38.823953000154006 ], [ -77.0396000002346, 38.823964000153978 ], [ -77.0396000002346, 38.82398300015393 ], [ -77.039535000234707, 38.824007000153927 ], [ -77.039509000234716, 38.824026000153879 ], [ -77.039459000234785, 38.824025000153881 ], [ -77.039411000234907, 38.824042000153838 ], [ -77.039374000234943, 38.824042000153838 ], [ -77.039335000234985, 38.824059000153852 ], [ -77.039256000235127, 38.824062000153845 ], [ -77.039217000235169, 38.824086000153784 ], [ -77.039182000235257, 38.824088000153779 ], [ -77.039127000235339, 38.824091000153771 ], [ -77.039085000235389, 38.824104000153739 ], [ -77.039068000235432, 38.824124000153745 ], [ -77.03905000023542, 38.824143000153697 ], [ -77.039030000235471, 38.824169000153631 ], [ -77.039012000235516, 38.824228000153539 ], [ -77.038977000235548, 38.824272000153485 ], [ -77.038940000235641, 38.824316000153431 ], [ -77.038900000235685, 38.824358000153381 ], [ -77.038881000235676, 38.824371000153349 ], [ -77.038871000235702, 38.824408000153312 ], [ -77.03883600023579, 38.824422000153277 ], [ -77.038801000235821, 38.824444000153221 ], [ -77.038784000235864, 38.824473000153205 ], [ -77.038789000235852, 38.824506000153121 ], [ -77.038802000235819, 38.824535000153105 ], [ -77.038810000235799, 38.824552000153062 ], [ -77.038838000235785, 38.824558000153047 ], [ -77.038827000235813, 38.824588000153028 ], [ -77.038811000235796, 38.824612000152968 ], [ -77.038791000235847, 38.824643000152946 ], [ -77.038799000235826, 38.82469300015282 ], [ -77.038764000235858, 38.824742000152753 ], [ -77.038749000235896, 38.82489000015255 ], [ -77.038760000235868, 38.824974000152395 ], [ -77.038665000236051, 38.825066000152276 ], [ -77.038626000236093, 38.825419000151726 ], [ -77.038616000236118, 38.825504000151568 ], [ -77.038655000236076, 38.825568000151463 ], [ -77.038666000236049, 38.825672000151314 ], [ -77.038628000236088, 38.825768000151186 ], [ -77.038608000236138, 38.825922000150911 ], [ -77.038539000236256, 38.826036000150737 ], [ -77.038578000236157, 38.82608900015066 ], [ -77.038562000236197, 38.826193000150511 ], [ -77.038520000236247, 38.826257000150406 ], [ -77.038506000236282, 38.826349000150287 ], [ -77.038464000236331, 38.826442000150109 ], [ -77.038449000236369, 38.826526000150011 ], [ -77.038402000236431, 38.826828000149533 ], [ -77.038337000236538, 38.826923000149407 ], [ -77.038303000236624, 38.827098000149135 ], [ -77.038334000236546, 38.827127000149062 ], [ -77.038382000236481, 38.827172000149005 ], [ -77.038367000236519, 38.827266000148825 ], [ -77.038312000236601, 38.827316000148755 ], [ -77.038302000236627, 38.827352000148721 ], [ -77.03828600023661, 38.827417000148614 ], [ -77.038272000236645, 38.827482000148507 ], [ -77.03827800023663, 38.827508000148498 ], [ -77.038263000236668, 38.82752300014846 ], [ -77.03823600023668, 38.8275470001484 ], [ -77.038205000236758, 38.827570000148398 ], [ -77.03819600023678, 38.827591000148345 ], [ -77.038189000236798, 38.827614000148287 ], [ -77.038179000236767, 38.827636000148289 ], [ -77.038170000236789, 38.827648000148258 ], [ -77.038151000236837, 38.82766300014822 ], [ -77.038141000236863, 38.827680000148234 ], [ -77.038135000236878, 38.827693000148201 ], [ -77.038136000236875, 38.827711000148156 ], [ -77.038141000236863, 38.827729000148111 ], [ -77.038145000236852, 38.827742000148135 ], [ -77.03814200023686, 38.827752000148109 ], [ -77.038141000236863, 38.827771000148061 ], [ -77.03814200023686, 38.827783000148031 ], [ -77.038151000236837, 38.827800000148045 ], [ -77.038156000236825, 38.827813000148012 ], [ -77.038160000236815, 38.827836000147954 ], [ -77.038162000236809, 38.827861000147948 ], [ -77.038156000236825, 38.827873000147918 ], [ -77.038152000236835, 38.827894000147865 ], [ -77.038147000236847, 38.827936000147815 ], [ -77.038131000236888, 38.82795000014778 ], [ -77.038131000236888, 38.828002000147706 ], [ -77.038125000236903, 38.828023000147653 ], [ -77.038115000236871, 38.828042000147661 ], [ -77.038094000236924, 38.828057000147624 ], [ -77.038087000236942, 38.828067000147598 ], [ -77.038078000236965, 38.828075000147578 ], [ -77.038070000236985, 38.828088000147545 ], [ -77.038063000237003, 38.828105000147559 ], [ -77.038056000236963, 38.828126000147506 ], [ -77.038058000236958, 38.828141000147468 ], [ -77.038065000236998, 38.82815500014749 ], [ -77.038071000236982, 38.828166000147462 ], [ -77.03807200023698, 38.828178000147432 ], [ -77.038064000237, 38.828196000147386 ], [ -77.038056000236963, 38.82820900014741 ], [ -77.038041000237001, 38.828227000147365 ], [ -77.038028000237034, 38.828245000147319 ], [ -77.038021000237052, 38.828260000147282 ], [ -77.038019000237057, 38.828289000147265 ], [ -77.038034000237019, 38.828333000147211 ], [ -77.038043000236996, 38.828348000147173 ], [ -77.038050000236979, 38.82836500014713 ], [ -77.038049000236981, 38.828380000147092 ], [ -77.038031000237027, 38.828392000147119 ], [ -77.038007000237087, 38.828418000147053 ], [ -77.038008000237085, 38.82843500014701 ], [ -77.038017000237062, 38.828455000147017 ], [ -77.038014000237069, 38.828469000146981 ], [ -77.03800600023709, 38.828476000146964 ], [ -77.037974000237114, 38.82857400014683 ], [ -77.037969000237126, 38.828592000146784 ], [ -77.037981000237096, 38.828617000146778 ], [ -77.037983000237091, 38.82863600014673 ], [ -77.037984000237088, 38.828653000146687 ], [ -77.037975000237111, 38.828674000146691 ], [ -77.037965000237136, 38.828701000146623 ], [ -77.037954000237164, 38.82872200014657 ], [ -77.037947000237182, 38.828752000146551 ], [ -77.037947000237182, 38.828773000146498 ], [ -77.037954000237164, 38.828798000146492 ], [ -77.037948000237179, 38.828821000146434 ], [ -77.037939000237145, 38.828832000146406 ], [ -77.037932000237163, 38.828843000146378 ], [ -77.037913000237211, 38.828894000146306 ], [ -77.037886000237222, 38.828946000146232 ], [ -77.037880000237237, 38.828970000146228 ], [ -77.037865000237275, 38.828975000146215 ], [ -77.037854000237303, 38.828980000146203 ], [ -77.037843000237331, 38.828995000146165 ], [ -77.037837000237346, 38.829011000146124 ], [ -77.037836000237348, 38.829028000146138 ], [ -77.037850000237313, 38.829056000146068 ], [ -77.037849000237316, 38.829082000146059 ], [ -77.037826000237317, 38.829141000145967 ], [ -77.037806000237367, 38.829164000145909 ], [ -77.037786000237418, 38.829181000145866 ], [ -77.037773000237451, 38.829197000145825 ], [ -77.037764000237416, 38.829213000145842 ], [ -77.037762000237421, 38.829229000145801 ], [ -77.037763000237419, 38.829239000145776 ], [ -77.037769000237404, 38.829248000145753 ], [ -77.037788000237413, 38.829273000145747 ], [ -77.03780500023737, 38.829296000145689 ], [ -77.037804000237372, 38.829315000145641 ], [ -77.037792000237403, 38.82932600014567 ], [ -77.037755000237439, 38.829382000145586 ], [ -77.037761000237424, 38.829418000145495 ], [ -77.037769000237404, 38.829433000145514 ], [ -77.037765000237414, 38.829450000145471 ], [ -77.037730000237502, 38.829468000145425 ], [ -77.037699000237524, 38.829500000145401 ], [ -77.037713000237545, 38.829542000145295 ], [ -77.037716000237538, 38.829596000145216 ], [ -77.037746000237462, 38.829632000145182 ], [ -77.037743000237469, 38.829742000145018 ], [ -77.037770000237401, 38.829772000144942 ], [ -77.037776000237443, 38.8298110001449 ], [ -77.037741000237475, 38.829849000144861 ], [ -77.037737000237485, 38.829864000144823 ], [ -77.037748000237457, 38.829912000144759 ], [ -77.03773900023748, 38.830004000144584 ], [ -77.037749000237454, 38.830031000144572 ], [ -77.037755000237439, 38.830138000144416 ], [ -77.037784000237423, 38.83018000014431 ], [ -77.037799000237385, 38.830195000144329 ], [ -77.037826000237317, 38.830196000144326 ], [ -77.037825000237319, 38.830217000144273 ], [ -77.037822000237327, 38.83024200014421 ], [ -77.037815000237345, 38.830291000144143 ], [ -77.037838000237343, 38.83031500014414 ], [ -77.037844000237328, 38.830342000144071 ], [ -77.037826000237317, 38.830403000143974 ], [ -77.037858000237293, 38.830458000143892 ], [ -77.037881000237235, 38.830482000143832 ], [ -77.03786300023728, 38.830495000143856 ], [ -77.037868000237268, 38.830539000143744 ], [ -77.037966000237134, 38.830617000143661 ], [ -77.038022000237049, 38.830669000143587 ], [ -77.038024000237044, 38.830717000143466 ], [ -77.038005000237092, 38.830740000143464 ], [ -77.038079000236962, 38.830824000143309 ], [ -77.038139000236868, 38.830891000143197 ], [ -77.03815000023684, 38.830927000143163 ], [ -77.038202000236765, 38.830990000143061 ], [ -77.038243000236719, 38.831035000143004 ], [ -77.038258000236681, 38.831047000142974 ], [ -77.038260000236676, 38.831110000142871 ], [ -77.038285000236613, 38.831172000142772 ], [ -77.038349000236508, 38.831212000142727 ], [ -77.03841700023645, 38.831240000142657 ], [ -77.038413000236403, 38.83129300014258 ], [ -77.03847900023635, 38.831380000142474 ], [ -77.038498000236302, 38.831407000142406 ], [ -77.038535000236266, 38.831429000142407 ], [ -77.038546000236238, 38.831477000142286 ], [ -77.038564000236192, 38.831513000142252 ], [ -77.038628000236088, 38.83155200014221 ], [ -77.03861900023611, 38.831596000142156 ], [ -77.038646000236042, 38.831609000142123 ], [ -77.038684000236003, 38.83163000014207 ], [ -77.038709000235997, 38.831699000141953 ], [ -77.038758000235873, 38.831732000141926 ], [ -77.038796000235834, 38.831733000141924 ], [ -77.038822000235768, 38.831754000141871 ], [ -77.038818000235779, 38.831775000141874 ], [ -77.038855000235742, 38.831811000141784 ], [ -77.038859000235732, 38.831829000141795 ], [ -77.038896000235695, 38.831856000141727 ], [ -77.038899000235688, 38.831886000141651 ], [ -77.038952000235611, 38.831928000141602 ], [ -77.039004000235536, 38.831956000141588 ], [ -77.039039000235448, 38.83203300014145 ], [ -77.039116000235367, 38.832100000141338 ], [ -77.039172000235226, 38.832148000141274 ], [ -77.039229000235139, 38.832194000141214 ], [ -77.03933700023498, 38.832267000141087 ], [ -77.039557000234652, 38.832389000140893 ], [ -77.039683000234447, 38.832474000140792 ], [ -77.039713000234428, 38.832516000140686 ], [ -77.039739000234363, 38.832534000140697 ], [ -77.039781000234314, 38.832552000140652 ], [ -77.039856000234181, 38.832571000140604 ], [ -77.039928000234056, 38.832581000140578 ], [ -77.039959000234035, 38.832590000140613 ], [ -77.040410000233351, 38.832870000140133 ], [ -77.040467000233264, 38.832876000140118 ], [ -77.040542000233131, 38.832934000140028 ], [ -77.040602000233037, 38.832970000139994 ], [ -77.040644000232987, 38.832983000139961 ], [ -77.040706000232888, 38.833031000139897 ], [ -77.040768000232788, 38.833062000139876 ], [ -77.040829000232691, 38.833114000139744 ], [ -77.040911000232541, 38.833156000139695 ], [ -77.041001000232427, 38.833205000139628 ], [ -77.041712000231314, 38.833634000138943 ], [ -77.041787000231182, 38.833676000138894 ], [ -77.041889000231038, 38.833710000138865 ], [ -77.042007000230853, 38.833721000138837 ], [ -77.04203600023078, 38.833718000138845 ], [ -77.042118000230687, 38.833710000138865 ], [ -77.042194000230552, 38.833693000138851 ], [ -77.042279000230451, 38.833661000138932 ], [ -77.042375000230265, 38.833612000138999 ], [ -77.042456000230175, 38.833547000139106 ], [ -77.042526000230055, 38.833477000139226 ], [ -77.042562000229964, 38.833406000139291 ], [ -77.042579000229978, 38.833332000139421 ], [ -77.042577000229983, 38.833239000139599 ], [ -77.042552000229989, 38.833164000139675 ], [ -77.042558000229974, 38.833125000139773 ], [ -77.042530000230045, 38.833081000139828 ], [ -77.04252400023006, 38.833048000139854 ], [ -77.042535000230032, 38.833029000139902 ], [ -77.042502000230058, 38.832976000139979 ], [ -77.042495000230076, 38.83295200014004 ], [ -77.042462000230159, 38.832910000140089 ], [ -77.042435000230171, 38.832837000140216 ], [ -77.042397000230267, 38.832692000140412 ], [ -77.042345000230341, 38.832664000140483 ], [ -77.042347000230336, 38.832622000140532 ], [ -77.042333000230371, 38.8325950001406 ], [ -77.042293000230416, 38.832563000140624 ], [ -77.042295000230411, 38.832506000140711 ], [ -77.042273000230466, 38.832471000140742 ], [ -77.042243000230485, 38.83241000014084 ], [ -77.042242000230488, 38.832375000140928 ], [ -77.042215000230556, 38.832317000141018 ], [ -77.042220000230543, 38.832243000141148 ], [ -77.042194000230552, 38.832219000141151 ], [ -77.042199000230539, 38.832165000141231 ], [ -77.042151000230604, 38.832087000141371 ], [ -77.042147000230614, 38.831965000141565 ], [ -77.042087000230708, 38.831845000141755 ], [ -77.042060000230776, 38.83183500014178 ], [ -77.042035000230783, 38.831788000141842 ], [ -77.042021000230818, 38.831743000141898 ], [ -77.041995000230884, 38.831674000142016 ], [ -77.042000000230871, 38.831633000142062 ], [ -77.041989000230899, 38.831606000142131 ], [ -77.041959000230918, 38.831587000142122 ], [ -77.041979000230924, 38.831567000142172 ], [ -77.041972000230885, 38.831519000142237 ], [ -77.041984000230912, 38.831484000142325 ], [ -77.042012000230841, 38.831445000142367 ], [ -77.042042000230822, 38.831431000142402 ], [ -77.042088000230706, 38.831425000142417 ], [ -77.042115000230694, 38.831411000142396 ], [ -77.042104000230722, 38.831375000142486 ], [ -77.04210900023071, 38.831333000142536 ], [ -77.042274000230464, 38.83127300014263 ], [ -77.042389000230287, 38.831224000142697 ], [ -77.042423000230201, 38.83122700014269 ], [ -77.042461000230162, 38.831248000142693 ], [ -77.042511000230093, 38.831246000142698 ], [ -77.042549000229997, 38.831217000142715 ], [ -77.042805000229635, 38.831190000142783 ], [ -77.042885000229489, 38.831206000142743 ], [ -77.042911000229424, 38.831224000142697 ], [ -77.042998000229318, 38.831249000142691 ], [ -77.043047000229251, 38.831291000142585 ], [ -77.043099000229176, 38.831348000142498 ], [ -77.043129000229101, 38.831352000142488 ], [ -77.04314800022911, 38.831370000142499 ], [ -77.043184000229019, 38.831423000142422 ], [ -77.043207000229017, 38.831430000142404 ], [ -77.043274000228905, 38.831509000142262 ], [ -77.043278000228895, 38.831532000142204 ], [ -77.043318000228794, 38.831616000142105 ], [ -77.043314000228804, 38.831640000142045 ], [ -77.043340000228795, 38.831679000142003 ], [ -77.0433380002288, 38.831713000141974 ], [ -77.043357000228752, 38.831733000141924 ], [ -77.04337000022872, 38.831846000141752 ], [ -77.04341200022867, 38.831868000141696 ], [ -77.043464000228596, 38.83190100014167 ], [ -77.043475000228568, 38.832085000141376 ], [ -77.043502000228557, 38.832125000141332 ], [ -77.043506000228547, 38.832190000141225 ], [ -77.043523000228504, 38.832217000141156 ], [ -77.043548000228441, 38.832307000141043 ], [ -77.043543000228453, 38.832370000140941 ], [ -77.043572000228437, 38.832427000140854 ], [ -77.043601000228364, 38.832469000140748 ], [ -77.043599000228369, 38.832568000140611 ], [ -77.043614000228331, 38.832594000140602 ], [ -77.043611000228339, 38.832646000140471 ], [ -77.043642000228317, 38.832698000140397 ], [ -77.043664000228262, 38.83275500014031 ], [ -77.043671000228244, 38.832851000140181 ], [ -77.043688000228258, 38.832893000140132 ], [ -77.043714000228192, 38.83294400014006 ], [ -77.043736000228193, 38.832965000140007 ], [ -77.043746000228168, 38.833021000139922 ], [ -77.043791000228111, 38.83307600013984 ], [ -77.043786000228067, 38.833108000139759 ], [ -77.043755000228145, 38.833143000139728 ], [ -77.043768000228113, 38.833179000139694 ], [ -77.043842000227983, 38.833195000139654 ], [ -77.043841000227985, 38.83322800013957 ], [ -77.043795000228101, 38.833251000139569 ], [ -77.043797000228096, 38.833317000139459 ], [ -77.043774000228098, 38.833361000139405 ], [ -77.043792000228109, 38.833382000139352 ], [ -77.043834000228003, 38.833410000139338 ], [ -77.043913000227917, 38.833440000139262 ], [ -77.043928000227879, 38.833470000139243 ], [ -77.043972000227825, 38.833516000139127 ], [ -77.04405600022767, 38.833526000139159 ], [ -77.044167000227503, 38.833521000139115 ], [ -77.044193000227438, 38.833530000139149 ], [ -77.044215000227439, 38.833560000139073 ], [ -77.044238000227381, 38.833584000139069 ], [ -77.044256000227335, 38.833591000139052 ], [ -77.044305000227268, 38.833621000138976 ], [ -77.044346000227222, 38.833687000138866 ], [ -77.044398000227147, 38.833747000138771 ], [ -77.044442000227093, 38.833819000138703 ], [ -77.044456000227058, 38.833885000138594 ], [ -77.044486000226982, 38.83393000013848 ], [ -77.044544000226892, 38.834056000138332 ], [ -77.044534000226918, 38.834099000138224 ], [ -77.044577000226866, 38.834140000138177 ], [ -77.044636000226774, 38.834230000138064 ], [ -77.044635000226776, 38.834254000138003 ], [ -77.044649000226741, 38.83433700013785 ], [ -77.044667000226696, 38.834364000137839 ], [ -77.044700000226669, 38.834445000137691 ], [ -77.04472600022666, 38.83447200013768 ], [ -77.044732000226645, 38.834576000137531 ], [ -77.044784000226514, 38.834643000137419 ], [ -77.044778000226529, 38.834714000137296 ], [ -77.044819000226482, 38.83475900013724 ], [ -77.04481600022649, 38.834800000137136 ], [ -77.044859000226438, 38.83487900013705 ], [ -77.044865000226423, 38.834938000136958 ], [ -77.044883000226378, 38.834982000136847 ], [ -77.04489400022635, 38.835004000136848 ], [ -77.044896000226345, 38.835042000136752 ], [ -77.044905000226379, 38.835058000136769 ], [ -77.044901000226332, 38.835080000136713 ], [ -77.044908000226371, 38.835094000136678 ], [ -77.044913000226359, 38.835186000136559 ], [ -77.044951000226263, 38.835202000136519 ], [ -77.044964000226287, 38.835262000136424 ], [ -77.044991000226219, 38.8352940001364 ], [ -77.044993000226214, 38.835381000136238 ], [ -77.045008000226176, 38.835411000136219 ], [ -77.04501800022615, 38.835470000136127 ], [ -77.04501800022615, 38.835522000136052 ], [ -77.045024000226192, 38.835539000136009 ], [ -77.04502900022618, 38.835608000135892 ], [ -77.045045000226139, 38.835626000135846 ], [ -77.045048000226132, 38.835673000135785 ], [ -77.045046000226137, 38.835775000135641 ], [ -77.04508700022609, 38.835826000135569 ], [ -77.04510300022605, 38.83586100013548 ], [ -77.045130000225981, 38.835882000135484 ], [ -77.045218000225873, 38.835928000135425 ], [ -77.045194000225933, 38.835959000135347 ], [ -77.045109000226034, 38.836024000135239 ], [ -77.045053000226119, 38.83607800013516 ], [ -77.045055000226114, 38.836118000135116 ], [ -77.045080000226108, 38.836165000135054 ], [ -77.045124000225996, 38.836176000135026 ], [ -77.045142000226008, 38.836242000134916 ], [ -77.045151000225985, 38.836315000134789 ], [ -77.045152000225983, 38.836381000134679 ], [ -77.045147000225995, 38.836446000134572 ], [ -77.045195000225931, 38.836503000134485 ], [ -77.045206000225903, 38.836527000134481 ], [ -77.045224000225858, 38.836587000134386 ], [ -77.045212000225888, 38.836626000134345 ], [ -77.045230000225843, 38.836656000134269 ], [ -77.045241000225815, 38.836688000134245 ], [ -77.045218000225873, 38.836736000134124 ], [ -77.045249000225795, 38.83684600013396 ], [ -77.045267000225806, 38.836924000133877 ], [ -77.045261000225821, 38.836968000133766 ], [ -77.045284000225763, 38.837014000133706 ], [ -77.045281000225771, 38.837042000133692 ], [ -77.045308000225702, 38.837145000133489 ], [ -77.045330000225704, 38.837181000133455 ], [ -77.045317000225737, 38.837246000133348 ], [ -77.045298000225728, 38.837264000133302 ], [ -77.045275000225786, 38.837273000133337 ], [ -77.045266000225809, 38.837311000133241 ], [ -77.045270000225798, 38.837335000133237 ], [ -77.045329000225706, 38.837419000133082 ], [ -77.045324000225719, 38.837669000132678 ], [ -77.045327000225711, 38.837717000132614 ], [ -77.045357000225636, 38.837747000132595 ], [ -77.045394000225599, 38.837771000132534 ], [ -77.045427000225516, 38.837828000132447 ], [ -77.045431000225562, 38.837843000132409 ], [ -77.045442000225535, 38.837870000132398 ], [ -77.045445000225527, 38.837894000132337 ], [ -77.045429000225568, 38.837933000132296 ], [ -77.04542800022557, 38.837968000132264 ], [ -77.04543600022555, 38.837983000132226 ], [ -77.045434000225555, 38.838043000132132 ], [ -77.04544000022554, 38.838129000131971 ], [ -77.045424000225523, 38.83815600013196 ], [ -77.045416000225543, 38.838186000131884 ], [ -77.045420000225533, 38.838207000131888 ], [ -77.045403000225576, 38.838260000131811 ], [ -77.045357000225636, 38.838295000131723 ], [ -77.045345000225666, 38.838322000131711 ], [ -77.045321000225726, 38.838357000131623 ], [ -77.045290000225748, 38.838416000131531 ], [ -77.045273000225791, 38.838476000131436 ], [ -77.045315000225742, 38.838494000131448 ], [ -77.045328000225709, 38.838530000131357 ], [ -77.045336000225689, 38.838590000131262 ], [ -77.045373000225652, 38.838650000131167 ], [ -77.045379000225637, 38.838692000131118 ], [ -77.045409000225561, 38.838746000131039 ], [ -77.045465000225477, 38.838767000130986 ], [ -77.04551400022541, 38.838795000130972 ], [ -77.045543000225337, 38.838838000130863 ], [ -77.04558800022528, 38.838864000130854 ], [ -77.045633000225223, 38.838875000130827 ], [ -77.045679000225164, 38.838855000130877 ], [ -77.045763000225008, 38.83893200013074 ], [ -77.045918000224788, 38.838996000130635 ], [ -77.045956000224749, 38.839047000130563 ], [ -77.046014000224659, 38.839084000130526 ], [ -77.046058000224548, 38.839176000130351 ], [ -77.046062000224538, 38.839206000130332 ], [ -77.046182000224348, 38.839288000130182 ], [ -77.04620800022434, 38.839315000130171 ], [ -77.046211000224332, 38.839354000130072 ], [ -77.04619600022437, 38.839372000130084 ], [ -77.046176000224364, 38.839398000130018 ], [ -77.046202000224355, 38.839437000129976 ], [ -77.046213000224327, 38.839446000129954 ], [ -77.046251000224288, 38.839459000129921 ], [ -77.04625800022427, 38.839495000129887 ], [ -77.046307000224203, 38.839537000129781 ], [ -77.046303000224157, 38.839659000129586 ], [ -77.046345000224107, 38.839689000129567 ], [ -77.04636000022407, 38.839721000129543 ], [ -77.046394000224041, 38.839753000129463 ], [ -77.04641800022398, 38.839773000129412 ], [ -77.046408000224005, 38.839815000129363 ], [ -77.046422000224027, 38.839839000129359 ], [ -77.04648300022393, 38.839864000129296 ], [ -77.046513000223854, 38.83989400012922 ], [ -77.046501000223884, 38.839921000129209 ], [ -77.046474000223895, 38.839941000129159 ], [ -77.046477000223888, 38.839965000129155 ], [ -77.046454000223946, 38.839974000129132 ], [ -77.046441000223979, 38.84004500012901 ], [ -77.046419000223977, 38.840049000129 ], [ -77.046412000223995, 38.840074000128993 ], [ -77.046373000224094, 38.840068000128952 ], [ -77.046334000224135, 38.840073000128996 ], [ -77.046307000224203, 38.840093000128945 ], [ -77.046248000224296, 38.840082000128973 ], [ -77.046133000224472, 38.839999000129069 ], [ -77.046068000224523, 38.839973000129135 ], [ -77.045990000224663, 38.839956000129177 ], [ -77.045963000224731, 38.840002000129061 ], [ -77.045852000224897, 38.840011000129039 ], [ -77.045844000224918, 38.840047000129005 ], [ -77.045870000224852, 38.840148000128863 ], [ -77.04597900022469, 38.840325000128587 ], [ -77.046119000224451, 38.840414000128419 ], [ -77.046191000224383, 38.840429000128438 ], [ -77.046205000224347, 38.84043200012843 ], [ -77.046268000224245, 38.840445000128398 ], [ -77.046431000224004, 38.840535000128227 ], [ -77.046736000223518, 38.840632000128096 ], [ -77.047019000223088, 38.840659000128085 ], [ -77.04745300022239, 38.840659000128085 ], [ -77.047489000222356, 38.840655000128095 ], [ -77.047627000222121, 38.840827000127774 ], [ -77.047751000221922, 38.840962000127604 ], [ -77.048020000221527, 38.841261000127133 ], [ -77.048009000221555, 38.841266000127121 ], [ -77.047969000221599, 38.841267000127118 ], [ -77.04793400022163, 38.841270000127111 ], [ -77.047891000221739, 38.8412740001271 ], [ -77.047859000221763, 38.841277000127093 ], [ -77.047817000221812, 38.841281000127083 ], [ -77.047784000221895, 38.841285000127073 ], [ -77.047759000221902, 38.841289000127063 ], [ -77.04772800022198, 38.841292000127055 ], [ -77.047705000221981, 38.841296000127045 ], [ -77.047681000222042, 38.841302000127087 ], [ -77.047639000222091, 38.841307000127074 ], [ -77.047605000222177, 38.841309000127069 ], [ -77.047565000222221, 38.841308000127071 ], [ -77.047525000222265, 38.841306000127076 ], [ -77.047483000222371, 38.841308000127071 ], [ -77.04744100022242, 38.841308000127071 ], [ -77.047405000222454, 38.841310000127066 ], [ -77.047364000222558, 38.841311000127064 ], [ -77.047330000222587, 38.841312000127061 ], [ -77.047289000222634, 38.841314000127056 ], [ -77.047255000222719, 38.841314000127056 ], [ -77.047211000222774, 38.841316000127051 ], [ -77.04717400022281, 38.841320000127041 ], [ -77.047129000222924, 38.841320000127041 ], [ -77.047091000222963, 38.841319000127044 ], [ -77.047051000223007, 38.841316000127051 ], [ -77.047011000223108, 38.841314000127056 ], [ -77.046971000223152, 38.841311000127064 ], [ -77.046946000223159, 38.841310000127066 ], [ -77.046908000223254, 38.841307000127074 ], [ -77.046866000223304, 38.841305000127079 ], [ -77.04682900022334, 38.841303000127084 ], [ -77.046797000223421, 38.841299000127094 ], [ -77.046758000223463, 38.841295000127047 ], [ -77.046728000223538, 38.84129000012706 ], [ -77.046691000223575, 38.841285000127073 ], [ -77.046656000223663, 38.841279000127088 ], [ -77.04662700022368, 38.841269000127113 ], [ -77.046592000223711, 38.841263000127128 ], [ -77.046556000223802, 38.841261000127133 ], [ -77.046524000223826, 38.841255000127148 ], [ -77.046488000223917, 38.841247000127169 ], [ -77.046458000223936, 38.841241000127184 ], [ -77.046423000224024, 38.841234000127145 ], [ -77.046388000224056, 38.84122400012717 ], [ -77.046359000224072, 38.84121600012719 ], [ -77.046327000224153, 38.84120800012721 ], [ -77.046293000224182, 38.841198000127235 ], [ -77.04626600022425, 38.841188000127261 ], [ -77.046238000224264, 38.841180000127224 ], [ -77.04620800022434, 38.841172000127244 ], [ -77.046181000224351, 38.841165000127262 ], [ -77.046146000224439, 38.841183000127273 ], [ -77.046141000224452, 38.841155000127287 ], [ -77.046112000224468, 38.841147000127307 ], [ -77.046081000224547, 38.84113800012733 ], [ -77.046051000224566, 38.841129000127353 ], [ -77.046020000224644, 38.841118000127324 ], [ -77.045988000224668, 38.841106000127354 ], [ -77.045960000224738, 38.841095000127382 ], [ -77.045926000224767, 38.841083000127412 ], [ -77.045894000224791, 38.841073000127437 ], [ -77.04586300022487, 38.841062000127408 ], [ -77.045829000224899, 38.841051000127436 ], [ -77.045798000224977, 38.841037000127471 ], [ -77.045768000224996, 38.841021000127512 ], [ -77.045735000225079, 38.841004000127498 ], [ -77.045709000225088, 38.840989000127536 ], [ -77.045685000225149, 38.840981000127556 ], [ -77.045661000225152, 38.840994000127523 ], [ -77.045641000225203, 38.840984000127548 ], [ -77.045649000225183, 38.840962000127604 ], [ -77.045618000225261, 38.840949000127637 ], [ -77.045594000225265, 38.840935000127615 ], [ -77.04556800022533, 38.840920000127653 ], [ -77.045539000225347, 38.840901000127701 ], [ -77.045512000225415, 38.840884000127687 ], [ -77.045485000225426, 38.840868000127728 ], [ -77.045455000225502, 38.840847000127781 ], [ -77.045427000225516, 38.840828000127772 ], [ -77.045399000225586, 38.840810000127817 ], [ -77.04537400022565, 38.84078900012787 ], [ -77.045346000225663, 38.840768000127866 ], [ -77.045319000225732, 38.840750000127912 ], [ -77.045292000225743, 38.840732000127957 ], [ -77.045265000225811, 38.840709000127958 ], [ -77.045240000225817, 38.840690000128006 ], [ -77.045211000225891, 38.840674000128047 ], [ -77.045187000225894, 38.840653000128043 ], [ -77.045162000225957, 38.840631000128099 ], [ -77.045135000225969, 38.840609000128154 ], [ -77.045109000226034, 38.84058400012816 ], [ -77.045089000226085, 38.840561000128218 ], [ -77.045068000226081, 38.840539000128274 ], [ -77.045044000226142, 38.840517000128273 ], [ -77.045020000226202, 38.840495000128328 ], [ -77.044999000226198, 38.840474000128324 ], [ -77.044983000226239, 38.84045200012838 ], [ -77.044966000226282, 38.840431000128433 ], [ -77.044947000226273, 38.840410000128429 ], [ -77.044929000226318, 38.840388000128485 ], [ -77.044908000226371, 38.840368000128535 ], [ -77.044889000226362, 38.840350000128524 ], [ -77.044877000226393, 38.840329000128577 ], [ -77.044864000226426, 38.840310000128625 ], [ -77.044851000226458, 38.840290000128618 ], [ -77.044835000226442, 38.840269000128671 ], [ -77.0448120002265, 38.840251000128717 ], [ -77.044789000226558, 38.840234000128703 ], [ -77.044767000226557, 38.840221000128736 ], [ -77.044739000226627, 38.840214000128753 ], [ -77.044708000226649, 38.840211000128761 ], [ -77.044679000226722, 38.840210000128764 ], [ -77.044644000226754, 38.840209000128766 ], [ -77.044613000226832, 38.840207000128771 ], [ -77.044581000226856, 38.840202000128784 ], [ -77.044550000226877, 38.840197000128796 ], [ -77.044523000226945, 38.840192000128809 ], [ -77.044494000227019, 38.840186000128767 ], [ -77.04445500022706, 38.840182000128777 ], [ -77.044418000227097, 38.840174000128798 ], [ -77.044374000227151, 38.840170000128808 ], [ -77.044336000227247, 38.84016900012881 ], [ -77.044295000227294, 38.840174000128798 ], [ -77.04425400022734, 38.840178000128788 ], [ -77.044221000227424, 38.84018500012877 ], [ -77.04418400022746, 38.840194000128804 ], [ -77.044152000227541, 38.840205000128776 ], [ -77.044119000227568, 38.840215000128751 ], [ -77.044088000227646, 38.840222000128733 ], [ -77.044058000227665, 38.840226000128723 ], [ -77.044027000227743, 38.840225000128726 ], [ -77.044001000227752, 38.840216000128748 ], [ -77.04397400022782, 38.840204000128779 ], [ -77.043939000227851, 38.840197000128796 ], [ -77.043904000227883, 38.840198000128794 ], [ -77.043878000227949, 38.840208000128769 ], [ -77.04384700022797, 38.840223000128731 ], [ -77.043819000228041, 38.840234000128703 ], [ -77.043793000228106, 38.840245000128675 ], [ -77.043768000228113, 38.840260000128694 ], [ -77.043744000228173, 38.840277000128651 ], [ -77.043718000228182, 38.840295000128606 ], [ -77.043690000228253, 38.840311000128622 ], [ -77.043668000228251, 38.840326000128584 ], [ -77.043650000228297, 38.840344000128539 ], [ -77.043632000228342, 38.840362000128493 ], [ -77.043612000228336, 38.840383000128497 ], [ -77.043594000228381, 38.840402000128449 ], [ -77.043578000228422, 38.840423000128453 ], [ -77.043558000228472, 38.840442000128405 ], [ -77.043538000228466, 38.840462000128355 ], [ -77.043521000228509, 38.840479000128312 ], [ -77.043501000228559, 38.840496000128326 ], [ -77.043475000228568, 38.840511000128288 ], [ -77.043451000228629, 38.84052600012825 ], [ -77.04343200022862, 38.840543000128264 ], [ -77.043406000228686, 38.840558000128226 ], [ -77.043383000228744, 38.840550000128246 ], [ -77.043386000228736, 38.84052200012826 ], [ -77.043399000228703, 38.8405060001283 ], [ -77.043401000228698, 38.840484000128356 ], [ -77.043398000228706, 38.840465000128347 ], [ -77.043386000228736, 38.840442000128405 ], [ -77.043368000228725, 38.840408000128434 ], [ -77.04335800022875, 38.84039000012848 ], [ -77.043345000228783, 38.840373000128523 ], [ -77.043336000228805, 38.840354000128514 ], [ -77.043332000228816, 38.840332000128569 ], [ -77.043324000228836, 38.840311000128622 ], [ -77.043308000228819, 38.840296000128603 ], [ -77.04329200022886, 38.840281000128641 ], [ -77.043285000228877, 38.840261000128692 ], [ -77.043281000228887, 38.840236000128698 ], [ -77.043281000228887, 38.840214000128753 ], [ -77.043287000228872, 38.840196000128799 ], [ -77.043293000228857, 38.840159000128835 ], [ -77.043285000228877, 38.840140000128883 ], [ -77.043271000228913, 38.84012300012887 ], [ -77.043258000228889, 38.84010300012892 ], [ -77.043244000228924, 38.840086000128963 ], [ -77.043233000228952, 38.840066000128957 ], [ -77.043227000228967, 38.84004100012902 ], [ -77.043221000228982, 38.84002100012907 ], [ -77.043209000229012, 38.840005000129054 ], [ -77.043193000228996, 38.839988000129097 ], [ -77.043175000229041, 38.839968000129147 ], [ -77.043154000229094, 38.839949000129138 ], [ -77.043135000229086, 38.839932000129181 ], [ -77.043122000229118, 38.839915000129224 ], [ -77.043118000229128, 38.839896000129272 ], [ -77.043115000229136, 38.839873000129273 ], [ -77.043106000229159, 38.839852000129326 ], [ -77.043093000229192, 38.83983200012932 ], [ -77.04307900022917, 38.839811000129373 ], [ -77.043065000229205, 38.839795000129413 ], [ -77.04300900022929, 38.839763000129437 ], [ -77.042987000229346, 38.839755000129458 ], [ -77.042960000229357, 38.839745000129483 ], [ -77.042932000229428, 38.839734000129511 ], [ -77.042908000229431, 38.839728000129526 ], [ -77.042880000229502, 38.839720000129546 ], [ -77.042856000229563, 38.839713000129507 ], [ -77.042831000229569, 38.839705000129527 ], [ -77.042804000229637, 38.839695000129552 ], [ -77.042776000229651, 38.839687000129572 ], [ -77.042746000229727, 38.839681000129588 ], [ -77.042712000229756, 38.839677000129598 ], [ -77.042684000229826, 38.839671000129613 ], [ -77.042661000229828, 38.839665000129628 ], [ -77.042634000229896, 38.839660000129584 ], [ -77.042608000229905, 38.839656000129594 ], [ -77.042581000229973, 38.839654000129599 ], [ -77.042556000229979, 38.839650000129609 ], [ -77.042527000230052, 38.839646000129619 ], [ -77.042497000230071, 38.839642000129629 ], [ -77.042471000230137, 38.839639000129637 ], [ -77.042439000230161, 38.839637000129642 ], [ -77.042409000230236, 38.839632000129654 ], [ -77.042380000230253, 38.839628000129665 ], [ -77.042348000230334, 38.839625000129672 ], [ -77.04231900023035, 38.839621000129682 ], [ -77.042296000230408, 38.839617000129692 ], [ -77.042267000230424, 38.83961000012971 ], [ -77.042236000230503, 38.839607000129718 ], [ -77.042211000230509, 38.839603000129728 ], [ -77.042182000230582, 38.839599000129681 ], [ -77.042152000230601, 38.839592000129699 ], [ -77.042125000230669, 38.839587000129711 ], [ -77.042102000230727, 38.839582000129724 ], [ -77.042075000230739, 38.839577000129736 ], [ -77.042047000230809, 38.839572000129749 ], [ -77.042020000230821, 38.839567000129762 ], [ -77.041991000230894, 38.839562000129774 ], [ -77.041963000230908, 38.839558000129784 ], [ -77.041937000230973, 38.839554000129795 ], [ -77.04191200023098, 38.839549000129807 ], [ -77.04188400023105, 38.839542000129768 ], [ -77.041860000231054, 38.839538000129778 ], [ -77.041836000231115, 38.839532000129793 ], [ -77.04181000023118, 38.839522000129818 ], [ -77.041784000231189, 38.839516000129834 ], [ -77.041758000231255, 38.839514000129839 ], [ -77.041734000231259, 38.839512000129844 ], [ -77.041707000231327, 38.839512000129844 ], [ -77.041679000231341, 38.839512000129844 ], [ -77.041653000231406, 38.839513000129841 ], [ -77.041623000231425, 38.839514000129839 ], [ -77.041594000231498, 38.839513000129841 ], [ -77.041570000231559, 38.839515000129836 ], [ -77.04154300023157, 38.839516000129834 ], [ -77.041514000231643, 38.839518000129829 ], [ -77.04148900023165, 38.839520000129824 ], [ -77.041455000231736, 38.839520000129824 ], [ -77.041428000231747, 38.839522000129818 ], [ -77.041402000231813, 38.839523000129816 ], [ -77.041378000231816, 38.839525000129811 ], [ -77.041349000231889, 38.839529000129801 ], [ -77.041324000231896, 38.839531000129796 ], [ -77.041299000231959, 38.839534000129788 ], [ -77.041274000231965, 38.839536000129783 ], [ -77.041250000232026, 38.839539000129776 ], [ -77.041225000232089, 38.839541000129771 ], [ -77.041201000232093, 38.839545000129817 ], [ -77.041176000232156, 38.839551000129802 ], [ -77.041152000232159, 38.839560000129779 ], [ -77.04113200023221, 38.839570000129754 ], [ -77.041109000232268, 38.839588000129709 ], [ -77.041092000232254, 38.839608000129715 ], [ -77.041052000232355, 38.8396140001297 ], [ -77.040941000232522, 38.839577000129736 ], [ -77.040917000232525, 38.839558000129784 ], [ -77.040896000232578, 38.839538000129778 ], [ -77.040871000232642, 38.839523000129816 ], [ -77.040793000232725, 38.839496000129884 ], [ -77.040769000232785, 38.839486000129909 ], [ -77.040737000232809, 38.83947900012987 ], [ -77.040706000232888, 38.839468000129898 ], [ -77.040683000232889, 38.839456000129928 ], [ -77.04063500023301, 38.839435000129981 ], [ -77.040608000233021, 38.83942100012996 ], [ -77.040582000233087, 38.839411000129985 ], [ -77.040556000233096, 38.839403000130005 ], [ -77.040534000233151, 38.839392000130033 ], [ -77.040506000233165, 38.839380000130063 ], [ -77.040477000233238, 38.839373000130081 ], [ -77.04045400023324, 38.839366000130042 ], [ -77.040394000233334, 38.839341000130105 ], [ -77.04038000023337, 38.83932300013015 ], [ -77.040319000233467, 38.83931900013016 ], [ -77.04029400023353, 38.839321000130155 ], [ -77.040198000233659, 38.839311000130181 ], [ -77.040175000233717, 38.839306000130136 ], [ -77.040150000233723, 38.839302000130147 ], [ -77.040127000233781, 38.839293000130169 ], [ -77.039975000233994, 38.83927700013021 ], [ -77.039951000234055, 38.839278000130207 ], [ -77.039885000234165, 38.839283000130195 ], [ -77.039825000234259, 38.839279000130205 ], [ -77.039790000234291, 38.8392810001302 ], [ -77.039760000234367, 38.839280000130202 ], [ -77.039707000234444, 38.839275000130215 ], [ -77.039668000234485, 38.839276000130212 ], [ -77.039617000234557, 38.839280000130202 ], [ -77.039591000234623, 38.839284000130192 ], [ -77.039514000234703, 38.839287000130184 ], [ -77.03946500023477, 38.839287000130184 ], [ -77.039408000234914, 38.839285000130189 ], [ -77.039352000234999, 38.8392810001302 ], [ -77.039265000235105, 38.839270000130227 ], [ -77.039199000235214, 38.839266000130237 ], [ -77.039175000235275, 38.839267000130235 ], [ -77.039125000235344, 38.839262000130248 ], [ -77.039092000235371, 38.83926100013025 ], [ -77.039029000235473, 38.839255000130265 ], [ -77.0389960002355, 38.83925300013027 ], [ -77.038966000235575, 38.839250000130221 ], [ -77.038935000235597, 38.839248000130226 ], [ -77.038903000235678, 38.839248000130226 ], [ -77.038663000236056, 38.83926500013024 ], [ -77.038634000236073, 38.839259000130255 ], [ -77.038601000236156, 38.839256000130263 ], [ -77.03854900023623, 38.839262000130248 ], [ -77.038458000236346, 38.839271000130225 ], [ -77.038383000236479, 38.83927700013021 ], [ -77.038356000236547, 38.839280000130202 ], [ -77.038270000236651, 38.839286000130187 ], [ -77.038206000236755, 38.839296000130162 ], [ -77.038179000236767, 38.839291000130174 ], [ -77.038155000236827, 38.839278000130207 ], [ -77.038111000236881, 38.839274000130217 ], [ -77.038057000236961, 38.839280000130202 ], [ -77.038028000237034, 38.839285000130189 ], [ -77.037971000237121, 38.839292000130172 ], [ -77.037916000237203, 38.839301000130149 ], [ -77.037827000237314, 38.839310000130126 ], [ -77.03778100023743, 38.839313000130176 ], [ -77.037720000237528, 38.839320000130158 ], [ -77.037630000237641, 38.839328000130138 ], [ -77.037568000237741, 38.839332000130128 ], [ -77.037538000237817, 38.839333000130125 ], [ -77.037485000237893, 38.839337000130115 ], [ -77.037434000237965, 38.839345000130095 ], [ -77.037418000237949, 38.839359000130059 ], [ -77.037399000237997, 38.839374000130078 ], [ -77.037315000238152, 38.839368000130037 ], [ -77.037283000238176, 38.839367000130039 ], [ -77.037217000238286, 38.839368000130037 ], [ -77.037043000238555, 38.839380000130063 ], [ -77.036968000238687, 38.839386000130048 ], [ -77.036804000238931, 38.83940500013 ], [ -77.036779000238994, 38.83941300012998 ], [ -77.036755000238998, 38.839424000129952 ], [ -77.036733000239053, 38.839440000129969 ], [ -77.03669600023909, 38.839474000129883 ], [ -77.036656000239134, 38.839505000129861 ], [ -77.036632000239194, 38.839529000129801 ], [ -77.036633000239192, 38.8395520001298 ], [ -77.036616000239235, 38.839571000129752 ], [ -77.036583000239261, 38.839573000129747 ], [ -77.036549000239347, 38.839564000129769 ], [ -77.036510000239389, 38.839558000129784 ], [ -77.03647900023941, 38.8395520001298 ], [ -77.036432000239529, 38.83954800012981 ], [ -77.03635100023962, 38.83954800012981 ], [ -77.036320000239698, 38.839546000129815 ], [ -77.036263000239785, 38.83954800012981 ], [ -77.03620300023988, 38.839555000129792 ], [ -77.036174000239896, 38.839560000129779 ], [ -77.036117000239983, 38.839578000129734 ], [ -77.036089000240054, 38.839586000129714 ], [ -77.036059000240073, 38.839597000129686 ], [ -77.036035000240133, 38.839609000129713 ], [ -77.036011000240137, 38.839624000129675 ], [ -77.035983000240208, 38.839638000129639 ], [ -77.035958000240214, 38.839653000129601 ], [ -77.035931000240282, 38.839667000129623 ], [ -77.035902000240355, 38.839679000129593 ], [ -77.035875000240367, 38.839687000129572 ], [ -77.035818000240454, 38.839702000129535 ], [ -77.035792000240519, 38.839710000129514 ], [ -77.035766000240528, 38.839716000129499 ], [ -77.035740000240594, 38.839726000129531 ], [ -77.035718000240593, 38.839739000129498 ], [ -77.035673000240706, 38.839752000129465 ], [ -77.035650000240707, 38.83975400012946 ], [ -77.035612000240803, 38.839748000129475 ], [ -77.03557100024085, 38.839743000129488 ], [ -77.035525000240909, 38.839748000129475 ], [ -77.03550100024097, 38.83975400012946 ], [ -77.035477000240974, 38.83976200012944 ], [ -77.035429000241038, 38.839783000129444 ], [ -77.03537400024112, 38.839801000129398 ], [ -77.035299000241253, 38.839838000129362 ], [ -77.035276000241311, 38.839848000129336 ], [ -77.035225000241383, 38.839866000129291 ], [ -77.035201000241443, 38.839873000129273 ], [ -77.035149000241518, 38.839883000129248 ], [ -77.035123000241526, 38.839893000129223 ], [ -77.035037000241687, 38.839936000129171 ], [ -77.035006000241708, 38.839948000129141 ], [ -77.034972000241794, 38.839958000129172 ], [ -77.034871000241935, 38.839981000129114 ], [ -77.034840000241957, 38.839990000129092 ], [ -77.034808000242037, 38.840001000129064 ], [ -77.034778000242056, 38.840010000129041 ], [ -77.034693000242214, 38.840027000129055 ], [ -77.03466800024222, 38.840034000129037 ], [ -77.034644000242281, 38.840044000129012 ], [ -77.034624000242331, 38.840060000128972 ], [ -77.034593000242353, 38.840101000128925 ], [ -77.034580000242386, 38.840120000128877 ], [ -77.034570000242411, 38.840141000128881 ], [ -77.034554000242395, 38.840183000128775 ], [ -77.034551000242402, 38.840204000128779 ], [ -77.034549000242407, 38.840249000128722 ], [ -77.034549000242407, 38.840269000128671 ], [ -77.034553000242397, 38.840314000128615 ], [ -77.034550000242405, 38.840358000128504 ], [ -77.034543000242422, 38.840401000128452 ], [ -77.034541000242427, 38.84045200012838 ], [ -77.034541000242427, 38.840473000128327 ], [ -77.034550000242405, 38.840573000128188 ], [ -77.0345520002424, 38.840622000128121 ], [ -77.034558000242441, 38.840716000127998 ], [ -77.034555000242392, 38.840757000127894 ], [ -77.034550000242405, 38.840779000127895 ], [ -77.034543000242422, 38.840799000127845 ], [ -77.034531000242453, 38.840815000127805 ], [ -77.03451600024249, 38.840831000127821 ], [ -77.034500000242531, 38.840844000127788 ], [ -77.034425000242607, 38.840873000127715 ], [ -77.034385000242708, 38.840884000127687 ], [ -77.034352000242734, 38.840888000127677 ], [ -77.034287000242841, 38.840877000127705 ], [ -77.034256000242863, 38.84087500012771 ], [ -77.034230000242928, 38.840882000127692 ], [ -77.034212000242974, 38.840869000127725 ], [ -77.034210000242979, 38.840896000127714 ], [ -77.03419900024295, 38.840918000127658 ], [ -77.034193000242965, 38.84093700012761 ], [ -77.034194000242962, 38.840957000127617 ], [ -77.034208000242984, 38.840983000127551 ], [ -77.034252000242873, 38.841035000127476 ], [ -77.034266000242894, 38.841066000127455 ], [ -77.034275000242872, 38.841092000127389 ], [ -77.034279000242861, 38.841121000127316 ], [ -77.034275000242872, 38.841147000127307 ], [ -77.034266000242894, 38.841169000127252 ], [ -77.034251000242875, 38.841188000127261 ], [ -77.034233000242921, 38.84120400012722 ], [ -77.034212000242974, 38.8412120001272 ], [ -77.034185000242985, 38.841229000127157 ], [ -77.03417100024302, 38.841253000127153 ], [ -77.034158000243053, 38.841317000127049 ], [ -77.034143000243034, 38.841400000126896 ], [ -77.034140000243042, 38.84142900012688 ], [ -77.03413300024306, 38.841481000126805 ], [ -77.03412900024307, 38.84154900012669 ], [ -77.034130000243067, 38.841568000126642 ], [ -77.034136000243052, 38.841588000126592 ], [ -77.034107000243125, 38.841602000126613 ], [ -77.034076000243147, 38.841613000126586 ], [ -77.034048000243217, 38.841630000126543 ], [ -77.034030000243206, 38.841653000126541 ], [ -77.034017000243239, 38.841690000126448 ], [ -77.034012000243251, 38.841710000126454 ], [ -77.034010000243256, 38.841732000126399 ], [ -77.034012000243251, 38.841757000126336 ], [ -77.034014000243246, 38.841779000126337 ], [ -77.034016000243241, 38.841802000126279 ], [ -77.034016000243241, 38.84182800012627 ], [ -77.034013000243249, 38.841850000126215 ], [ -77.034009000243259, 38.841874000126154 ], [ -77.034004000243272, 38.841900000126145 ], [ -77.033997000243289, 38.841921000126092 ], [ -77.033993000243299, 38.841945000126088 ], [ -77.033990000243307, 38.841971000126023 ], [ -77.033987000243314, 38.841995000125962 ], [ -77.03398500024332, 38.842020000125956 ], [ -77.033983000243325, 38.842045000125893 ], [ -77.033982000243327, 38.842068000125892 ], [ -77.033980000243332, 38.842094000125826 ], [ -77.033978000243337, 38.842117000125825 ], [ -77.033975000243345, 38.842141000125764 ], [ -77.03397300024335, 38.842167000125698 ], [ -77.033970000243301, 38.842190000125697 ], [ -77.033967000243308, 38.842214000125637 ], [ -77.033964000243316, 38.842238000125633 ], [ -77.033961000243323, 38.842260000125577 ], [ -77.033959000243328, 38.842282000125522 ], [ -77.033958000243331, 38.842305000125521 ], [ -77.033956000243336, 38.842327000125465 ], [ -77.033954000243341, 38.842349000125409 ], [ -77.033954000243341, 38.842372000125408 ], [ -77.033955000243338, 38.842394000125353 ], [ -77.033955000243338, 38.842415000125357 ], [ -77.033955000243338, 38.842437000125301 ], [ -77.033953000243343, 38.842458000125248 ], [ -77.033950000243351, 38.842479000125252 ], [ -77.033947000243359, 38.842500000125199 ], [ -77.033945000243364, 38.842519000125151 ], [ -77.033943000243369, 38.842548000125134 ], [ -77.033944000243366, 38.842573000125071 ], [ -77.033946000243361, 38.84259200012508 ], [ -77.033946000243361, 38.842614000125025 ], [ -77.033943000243369, 38.842646000125001 ], [ -77.033934000243391, 38.842677000124922 ], [ -77.033925000243414, 38.842711000124893 ], [ -77.033920000243427, 38.842745000124808 ], [ -77.033913000243388, 38.842777000124784 ], [ -77.033902000243415, 38.8428100001247 ], [ -77.033887000243453, 38.842842000124676 ], [ -77.033870000243496, 38.842874000124596 ], [ -77.033862000243516, 38.842892000124607 ], [ -77.03385400024348, 38.842910000124562 ], [ -77.033847000243497, 38.842928000124516 ], [ -77.033839000243518, 38.842946000124527 ], [ -77.033831000243538, 38.842964000124482 ], [ -77.033821000243563, 38.842981000124439 ], [ -77.033808000243596, 38.842996000124458 ], [ -77.033794000243574, 38.843012000124418 ], [ -77.033782000243605, 38.843028000124377 ], [ -77.033771000243632, 38.843044000124337 ], [ -77.033749000243688, 38.843076000124313 ], [ -77.033740000243711, 38.843095000124265 ], [ -77.033729000243682, 38.843114000124274 ], [ -77.033718000243709, 38.843134000124223 ], [ -77.033708000243735, 38.843154000124173 ], [ -77.033700000243755, 38.843174000124179 ], [ -77.033692000243775, 38.843194000124129 ], [ -77.033683000243798, 38.843215000124076 ], [ -77.033676000243759, 38.843235000124082 ], [ -77.033670000243774, 38.843256000124029 ], [ -77.033662000243794, 38.843278000123973 ], [ -77.033652000243819, 38.843300000123975 ], [ -77.033643000243842, 38.843320000123924 ], [ -77.033635000243862, 38.843341000123871 ], [ -77.033623000243892, 38.843362000123875 ], [ -77.033611000243866, 38.84338400012382 ], [ -77.033600000243894, 38.843406000123821 ], [ -77.033589000243921, 38.843429000123763 ], [ -77.033575000243957, 38.843452000123705 ], [ -77.033558000243943, 38.843473000123709 ], [ -77.033541000243986, 38.843494000123655 ], [ -77.033526000244024, 38.8435160001236 ], [ -77.033513000244056, 38.843537000123604 ], [ -77.033505000244077, 38.843558000123551 ], [ -77.033498000244037, 38.843580000123552 ], [ -77.033495000244045, 38.843601000123499 ], [ -77.033490000244058, 38.843622000123446 ], [ -77.03348100024408, 38.843644000123447 ], [ -77.033470000244108, 38.843667000123389 ], [ -77.033456000244144, 38.843688000123336 ], [ -77.03344300024412, 38.84370900012334 ], [ -77.033433000244145, 38.843730000123287 ], [ -77.033422000244173, 38.843751000123234 ], [ -77.0334110002442, 38.843773000123235 ], [ -77.033401000244226, 38.843796000123177 ], [ -77.033390000244253, 38.843819000123176 ], [ -77.033380000244222, 38.843843000123115 ], [ -77.033370000244247, 38.843867000123055 ], [ -77.033362000244267, 38.843889000123056 ], [ -77.033355000244285, 38.843912000122998 ], [ -77.033346000244308, 38.843935000122997 ], [ -77.033336000244333, 38.843959000122936 ], [ -77.033326000244301, 38.843982000122878 ], [ -77.033315000244329, 38.844004000122879 ], [ -77.033306000244352, 38.844026000122824 ], [ -77.033296000244377, 38.844048000122825 ], [ -77.033290000244392, 38.844071000122767 ], [ -77.033284000244407, 38.844093000122712 ], [ -77.033276000244427, 38.844115000122713 ], [ -77.033267000244393, 38.844139000122652 ], [ -77.033258000244416, 38.844161000122597 ], [ -77.033248000244441, 38.844184000122596 ], [ -77.033236000244472, 38.844208000122535 ], [ -77.033222000244507, 38.844231000122534 ], [ -77.033207000244488, 38.844254000122476 ], [ -77.033193000244523, 38.84427600012242 ], [ -77.033182000244551, 38.844297000122424 ], [ -77.033173000244574, 38.844318000122371 ], [ -77.033167000244589, 38.844339000122375 ], [ -77.033160000244607, 38.844361000122319 ], [ -77.033156000244617, 38.844383000122264 ], [ -77.033159000244609, 38.844401000122275 ], [ -77.033130000244626, 38.844482000122127 ], [ -77.033103000244694, 38.844495000122095 ], [ -77.033079000244697, 38.844516000122098 ], [ -77.03306600024473, 38.844549000122015 ], [ -77.033064000244735, 38.844570000121962 ], [ -77.033063000244738, 38.844590000121968 ], [ -77.03306200024474, 38.844612000121913 ], [ -77.033057000244753, 38.844634000121914 ], [ -77.033051000244768, 38.844656000121859 ], [ -77.033042000244791, 38.844677000121806 ], [ -77.033033000244757, 38.844699000121807 ], [ -77.033027000244772, 38.844722000121749 ], [ -77.033021000244787, 38.844744000121693 ], [ -77.033017000244797, 38.844766000121695 ], [ -77.033013000244807, 38.844791000121631 ], [ -77.033010000244815, 38.844816000121625 ], [ -77.033007000244822, 38.844841000121562 ], [ -77.033002000244835, 38.844866000121556 ], [ -77.03299600024485, 38.844890000121495 ], [ -77.032990000244865, 38.844917000121427 ], [ -77.032985000244878, 38.844942000121421 ], [ -77.032979000244893, 38.844967000121358 ], [ -77.032973000244851, 38.844994000121346 ], [ -77.032966000244869, 38.845020000121281 ], [ -77.032958000244889, 38.845046000121272 ], [ -77.032954000244899, 38.845072000121206 ], [ -77.032950000244909, 38.845095000121148 ], [ -77.032947000244917, 38.845120000121142 ], [ -77.032944000244925, 38.845145000121079 ], [ -77.032939000244937, 38.845170000121072 ], [ -77.03293400024495, 38.845197000121004 ], [ -77.032928000244965, 38.845223000120995 ], [ -77.032919000244931, 38.845248000120932 ], [ -77.032910000244954, 38.845274000120924 ], [ -77.032903000244971, 38.845296000120868 ], [ -77.032894000244994, 38.84531900012081 ], [ -77.032886000245014, 38.845344000120804 ], [ -77.032880000245029, 38.845369000120741 ], [ -77.032875000245042, 38.845395000120732 ], [ -77.032871000245052, 38.845421000120666 ], [ -77.032867000245062, 38.845446000120603 ], [ -77.032863000245072, 38.845473000120592 ], [ -77.032857000245031, 38.845499000120526 ], [ -77.032853000245041, 38.845518000120535 ], [ -77.032849000245051, 38.845547000120462 ], [ -77.032846000245058, 38.845566000120471 ], [ -77.032841000245071, 38.84558600012042 ], [ -77.032834000245089, 38.84560600012037 ], [ -77.032828000245104, 38.845627000120373 ], [ -77.032824000245114, 38.84564800012032 ], [ -77.032822000245119, 38.845673000120257 ], [ -77.032819000245127, 38.845697000120254 ], [ -77.032814000245139, 38.845721000120193 ], [ -77.032809000245152, 38.845744000120192 ], [ -77.032806000245159, 38.845765000120139 ], [ -77.032804000245164, 38.845784000120091 ], [ -77.032808000245154, 38.845812000120077 ], [ -77.032796000245128, 38.845856000119966 ], [ -77.032779000245171, 38.845883000119954 ], [ -77.032773000245186, 38.845917000119925 ], [ -77.032771000245191, 38.845936000119877 ], [ -77.032766000245203, 38.845956000119827 ], [ -77.032761000245216, 38.845976000119833 ], [ -77.032755000245231, 38.845995000119785 ], [ -77.032748000245249, 38.846016000119732 ], [ -77.032740000245212, 38.846037000119736 ], [ -77.032732000245232, 38.846058000119683 ], [ -77.032726000245248, 38.84607900011963 ], [ -77.032722000245258, 38.846101000119631 ], [ -77.03271700024527, 38.846122000119578 ], [ -77.03271300024528, 38.84614100011953 ], [ -77.032709000245291, 38.846160000119539 ], [ -77.032704000245303, 38.846179000119491 ], [ -77.032698000245318, 38.846197000119446 ], [ -77.032693000245331, 38.846215000119457 ], [ -77.032687000245346, 38.846233000119412 ], [ -77.032682000245302, 38.846252000119364 ], [ -77.032677000245315, 38.84627200011937 ], [ -77.032673000245325, 38.846293000119317 ], [ -77.032669000245335, 38.846314000119264 ], [ -77.032665000245345, 38.846334000119271 ], [ -77.032661000245355, 38.846355000119217 ], [ -77.032656000245368, 38.846380000119154 ], [ -77.032648000245388, 38.846409000119138 ], [ -77.032642000245403, 38.846430000119085 ], [ -77.032638000245413, 38.846451000119089 ], [ -77.032634000245423, 38.846472000119036 ], [ -77.032627000245384, 38.84649400011898 ], [ -77.032620000245402, 38.846518000118976 ], [ -77.032615000245414, 38.846543000118913 ], [ -77.032609000245429, 38.846568000118907 ], [ -77.032605000245439, 38.846595000118839 ], [ -77.032599000245455, 38.846620000118833 ], [ -77.032592000245472, 38.846648000118762 ], [ -77.03258500024549, 38.846673000118699 ], [ -77.03257700024551, 38.846701000118685 ], [ -77.032570000245528, 38.846727000118619 ], [ -77.032561000245494, 38.846750000118618 ], [ -77.032551000245519, 38.846776000118552 ], [ -77.032543000245539, 38.846801000118546 ], [ -77.032536000245557, 38.846827000118481 ], [ -77.032530000245572, 38.846855000118467 ], [ -77.03252700024558, 38.846882000118399 ], [ -77.032525000245585, 38.846909000118387 ], [ -77.03252300024559, 38.846935000118322 ], [ -77.032520000245597, 38.846962000118253 ], [ -77.032517000245605, 38.846988000118245 ], [ -77.032513000245615, 38.847012000118184 ], [ -77.032508000245571, 38.847037000118178 ], [ -77.032500000245591, 38.847063000118112 ], [ -77.032493000245609, 38.847089000118103 ], [ -77.032486000245626, 38.84711400011804 ], [ -77.032480000245641, 38.847141000117972 ], [ -77.032476000245651, 38.847168000117961 ], [ -77.032475000245654, 38.847194000117895 ], [ -77.032473000245659, 38.847218000117891 ], [ -77.032469000245669, 38.847242000117831 ], [ -77.032465000245679, 38.847266000117827 ], [ -77.032460000245692, 38.847288000117771 ], [ -77.032455000245704, 38.847309000117718 ], [ -77.03245000024566, 38.847329000117725 ], [ -77.032447000245668, 38.847350000117672 ], [ -77.032443000245678, 38.847370000117621 ], [ -77.032440000245685, 38.847392000117623 ], [ -77.032436000245696, 38.847412000117572 ], [ -77.032425000245723, 38.847443000117551 ], [ -77.032414000245751, 38.847466000117493 ], [ -77.032416000245746, 38.847489000117434 ], [ -77.032413000245754, 38.847516000117423 ], [ -77.032406000245771, 38.84754100011736 ], [ -77.032394000245802, 38.847562000117364 ], [ -77.032390000245755, 38.847593000117286 ], [ -77.032390000245755, 38.847614000117289 ], [ -77.032389000245757, 38.847636000117234 ], [ -77.032386000245765, 38.847660000117173 ], [ -77.03238400024577, 38.847685000117167 ], [ -77.032382000245775, 38.847710000117104 ], [ -77.032381000245778, 38.847736000117095 ], [ -77.032378000245785, 38.847761000117032 ], [ -77.03237600024579, 38.847787000117023 ], [ -77.032374000245795, 38.847813000116957 ], [ -77.032373000245798, 38.847839000116892 ], [ -77.032371000245803, 38.847865000116883 ], [ -77.032267000245952, 38.848016000116615 ], [ -77.032301000245923, 38.848136000116483 ], [ -77.032295000245938, 38.848188000116352 ], [ -77.03229400024594, 38.848206000116363 ], [ -77.032296000245935, 38.848225000116315 ], [ -77.03229800024593, 38.848246000116262 ], [ -77.032299000245928, 38.848267000116266 ], [ -77.032300000245925, 38.848287000116215 ], [ -77.032303000245918, 38.848306000116168 ], [ -77.032304000245915, 38.848326000116174 ], [ -77.03230600024591, 38.848349000116116 ], [ -77.032307000245908, 38.848371000116117 ], [ -77.032308000245905, 38.848401000116041 ], [ -77.032309000245903, 38.848419000115996 ], [ -77.032309000245903, 38.848437000116007 ], [ -77.032308000245905, 38.848456000115959 ], [ -77.032308000245905, 38.848476000115909 ], [ -77.032308000245905, 38.848497000115913 ], [ -77.032303000245918, 38.848525000115842 ], [ -77.03230200024592, 38.848594000115725 ], [ -77.032297000245933, 38.848694000115586 ], [ -77.032292000245945, 38.84878900011546 ], [ -77.032292000245945, 38.848808000115412 ], [ -77.032291000245948, 38.848831000115354 ], [ -77.032290000245951, 38.848856000115347 ], [ -77.032288000245956, 38.848882000115282 ], [ -77.032287000245958, 38.848911000115265 ], [ -77.032286000245961, 38.84894100011519 ], [ -77.032286000245961, 38.848972000115168 ], [ -77.032284000245966, 38.849004000115087 ], [ -77.032281000245973, 38.849036000115063 ], [ -77.032279000245978, 38.84906900011498 ], [ -77.032278000245981, 38.849103000114951 ], [ -77.032278000245981, 38.84913800011492 ], [ -77.032277000245983, 38.849174000114829 ], [ -77.032273000245937, 38.849241000114716 ], [ -77.032274000245934, 38.849269000114703 ], [ -77.032273000245937, 38.849293000114642 ], [ -77.032271000245942, 38.849320000114631 ], [ -77.032269000245947, 38.849345000114567 ], [ -77.032269000245947, 38.849372000114556 ], [ -77.032269000245947, 38.849398000114491 ], [ -77.032269000245947, 38.849424000114482 ], [ -77.032270000245944, 38.849449000114419 ], [ -77.032269000245947, 38.849467000114373 ], [ -77.032268000245949, 38.849487000114379 ], [ -77.032267000245952, 38.849507000114329 ], [ -77.032265000245957, 38.849526000114281 ], [ -77.032264000245959, 38.849548000114282 ], [ -77.032263000245962, 38.849572000114222 ], [ -77.032261000245967, 38.849597000114215 ], [ -77.032259000245972, 38.849622000114152 ], [ -77.032255000245982, 38.849648000114087 ], [ -77.032249000245997, 38.849676000114073 ], [ -77.032245000246007, 38.849705000114 ], [ -77.032242000246015, 38.849734000113983 ], [ -77.032238000246025, 38.84976300011391 ], [ -77.032233000246038, 38.849793000113891 ], [ -77.03222800024605, 38.849818000113828 ], [ -77.032221000246068, 38.849841000113827 ], [ -77.032212000246034, 38.849862000113774 ], [ -77.032200000246064, 38.849880000113728 ], [ -77.032186000246099, 38.850074000113466 ], [ -77.032196000246074, 38.85009600011341 ], [ -77.032143000246151, 38.850287000113099 ], [ -77.032147000246141, 38.85031300011309 ], [ -77.032151000246131, 38.850340000113022 ], [ -77.032154000246123, 38.850366000113013 ], [ -77.032158000246113, 38.850394000112942 ], [ -77.032163000246157, 38.850422000112928 ], [ -77.032167000246147, 38.850451000112855 ], [ -77.032171000246137, 38.850481000112836 ], [ -77.032176000246125, 38.850509000112766 ], [ -77.032181000246112, 38.850540000112744 ], [ -77.032186000246099, 38.850570000112668 ], [ -77.032190000246089, 38.850601000112647 ], [ -77.032194000246079, 38.850632000112569 ], [ -77.032198000246069, 38.850663000112547 ], [ -77.032202000246059, 38.850694000112469 ], [ -77.032205000246051, 38.850725000112448 ], [ -77.032208000246044, 38.850756000112369 ], [ -77.032211000246036, 38.850787000112348 ], [ -77.032213000246031, 38.850817000112272 ], [ -77.032214000246029, 38.850847000112253 ], [ -77.032216000246024, 38.8508680001122 ], [ -77.03222000024607, 38.850900000112176 ], [ -77.032222000246065, 38.850926000112111 ], [ -77.032223000246063, 38.850954000112097 ], [ -77.032222000246065, 38.850984000112021 ], [ -77.03222000024607, 38.851015000112 ], [ -77.032218000246019, 38.851047000111919 ], [ -77.032218000246019, 38.851078000111897 ], [ -77.032217000246021, 38.851108000111822 ], [ -77.032216000246024, 38.8511390001118 ], [ -77.032216000246024, 38.851170000111722 ], [ -77.032218000246019, 38.851200000111703 ], [ -77.03222000024607, 38.851230000111627 ], [ -77.032218000246019, 38.851260000111608 ], [ -77.032214000246029, 38.851292000111584 ], [ -77.032209000246041, 38.851325000111501 ], [ -77.032204000246054, 38.85135600011148 ], [ -77.032200000246064, 38.851388000111399 ], [ -77.032198000246069, 38.851419000111377 ], [ -77.032198000246069, 38.851450000111299 ], [ -77.032199000246067, 38.851482000111275 ], [ -77.032202000246059, 38.851513000111197 ], [ -77.032204000246054, 38.851544000111176 ], [ -77.032206000246049, 38.851575000111097 ], [ -77.032208000246044, 38.851608000111071 ], [ -77.032209000246041, 38.85164000011099 ], [ -77.032211000246036, 38.851672000110966 ], [ -77.032214000246029, 38.851702000110947 ], [ -77.032219000246073, 38.851731000110874 ], [ -77.032223000246063, 38.851762000110853 ], [ -77.032229000246048, 38.851794000110772 ], [ -77.032235000246033, 38.851820000110763 ], [ -77.032241000246017, 38.8518450001107 ], [ -77.032248000246, 38.851870000110637 ], [ -77.03225200024599, 38.85189500011063 ], [ -77.032257000245977, 38.85192300011056 ], [ -77.032262000245964, 38.851953000110541 ], [ -77.032269000245947, 38.85198500011046 ], [ -77.032273000245937, 38.852018000110434 ], [ -77.032278000245981, 38.85205100011035 ], [ -77.032281000245973, 38.852084000110324 ], [ -77.032283000245968, 38.852114000110305 ], [ -77.032283000245968, 38.852145000110227 ], [ -77.032279000245978, 38.852172000110215 ], [ -77.032273000245937, 38.85219800011015 ], [ -77.032267000245952, 38.852222000110089 ], [ -77.032262000245964, 38.852245000110088 ], [ -77.032263000245962, 38.852270000110025 ], [ -77.032265000245957, 38.852294000110021 ], [ -77.032269000245947, 38.85231800010996 ], [ -77.032279000245978, 38.852343000109897 ], [ -77.032293000245943, 38.852366000109896 ], [ -77.032307000245908, 38.852391000109833 ], [ -77.032319000245877, 38.852416000109827 ], [ -77.032327000245857, 38.852444000109756 ], [ -77.032336000245891, 38.85247300010974 ], [ -77.032345000245869, 38.852503000109664 ], [ -77.032355000245843, 38.852533000109645 ], [ -77.032366000245815, 38.852562000109572 ], [ -77.032375000245793, 38.852594000109548 ], [ -77.03238400024577, 38.85262500010947 ], [ -77.032393000245747, 38.852657000109446 ], [ -77.032403000245779, 38.852689000109365 ], [ -77.032412000245756, 38.852719000109346 ], [ -77.032420000245736, 38.852751000109265 ], [ -77.032429000245713, 38.852782000109244 ], [ -77.032439000245688, 38.85281400010922 ], [ -77.032449000245663, 38.852845000109141 ], [ -77.032457000245699, 38.852878000109115 ], [ -77.032463000245684, 38.852909000109037 ], [ -77.032470000245667, 38.85294200010901 ], [ -77.032477000245649, 38.852975000108927 ], [ -77.032483000245634, 38.853009000108898 ], [ -77.032488000245621, 38.853043000108812 ], [ -77.032493000245609, 38.853077000108783 ], [ -77.032498000245596, 38.853110000108757 ], [ -77.032503000245583, 38.853143000108673 ], [ -77.032510000245566, 38.853175000108649 ], [ -77.032517000245605, 38.853209000108563 ], [ -77.03252300024559, 38.853242000108537 ], [ -77.032528000245577, 38.853274000108456 ], [ -77.032534000245562, 38.853306000108432 ], [ -77.032539000245549, 38.853340000108403 ], [ -77.032544000245537, 38.853372000108322 ], [ -77.032550000245521, 38.853402000108304 ], [ -77.032555000245509, 38.85343100010823 ], [ -77.032560000245496, 38.853460000108214 ], [ -77.032565000245484, 38.853488000108143 ], [ -77.032570000245528, 38.853517000108127 ], [ -77.032576000245513, 38.853545000108056 ], [ -77.03258500024549, 38.853572000108045 ], [ -77.032594000245467, 38.853598000107979 ], [ -77.032602000245447, 38.853627000107906 ], [ -77.032609000245429, 38.853657000107887 ], [ -77.032616000245412, 38.853687000107811 ], [ -77.032622000245397, 38.853717000107793 ], [ -77.032629000245436, 38.853746000107719 ], [ -77.032635000245421, 38.853773000107708 ], [ -77.032641000245405, 38.853801000107637 ], [ -77.032646000245393, 38.853827000107628 ], [ -77.032652000245378, 38.853851000107568 ], [ -77.03265500024537, 38.853871000107574 ], [ -77.032658000245362, 38.853893000107519 ], [ -77.03266300024535, 38.853926000107492 ], [ -77.032666000245342, 38.853947000107439 ], [ -77.032668000245337, 38.853972000107376 ], [ -77.032664000245347, 38.853998000107367 ], [ -77.03265900024536, 38.854023000107304 ], [ -77.03265500024537, 38.854046000107303 ], [ -77.032654000245373, 38.85407100010724 ], [ -77.03265900024536, 38.854096000107177 ], [ -77.03266700024534, 38.854123000107165 ], [ -77.03267500024532, 38.8541490001071 ], [ -77.032681000245304, 38.854177000107086 ], [ -77.032686000245349, 38.854205000107015 ], [ -77.032692000245333, 38.854233000107001 ], [ -77.032697000245321, 38.854261000106931 ], [ -77.032704000245303, 38.854286000106924 ], [ -77.03271300024528, 38.854312000106859 ], [ -77.032722000245258, 38.85433800010685 ], [ -77.032732000245232, 38.854364000106784 ], [ -77.032743000245205, 38.854391000106773 ], [ -77.032752000245239, 38.854419000106702 ], [ -77.032759000245221, 38.854443000106642 ], [ -77.032765000245206, 38.854462000106651 ], [ -77.032771000245191, 38.8544820001066 ], [ -77.032775000245181, 38.854500000106555 ], [ -77.032782000245163, 38.854523000106553 ], [ -77.032789000245145, 38.854546000106495 ], [ -77.032796000245128, 38.854572000106486 ], [ -77.032803000245167, 38.854598000106421 ], [ -77.032809000245152, 38.85462500010641 ], [ -77.032816000245134, 38.854651000106344 ], [ -77.032822000245119, 38.854677000106278 ], [ -77.032828000245104, 38.854701000106274 ], [ -77.032833000245091, 38.854725000106214 ], [ -77.032837000245081, 38.854750000106208 ], [ -77.032841000245071, 38.854775000106144 ], [ -77.032843000245066, 38.854799000106141 ], [ -77.032841000245071, 38.85482300010608 ], [ -77.032836000245084, 38.854848000106017 ], [ -77.032833000245091, 38.854875000106006 ], [ -77.032832000245094, 38.85490100010594 ], [ -77.032834000245089, 38.854928000105929 ], [ -77.032835000245086, 38.854955000105861 ], [ -77.032836000245084, 38.854982000105849 ], [ -77.032839000245076, 38.855006000105789 ], [ -77.032843000245066, 38.855027000105736 ], [ -77.032849000245051, 38.855045000105747 ], [ -77.032863000245072, 38.855077000105666 ], [ -77.032877000245037, 38.855100000105665 ], [ -77.032892000244999, 38.855132000105584 ], [ -77.032935000244947, 38.855225000105463 ], [ -77.032948000244915, 38.855248000105405 ], [ -77.032967000244867, 38.855276000105391 ], [ -77.032978000244839, 38.855292000105351 ], [ -77.03298800024487, 38.855311000105303 ], [ -77.03300000024484, 38.855332000105307 ], [ -77.033011000244812, 38.855351000105259 ], [ -77.033021000244787, 38.855369000105213 ], [ -77.033031000244762, 38.855387000105225 ], [ -77.033041000244793, 38.855406000105177 ], [ -77.033051000244768, 38.855427000105124 ], [ -77.033064000244735, 38.85544700010513 ], [ -77.033079000244697, 38.855465000105085 ], [ -77.033091000244667, 38.855485000105034 ], [ -77.033100000244701, 38.855508000105033 ], [ -77.033110000244676, 38.85552900010498 ], [ -77.033120000244651, 38.855549000104929 ], [ -77.033131000244623, 38.855570000104933 ], [ -77.033142000244595, 38.855593000104875 ], [ -77.033153000244567, 38.855614000104822 ], [ -77.033165000244594, 38.855635000104826 ], [ -77.033179000244559, 38.855656000104773 ], [ -77.033192000244526, 38.855680000104769 ], [ -77.033203000244498, 38.855702000104714 ], [ -77.033215000244525, 38.855722000104663 ], [ -77.033229000244489, 38.855744000104664 ], [ -77.033242000244456, 38.855768000104604 ], [ -77.033257000244419, 38.855789000104551 ], [ -77.033274000244433, 38.855807000104562 ], [ -77.033289000244395, 38.855825000104517 ], [ -77.033301000244364, 38.855847000104461 ], [ -77.033311000244339, 38.855869000104462 ], [ -77.033321000244314, 38.855889000104412 ], [ -77.03333300024434, 38.855909000104361 ], [ -77.033348000244303, 38.855931000104363 ], [ -77.033363000244265, 38.855953000104307 ], [ -77.033375000244234, 38.855973000104314 ], [ -77.033386000244207, 38.855994000104261 ], [ -77.033398000244233, 38.856017000104202 ], [ -77.033409000244205, 38.856040000104201 ], [ -77.03341900024418, 38.856059000104153 ], [ -77.033429000244155, 38.856079000104103 ], [ -77.033440000244127, 38.856102000104102 ], [ -77.033450000244159, 38.856125000104043 ], [ -77.033460000244133, 38.85614500010405 ], [ -77.033471000244106, 38.856165000103999 ], [ -77.033484000244073, 38.856188000103941 ], [ -77.033499000244035, 38.85621100010394 ], [ -77.033511000244062, 38.856232000103887 ], [ -77.033523000244031, 38.856252000103837 ], [ -77.033534000244003, 38.856276000103833 ], [ -77.033545000243976, 38.856299000103775 ], [ -77.033556000243948, 38.856320000103779 ], [ -77.033564000243985, 38.856340000103728 ], [ -77.033573000243962, 38.85636300010367 ], [ -77.033583000243937, 38.856385000103671 ], [ -77.033593000243911, 38.856405000103621 ], [ -77.033603000243886, 38.85642500010357 ], [ -77.033613000243861, 38.856447000103572 ], [ -77.033626000243885, 38.856469000103516 ], [ -77.033640000243849, 38.856488000103468 ], [ -77.033657000243807, 38.856508000103474 ], [ -77.033671000243771, 38.856530000103419 ], [ -77.033683000243798, 38.856553000103418 ], [ -77.033695000243767, 38.85657200010337 ], [ -77.033708000243735, 38.856591000103322 ], [ -77.033720000243704, 38.856611000103328 ], [ -77.033732000243674, 38.856635000103267 ], [ -77.033742000243706, 38.856656000103214 ], [ -77.033753000243678, 38.856675000103223 ], [ -77.033765000243648, 38.856698000103165 ], [ -77.03378000024361, 38.856721000103107 ], [ -77.033793000243577, 38.856742000103111 ], [ -77.033803000243608, 38.85676200010306 ], [ -77.033812000243586, 38.856786000103057 ], [ -77.033822000243561, 38.856810000102996 ], [ -77.033831000243538, 38.856829000102948 ], [ -77.033840000243515, 38.856848000102957 ], [ -77.033851000243487, 38.856869000102904 ], [ -77.033863000243514, 38.856890000102851 ], [ -77.033874000243486, 38.856911000102855 ], [ -77.033885000243458, 38.856930000102807 ], [ -77.033897000243428, 38.856949000102759 ], [ -77.033909000243398, 38.85697100010276 ], [ -77.033919000243429, 38.856993000102705 ], [ -77.033929000243404, 38.857014000102652 ], [ -77.033941000243374, 38.857035000102655 ], [ -77.033954000243341, 38.8570570001026 ], [ -77.033967000243308, 38.857079000102601 ], [ -77.033979000243335, 38.857100000102548 ], [ -77.033992000243302, 38.857120000102498 ], [ -77.034004000243272, 38.857142000102499 ], [ -77.034015000243244, 38.857162000102448 ], [ -77.034023000243224, 38.857182000102398 ], [ -77.034032000243258, 38.857201000102407 ], [ -77.034041000243235, 38.857223000102351 ], [ -77.034050000243212, 38.857246000102293 ], [ -77.034060000243187, 38.857267000102297 ], [ -77.034070000243162, 38.857287000102247 ], [ -77.034080000243137, 38.857309000102191 ], [ -77.034087000243119, 38.85733200010219 ], [ -77.034091000243166, 38.857353000102137 ], [ -77.034095000243155, 38.857373000102143 ], [ -77.03410100024314, 38.857396000102085 ], [ -77.034110000243118, 38.857420000102024 ], [ -77.0341170002431, 38.857438000102036 ], [ -77.034122000243087, 38.857457000101988 ], [ -77.034126000243077, 38.857479000101932 ], [ -77.034130000243067, 38.857503000101929 ], [ -77.034135000243054, 38.857525000101873 ], [ -77.034139000243044, 38.857544000101825 ], [ -77.034144000243032, 38.857564000101831 ], [ -77.034148000243079, 38.857584000101781 ], [ -77.034153000243066, 38.857603000101733 ], [ -77.034155000243061, 38.857624000101737 ], [ -77.034159000243051, 38.857652000101666 ], [ -77.034170000243023, 38.857680000101652 ], [ -77.034197000242955, 38.857707000101584 ], [ -77.034217000242961, 38.857736000101568 ], [ -77.034228000242933, 38.857754000101522 ], [ -77.034240000242903, 38.857770000101482 ], [ -77.034265000242897, 38.857800000101463 ], [ -77.034279000242861, 38.857815000101425 ], [ -77.034295000242821, 38.857831000101385 ], [ -77.034313000242776, 38.857847000101401 ], [ -77.034328000242795, 38.857863000101361 ], [ -77.034357000242721, 38.857889000101295 ], [ -77.034372000242683, 38.857903000101317 ], [ -77.034387000242702, 38.857920000101274 ], [ -77.034403000242662, 38.857936000101233 ], [ -77.034417000242627, 38.857951000101195 ], [ -77.034430000242594, 38.857966000101214 ], [ -77.03444200024262, 38.857982000101174 ], [ -77.034453000242593, 38.858000000101129 ], [ -77.03446200024257, 38.858019000101137 ], [ -77.034480000242525, 38.858049000101062 ], [ -77.034489000242502, 38.858066000101019 ], [ -77.034502000242526, 38.858083000101033 ], [ -77.034514000242496, 38.85810400010098 ], [ -77.03452400024247, 38.858123000100932 ], [ -77.03454400024242, 38.858153000100913 ], [ -77.034555000242392, 38.858171000100867 ], [ -77.034568000242416, 38.858190000100876 ], [ -77.034586000242371, 38.858221000100798 ], [ -77.03459800024234, 38.858258000100761 ], [ -77.034605000242323, 38.858279000100708 ], [ -77.0346140002423, 38.858296000100665 ], [ -77.034633000242309, 38.858327000100644 ], [ -77.034642000242286, 38.858346000100596 ], [ -77.034651000242263, 38.858364000100551 ], [ -77.034659000242243, 38.858381000100565 ], [ -77.034678000242252, 38.858414000100481 ], [ -77.034688000242227, 38.85843300010049 ], [ -77.034698000242201, 38.858455000100435 ], [ -77.034707000242179, 38.858472000100392 ], [ -77.034725000242133, 38.858504000100368 ], [ -77.034735000242165, 38.85852300010032 ], [ -77.034744000242142, 38.858543000100326 ], [ -77.034753000242119, 38.858560000100283 ], [ -77.034772000242071, 38.8585930001002 ], [ -77.034780000242051, 38.858614000100204 ], [ -77.034788000242031, 38.858633000100156 ], [ -77.034796000242068, 38.858650000100113 ], [ -77.034817000242015, 38.858684000100084 ], [ -77.034826000241992, 38.858703000100036 ], [ -77.034834000241972, 38.858722000100045 ], [ -77.034849000241991, 38.858754000099964 ], [ -77.034858000241968, 38.858772000099918 ], [ -77.034867000241945, 38.858793000099922 ], [ -77.034876000241923, 38.858810000099879 ], [ -77.03489300024188, 38.858839000099863 ], [ -77.034901000241859, 38.85885600009982 ], [ -77.034908000241899, 38.858876000099769 ], [ -77.034916000241878, 38.858895000099778 ], [ -77.034933000241836, 38.858925000099703 ], [ -77.034949000241795, 38.858961000099669 ], [ -77.034958000241772, 38.858979000099623 ], [ -77.034975000241786, 38.859009000099604 ], [ -77.034984000241764, 38.859026000099561 ], [ -77.034992000241743, 38.859044000099516 ], [ -77.034999000241726, 38.85906200009947 ], [ -77.035011000241695, 38.859094000099446 ], [ -77.03501700024168, 38.859112000099401 ], [ -77.035023000241665, 38.85913100009941 ], [ -77.035030000241704, 38.859149000099364 ], [ -77.035042000241674, 38.859178000099291 ], [ -77.035048000241659, 38.859215000099255 ], [ -77.035049000241656, 38.859235000099204 ], [ -77.035052000241649, 38.859266000099183 ], [ -77.035055000241641, 38.859299000099099 ], [ -77.035058000241634, 38.859317000099111 ], [ -77.035065000241616, 38.859348000099033 ], [ -77.035084000241625, 38.859376000099019 ], [ -77.035100000241584, 38.859391000098981 ], [ -77.035116000241544, 38.859408000098938 ], [ -77.035130000241509, 38.859424000098954 ], [ -77.035154000241505, 38.859452000098884 ], [ -77.035166000241475, 38.859468000098843 ], [ -77.035180000241439, 38.85948400009886 ], [ -77.035204000241436, 38.859512000098789 ], [ -77.03522600024138, 38.85954200009877 ], [ -77.035237000241352, 38.859560000098725 ], [ -77.035250000241319, 38.859576000098684 ], [ -77.035273000241318, 38.859603000098673 ], [ -77.03529600024126, 38.859635000098592 ], [ -77.03530800024123, 38.859654000098601 ], [ -77.035319000241259, 38.859670000098561 ], [ -77.035332000241226, 38.859685000098523 ], [ -77.035359000241158, 38.859715000098504 ], [ -77.03537400024112, 38.859733000098458 ], [ -77.035387000241144, 38.859749000098418 ], [ -77.035412000241081, 38.859773000098414 ], [ -77.035440000241067, 38.859794000098361 ], [ -77.035475000240979, 38.859816000098306 ], [ -77.03551300024094, 38.859834000098317 ], [ -77.035548000240851, 38.859853000098269 ], [ -77.035581000240825, 38.859873000098219 ], [ -77.035614000240798, 38.85989500009822 ], [ -77.03564500024072, 38.859917000098164 ], [ -77.035677000240696, 38.859938000098111 ], [ -77.035693000240656, 38.859952000098133 ], [ -77.035712000240608, 38.8599650000981 ], [ -77.035729000240622, 38.859979000098065 ], [ -77.035744000240584, 38.859993000098029 ], [ -77.035760000240543, 38.860006000098053 ], [ -77.035791000240522, 38.86003100009799 ], [ -77.035807000240482, 38.860046000097952 ], [ -77.035837000240406, 38.860074000097939 ], [ -77.035867000240387, 38.860098000097878 ], [ -77.035895000240316, 38.860127000097862 ], [ -77.035910000240335, 38.860143000097821 ], [ -77.035925000240297, 38.860158000097783 ], [ -77.035944000240249, 38.860174000097743 ], [ -77.035963000240258, 38.860194000097749 ], [ -77.035984000240205, 38.860215000097696 ], [ -77.03601000024014, 38.860237000097698 ], [ -77.036035000240133, 38.860263000097632 ], [ -77.036061000240068, 38.860287000097571 ], [ -77.036087000240059, 38.860308000097575 ], [ -77.036114000239991, 38.86033000009752 ], [ -77.036145000239969, 38.860354000097516 ], [ -77.036175000239894, 38.860377000097458 ], [ -77.036205000239875, 38.86039600009741 ], [ -77.036233000239804, 38.860419000097409 ], [ -77.03626100023979, 38.860442000097351 ], [ -77.036291000239714, 38.860465000097292 ], [ -77.036321000239695, 38.860489000097289 ], [ -77.036338000239653, 38.860502000097256 ], [ -77.036368000239577, 38.860525000097198 ], [ -77.036400000239553, 38.860548000097197 ], [ -77.036431000239531, 38.860572000097136 ], [ -77.036465000239446, 38.860594000097137 ], [ -77.036496000239424, 38.860615000097084 ], [ -77.036525000239351, 38.860637000097029 ], [ -77.036556000239329, 38.86065900009703 ], [ -77.036588000239249, 38.860683000096969 ], [ -77.036617000239232, 38.860706000096968 ], [ -77.036647000239157, 38.860727000096915 ], [ -77.036663000239173, 38.86074100009688 ], [ -77.036691000239102, 38.860768000096868 ], [ -77.036721000239083, 38.860793000096805 ], [ -77.036749000239013, 38.860819000096797 ], [ -77.03677400023895, 38.860847000096726 ], [ -77.036795000238953, 38.860876000096653 ], [ -77.036815000238903, 38.860905000096636 ], [ -77.036829000238868, 38.860935000096561 ], [ -77.036840000238897, 38.860960000096554 ], [ -77.036843000238889, 38.860986000096489 ], [ -77.036844000238887, 38.861009000096487 ], [ -77.036830000238865, 38.861025000096447 ], [ -77.036806000238926, 38.861039000096412 ], [ -77.036785000238979, 38.861052000096379 ], [ -77.036779000238994, 38.86107400009638 ], [ -77.036785000238979, 38.861097000096322 ], [ -77.036805000238928, 38.861111000096287 ], [ -77.036833000238857, 38.861122000096316 ], [ -77.036864000238836, 38.861135000096283 ], [ -77.036898000238807, 38.861143000096263 ], [ -77.036937000238709, 38.861149000096248 ], [ -77.036974000238672, 38.861155000096232 ], [ -77.03701300023863, 38.861158000096225 ], [ -77.037057000238519, 38.861159000096222 ], [ -77.037098000238473, 38.861159000096222 ], [ -77.037139000238426, 38.861157000096227 ], [ -77.03718100023832, 38.861155000096232 ], [ -77.037221000238276, 38.861155000096232 ], [ -77.037259000238237, 38.86115200009624 ], [ -77.037301000238131, 38.86114800009625 ], [ -77.037336000238099, 38.861146000096255 ], [ -77.037372000238065, 38.861147000096253 ], [ -77.037403000237987, 38.86115200009624 ], [ -77.037430000237975, 38.86116000009622 ], [ -77.0374600002379, 38.861169000096197 ], [ -77.037486000237891, 38.861181000096224 ], [ -77.037513000237823, 38.861201000096173 ], [ -77.037543000237804, 38.861223000096118 ], [ -77.037564000237751, 38.861241000096129 ], [ -77.037585000237698, 38.861265000096068 ], [ -77.037604000237707, 38.861294000096052 ], [ -77.037620000237666, 38.861318000095991 ], [ -77.037631000237639, 38.861337000095943 ], [ -77.037633000237633, 38.86136100009594 ], [ -77.037633000237633, 38.861384000095882 ], [ -77.037635000237628, 38.861410000095873 ], [ -77.037638000237621, 38.86143500009581 ], [ -77.037647000237598, 38.861463000095796 ], [ -77.037659000237625, 38.861490000095728 ], [ -77.037671000237594, 38.861524000095699 ], [ -77.037683000237564, 38.86155500009562 ], [ -77.037695000237534, 38.861580000095614 ], [ -77.037698000237526, 38.861600000095564 ], [ -77.037688000237551, 38.861617000095521 ], [ -77.037679000237574, 38.86164000009552 ], [ -77.037689000237549, 38.861663000095461 ], [ -77.03771500023754, 38.861670000095444 ], [ -77.037732000237497, 38.861691000095391 ], [ -77.037742000237472, 38.861722000095369 ], [ -77.037748000237457, 38.861741000095321 ], [ -77.037754000237442, 38.861759000095333 ], [ -77.037766000237411, 38.861794000095244 ], [ -77.037772000237453, 38.861812000095199 ], [ -77.03777700023744, 38.861831000095208 ], [ -77.037782000237428, 38.861849000095162 ], [ -77.037792000237403, 38.861882000095136 ], [ -77.037803000237375, 38.86191600009505 ], [ -77.037811000237355, 38.861948000095026 ], [ -77.037818000237337, 38.861981000094943 ], [ -77.037823000237324, 38.862000000094952 ], [ -77.037826000237317, 38.862018000094906 ], [ -77.037832000237358, 38.862049000094885 ], [ -77.037840000237338, 38.862083000094799 ], [ -77.037848000237318, 38.862116000094773 ], [ -77.037854000237303, 38.862148000094692 ], [ -77.037858000237293, 38.862166000094703 ], [ -77.037861000237285, 38.862184000094658 ], [ -77.037866000237273, 38.862217000094574 ], [ -77.037870000237263, 38.862252000094543 ], [ -77.037873000237255, 38.862271000094495 ], [ -77.037876000237247, 38.862289000094506 ], [ -77.037878000237242, 38.862307000094461 ], [ -77.03788300023723, 38.862342000094429 ], [ -77.037885000237225, 38.862360000094384 ], [ -77.037889000237271, 38.862392000094303 ], [ -77.037893000237261, 38.862427000094272 ], [ -77.037896000237254, 38.862447000094221 ], [ -77.037899000237246, 38.862465000094232 ], [ -77.037903000237236, 38.862497000094152 ], [ -77.037906000237228, 38.862515000094163 ], [ -77.037908000237223, 38.862535000094113 ], [ -77.037915000237206, 38.862568000094029 ], [ -77.037920000237193, 38.862603000093998 ], [ -77.037928000237173, 38.862637000093969 ], [ -77.037935000237155, 38.862667000093893 ], [ -77.037944000237133, 38.862702000093861 ], [ -77.037952000237169, 38.862734000093781 ], [ -77.037960000237149, 38.862763000093764 ], [ -77.037964000237139, 38.862798000093676 ], [ -77.037964000237139, 38.862828000093657 ], [ -77.037967000237131, 38.862857000093584 ], [ -77.037971000237121, 38.862890000093557 ], [ -77.037976000237109, 38.862920000093482 ], [ -77.037982000237093, 38.862949000093465 ], [ -77.037991000237071, 38.862980000093387 ], [ -77.037996000237058, 38.863007000093376 ], [ -77.038000000237048, 38.863035000093305 ], [ -77.038004000237038, 38.863070000093273 ], [ -77.03800300023704, 38.863098000093203 ], [ -77.038000000237048, 38.863127000093186 ], [ -77.037998000237053, 38.863159000093162 ], [ -77.038001000237045, 38.863187000093092 ], [ -77.038008000237085, 38.863214000093024 ], [ -77.038021000237052, 38.863239000093017 ], [ -77.038040000237004, 38.863257000092972 ], [ -77.038060000236953, 38.863275000092983 ], [ -77.038082000236955, 38.863293000092938 ], [ -77.038109000236886, 38.863302000092915 ], [ -77.038131000236888, 38.863310000092895 ], [ -77.038147000236847, 38.863329000092847 ], [ -77.038164000236804, 38.863342000092871 ], [ -77.038183000236813, 38.863354000092841 ], [ -77.038207000236753, 38.86336200009282 ], [ -77.03823600023668, 38.863368000092805 ], [ -77.038271000236648, 38.863372000092795 ], [ -77.038307000236614, 38.863375000092788 ], [ -77.038342000236526, 38.863375000092788 ], [ -77.038380000236486, 38.863371000092798 ], [ -77.038420000236442, 38.863368000092805 ], [ -77.038458000236346, 38.863364000092815 ], [ -77.038489000236325, 38.863359000092828 ], [ -77.038520000236247, 38.863355000092838 ], [ -77.038555000236215, 38.863351000092848 ], [ -77.038584000236142, 38.863349000092853 ], [ -77.038613000236126, 38.863355000092838 ], [ -77.03863900023606, 38.863356000092836 ], [ -77.038672000236033, 38.863353000092843 ], [ -77.03870100023596, 38.863350000092851 ], [ -77.038736000235929, 38.863345000092863 ], [ -77.03876600023591, 38.863339000092878 ], [ -77.038804000235814, 38.863338000092881 ], [ -77.038847000235762, 38.863338000092881 ], [ -77.038871000235702, 38.863337000092883 ], [ -77.038916000235645, 38.863337000092883 ], [ -77.038954000235606, 38.863338000092881 ], [ -77.03898400023553, 38.863335000092889 ], [ -77.039029000235473, 38.863333000092894 ], [ -77.039076000235411, 38.863331000092842 ], [ -77.039106000235336, 38.863331000092842 ], [ -77.039138000235312, 38.863329000092847 ], [ -77.039166000235241, 38.863329000092847 ], [ -77.039191000235235, 38.863328000092849 ], [ -77.039223000235154, 38.863326000092854 ], [ -77.039258000235122, 38.863324000092859 ], [ -77.039285000235054, 38.863323000092862 ], [ -77.039311000235045, 38.86332000009287 ], [ -77.039344000234962, 38.863318000092875 ], [ -77.039377000234936, 38.86331600009288 ], [ -77.03940300023487, 38.863314000092885 ], [ -77.039429000234861, 38.863313000092887 ], [ -77.039462000234778, 38.863311000092892 ], [ -77.039490000234764, 38.863309000092897 ], [ -77.03953000023472, 38.863305000092907 ], [ -77.039572000234614, 38.863293000092938 ], [ -77.039594000234615, 38.863287000092953 ], [ -77.039631000234522, 38.863274000092986 ], [ -77.039667000234488, 38.863263000092957 ], [ -77.039704000234451, 38.863252000092984 ], [ -77.039738000234365, 38.863241000093012 ], [ -77.039767000234349, 38.863229000093042 ], [ -77.039792000234286, 38.863219000093068 ], [ -77.039805000234253, 38.863200000093059 ], [ -77.039809000234243, 38.863169000093137 ], [ -77.039809000234243, 38.863136000093164 ], [ -77.039809000234243, 38.863102000093249 ], [ -77.039808000234245, 38.863084000093238 ], [ -77.039809000234243, 38.863057000093306 ], [ -77.039808000234245, 38.863034000093307 ], [ -77.03981000023424, 38.862997000093401 ], [ -77.039812000234235, 38.862976000093397 ], [ -77.039812000234235, 38.862956000093448 ], [ -77.039813000234233, 38.862936000093498 ], [ -77.03981400023423, 38.862915000093494 ], [ -77.039815000234228, 38.862892000093552 ], [ -77.039816000234225, 38.862872000093603 ], [ -77.039816000234225, 38.862854000093591 ], [ -77.039816000234225, 38.862820000093677 ], [ -77.039819000234274, 38.862795000093683 ], [ -77.039821000234269, 38.862777000093729 ], [ -77.039828000234252, 38.862747000093748 ], [ -77.039842000234216, 38.862716000093826 ], [ -77.039858000234176, 38.862690000093892 ], [ -77.039882000234172, 38.862662000093906 ], [ -77.039910000234102, 38.862635000093974 ], [ -77.039934000234098, 38.862608000093985 ], [ -77.039962000234027, 38.862585000094043 ], [ -77.039979000233984, 38.862572000094019 ], [ -77.039995000234001, 38.862559000094052 ], [ -77.04002700023392, 38.862535000094113 ], [ -77.040060000233893, 38.862513000094111 ], [ -77.04009300023381, 38.862496000094154 ], [ -77.040118000233804, 38.862476000094205 ], [ -77.040140000233748, 38.862456000094255 ], [ -77.04016700023368, 38.862437000094246 ], [ -77.040200000233654, 38.862420000094289 ], [ -77.040231000233632, 38.862406000094325 ], [ -77.040259000233561, 38.862397000094347 ], [ -77.040288000233545, 38.862388000094313 ], [ -77.040312000233484, 38.862378000094338 ], [ -77.040335000233426, 38.862375000094346 ], [ -77.040370000233395, 38.862375000094346 ], [ -77.040402000233371, 38.862385000094321 ], [ -77.040441000233272, 38.862401000094337 ], [ -77.040478000233236, 38.862421000094287 ], [ -77.040498000233185, 38.862431000094261 ], [ -77.040538000233141, 38.862448000094219 ], [ -77.040559000233088, 38.86245800009425 ], [ -77.04058100023309, 38.862467000094227 ], [ -77.040602000233037, 38.862476000094205 ], [ -77.040624000232981, 38.862486000094179 ], [ -77.040645000232985, 38.862496000094154 ], [ -77.040665000232934, 38.862507000094126 ], [ -77.040686000232881, 38.862517000094158 ], [ -77.040723000232845, 38.862537000094107 ], [ -77.040743000232794, 38.862547000094082 ], [ -77.040764000232798, 38.862559000094052 ], [ -77.040786000232742, 38.862571000094022 ], [ -77.040806000232692, 38.862584000094046 ], [ -77.040840000232663, 38.86260600009399 ], [ -77.040876000232629, 38.862625000093942 ], [ -77.040910000232543, 38.862649000093938 ], [ -77.040925000232505, 38.862663000093903 ], [ -77.040952000232494, 38.862687000093842 ], [ -77.040977000232431, 38.862708000093846 ], [ -77.041006000232414, 38.862732000093786 ], [ -77.041036000232339, 38.86275300009379 ], [ -77.04105800023234, 38.862771000093744 ], [ -77.041078000232289, 38.862788000093701 ], [ -77.041108000232271, 38.8628110000937 ], [ -77.041138000232195, 38.862830000093652 ], [ -77.041164000232186, 38.862844000093617 ], [ -77.04119400023211, 38.862854000093591 ], [ -77.041220000232101, 38.862861000093574 ], [ -77.041245000232038, 38.862872000093603 ], [ -77.041265000231988, 38.86288900009356 ], [ -77.041282000232002, 38.862906000093517 ], [ -77.041303000231949, 38.862930000093513 ], [ -77.041324000231896, 38.862952000093458 ], [ -77.041340000231912, 38.862966000093422 ], [ -77.041425000231754, 38.863028000093323 ], [ -77.041453000231741, 38.863051000093321 ], [ -77.0414690002317, 38.863066000093283 ], [ -77.041487000231655, 38.863079000093251 ], [ -77.041504000231612, 38.863092000093218 ], [ -77.041521000231626, 38.863105000093242 ], [ -77.041537000231585, 38.863118000093209 ], [ -77.04156700023151, 38.863144000093143 ], [ -77.041598000231488, 38.863166000093145 ], [ -77.041631000231462, 38.863187000093092 ], [ -77.041665000231376, 38.863207000093041 ], [ -77.041684000231328, 38.86321800009307 ], [ -77.041725000231281, 38.863236000093025 ], [ -77.041766000231235, 38.863250000092989 ], [ -77.041801000231146, 38.863266000092949 ], [ -77.041840000231105, 38.863282000092966 ], [ -77.041879000231063, 38.86329200009294 ], [ -77.041920000230959, 38.863302000092915 ], [ -77.041960000230915, 38.86331200009289 ], [ -77.041995000230884, 38.863323000092862 ], [ -77.042029000230798, 38.863340000092876 ], [ -77.042063000230769, 38.863357000092833 ], [ -77.042098000230737, 38.8633700000928 ], [ -77.042131000230654, 38.863380000092775 ], [ -77.042162000230633, 38.863394000092796 ], [ -77.042195000230549, 38.863408000092761 ], [ -77.042231000230515, 38.863417000092738 ], [ -77.042268000230422, 38.863428000092711 ], [ -77.042306000230383, 38.863439000092683 ], [ -77.042346000230339, 38.863446000092665 ], [ -77.042391000230282, 38.863452000092707 ], [ -77.042431000230181, 38.863457000092694 ], [ -77.042468000230144, 38.863460000092687 ], [ -77.042500000230064, 38.863457000092694 ], [ -77.042522000230065, 38.863446000092665 ], [ -77.042543000230012, 38.863433000092698 ], [ -77.042564000230016, 38.863418000092736 ], [ -77.04257800022998, 38.863399000092784 ], [ -77.042588000229955, 38.86337800009278 ], [ -77.042595000229937, 38.86335800009283 ], [ -77.042605000229912, 38.863340000092876 ], [ -77.042658000229835, 38.863307000092902 ], [ -77.042763000229684, 38.863372000092795 ], [ -77.042736000229695, 38.863425000092718 ], [ -77.042719000229738, 38.863438000092685 ], [ -77.042701000229783, 38.863465000092674 ], [ -77.042675000229792, 38.863485000092624 ], [ -77.04264800022986, 38.863504000092576 ], [ -77.042633000229898, 38.863524000092582 ], [ -77.042634000229896, 38.863547000092524 ], [ -77.042650000229855, 38.863560000092491 ], [ -77.042452000230185, 38.863945000091917 ], [ -77.042529000230047, 38.863701000092306 ], [ -77.042505000230108, 38.863684000092348 ], [ -77.042475000230127, 38.863683000092351 ], [ -77.042434000230173, 38.863686000092343 ], [ -77.042395000230272, 38.863689000092336 ], [ -77.042364000230293, 38.863698000092313 ], [ -77.042336000230364, 38.86371100009228 ], [ -77.042306000230383, 38.863720000092258 ], [ -77.042274000230464, 38.863724000092247 ], [ -77.042240000230493, 38.86372700009224 ], [ -77.042217000230551, 38.863741000092205 ], [ -77.042184000230577, 38.863754000092229 ], [ -77.042136000230641, 38.863761000092211 ], [ -77.042112000230702, 38.863760000092213 ], [ -77.042069000230754, 38.863753000092231 ], [ -77.042030000230795, 38.863745000092251 ], [ -77.041993000230889, 38.863736000092217 ], [ -77.04196200023091, 38.863726000092242 ], [ -77.041933000230983, 38.863712000092278 ], [ -77.04190000023101, 38.863700000092308 ], [ -77.041863000231103, 38.863698000092313 ], [ -77.041828000231135, 38.863687000092341 ], [ -77.041802000231144, 38.863682000092297 ], [ -77.041775000231212, 38.863677000092309 ], [ -77.041747000231283, 38.863674000092317 ], [ -77.041719000231296, 38.863672000092322 ], [ -77.041693000231362, 38.863669000092329 ], [ -77.041669000231366, 38.863667000092335 ], [ -77.041627000231415, 38.863669000092329 ], [ -77.041588000231513, 38.863673000092319 ], [ -77.041548000231558, 38.863678000092307 ], [ -77.041507000231604, 38.863675000092314 ], [ -77.041462000231718, 38.863675000092314 ], [ -77.041420000231767, 38.863680000092302 ], [ -77.041385000231799, 38.863687000092341 ], [ -77.041351000231884, 38.863689000092336 ], [ -77.041319000231908, 38.863682000092297 ], [ -77.041296000231966, 38.863691000092331 ], [ -77.041287000231989, 38.863708000092288 ], [ -77.041225000232089, 38.863736000092217 ], [ -77.041196000232105, 38.86373500009222 ], [ -77.041165000232184, 38.863736000092217 ], [ -77.041135000232202, 38.86373500009222 ], [ -77.041099000232236, 38.86373500009222 ], [ -77.041067000232317, 38.863736000092217 ], [ -77.041031000232351, 38.863736000092217 ], [ -77.040994000232445, 38.863736000092217 ], [ -77.040974000232438, 38.863675000092314 ], [ -77.040932000232544, 38.863650000092377 ], [ -77.040896000232578, 38.863655000092365 ], [ -77.040863000232605, 38.863664000092342 ], [ -77.040828000232693, 38.863662000092347 ], [ -77.04078700023274, 38.863660000092352 ], [ -77.040761000232806, 38.863664000092342 ], [ -77.040733000232819, 38.863668000092332 ], [ -77.040704000232893, 38.863672000092322 ], [ -77.040675000232909, 38.863677000092309 ], [ -77.040646000232982, 38.863680000092302 ], [ -77.040617000232999, 38.863683000092351 ], [ -77.040589000233069, 38.863686000092343 ], [ -77.040561000233083, 38.863688000092338 ], [ -77.040533000233154, 38.863690000092333 ], [ -77.040505000233168, 38.863691000092331 ], [ -77.040477000233238, 38.863692000092328 ], [ -77.040447000233257, 38.863694000092323 ], [ -77.040416000233336, 38.863696000092318 ], [ -77.040386000233354, 38.863701000092306 ], [ -77.040357000233428, 38.863705000092295 ], [ -77.040331000233436, 38.863709000092285 ], [ -77.04023600023362, 38.863726000092242 ], [ -77.040214000233618, 38.863732000092227 ], [ -77.040178000233709, 38.863750000092239 ], [ -77.040137000233756, 38.863762000092208 ], [ -77.040112000233819, 38.863766000092198 ], [ -77.040086000233828, 38.863771000092186 ], [ -77.040062000233888, 38.863775000092176 ], [ -77.040038000233892, 38.863780000092163 ], [ -77.039970000234007, 38.86379300009213 ], [ -77.039929000234054, 38.863802000092164 ], [ -77.039889000234155, 38.863810000092144 ], [ -77.039852000234191, 38.863819000092121 ], [ -77.039812000234235, 38.863829000092096 ], [ -77.039773000234334, 38.863841000092066 ], [ -77.039743000234353, 38.863850000092043 ], [ -77.03968600023444, 38.863869000092052 ], [ -77.039644000234546, 38.863872000092044 ], [ -77.039619000234552, 38.863871000092047 ], [ -77.039573000234611, 38.863872000092044 ], [ -77.039549000234672, 38.863874000092039 ], [ -77.039505000234726, 38.863882000092019 ], [ -77.03946500023477, 38.863890000091999 ], [ -77.039421000234881, 38.863889000092001 ], [ -77.039394000234893, 38.863887000092006 ], [ -77.039370000234953, 38.863888000092004 ], [ -77.03934500023496, 38.863890000091999 ], [ -77.039320000235023, 38.863893000091991 ], [ -77.039294000235088, 38.863895000091986 ], [ -77.039270000235092, 38.863897000091981 ], [ -77.03924700023515, 38.863899000091976 ], [ -77.039219000235164, 38.863902000091969 ], [ -77.03919300023523, 38.863904000091964 ], [ -77.039164000235246, 38.863906000091959 ], [ -77.039139000235309, 38.863908000091953 ], [ -77.039114000235315, 38.863910000091948 ], [ -77.039089000235379, 38.863912000091943 ], [ -77.039065000235439, 38.863911000091946 ], [ -77.039040000235445, 38.863912000091943 ], [ -77.038969000235568, 38.863916000091933 ], [ -77.03892600023562, 38.863919000091983 ], [ -77.038884000235726, 38.86392400009197 ], [ -77.038839000235782, 38.863935000091942 ], [ -77.038816000235784, 38.863938000091935 ], [ -77.038793000235842, 38.863941000091927 ], [ -77.0387700002359, 38.863944000091919 ], [ -77.038746000235903, 38.863947000091912 ], [ -77.038720000235969, 38.863951000091902 ], [ -77.038698000235968, 38.863957000091887 ], [ -77.038676000236023, 38.863964000091869 ], [ -77.038654000236079, 38.863970000091854 ], [ -77.038616000236118, 38.863985000091873 ], [ -77.03858100023615, 38.864000000091835 ], [ -77.038539000236256, 38.864000000091835 ], [ -77.038497000236305, 38.86399400009185 ], [ -77.038455000236354, 38.863997000091842 ], [ -77.038412000236406, 38.864007000091817 ], [ -77.038368000236517, 38.864012000091805 ], [ -77.038321000236579, 38.864013000091802 ], [ -77.03827400023664, 38.864021000091782 ], [ -77.038252000236696, 38.864028000091764 ], [ -77.038210000236745, 38.864047000091773 ], [ -77.038190000236796, 38.864057000091748 ], [ -77.038170000236789, 38.864067000091723 ], [ -77.03813000023689, 38.864087000091672 ], [ -77.038110000236884, 38.864099000091699 ], [ -77.038094000236924, 38.864112000091666 ], [ -77.038071000236982, 38.8641380000916 ], [ -77.038043000236996, 38.864163000091594 ], [ -77.038026000237039, 38.864177000091559 ], [ -77.038009000237082, 38.864191000091523 ], [ -77.037991000237071, 38.864205000091488 ], [ -77.037962000237144, 38.864235000091469 ], [ -77.037947000237182, 38.864251000091429 ], [ -77.037935000237155, 38.864267000091388 ], [ -77.037924000237183, 38.864284000091402 ], [ -77.037915000237206, 38.864303000091354 ], [ -77.037906000237228, 38.864322000091306 ], [ -77.037897000237251, 38.86433900009132 ], [ -77.037890000237269, 38.864357000091275 ], [ -77.037884000237227, 38.864375000091229 ], [ -77.03787900023724, 38.864395000091235 ], [ -77.037872000237257, 38.86441300009119 ], [ -77.037860000237288, 38.864447000091161 ], [ -77.037845000237326, 38.864480000091078 ], [ -77.037832000237358, 38.864512000091054 ], [ -77.037821000237329, 38.864544000090973 ], [ -77.037812000237352, 38.864561000090987 ], [ -77.037803000237375, 38.864579000090941 ], [ -77.037796000237392, 38.864597000090896 ], [ -77.037788000237413, 38.864614000090853 ], [ -77.037776000237443, 38.864644000090834 ], [ -77.037763000237419, 38.864687000090782 ], [ -77.037755000237439, 38.864718000090704 ], [ -77.037746000237462, 38.864749000090683 ], [ -77.03773900023748, 38.864781000090602 ], [ -77.03773500023749, 38.86482800009054 ], [ -77.037734000237492, 38.864850000090485 ], [ -77.037734000237492, 38.864872000090486 ], [ -77.037733000237495, 38.864895000090428 ], [ -77.03773500023749, 38.864919000090424 ], [ -77.037738000237482, 38.864944000090361 ], [ -77.037742000237472, 38.864965000090308 ], [ -77.037738000237482, 38.865023000090218 ], [ -77.037734000237492, 38.86504500009022 ], [ -77.037734000237492, 38.865066000090167 ], [ -77.03773500023749, 38.86508700009017 ], [ -77.03773500023749, 38.865106000090123 ], [ -77.037737000237485, 38.865147000090076 ], [ -77.037740000237477, 38.865184000089982 ], [ -77.037744000237467, 38.865221000089946 ], [ -77.037748000237457, 38.865257000089855 ], [ -77.037753000237444, 38.865294000089818 ], [ -77.037758000237432, 38.865331000089782 ], [ -77.037764000237416, 38.865368000089688 ], [ -77.037768000237406, 38.865396000089675 ], [ -77.037772000237453, 38.865423000089606 ], [ -77.03777700023744, 38.865450000089595 ], [ -77.037780000237433, 38.865477000089527 ], [ -77.037783000237425, 38.865504000089516 ], [ -77.03778500023742, 38.86553800008943 ], [ -77.03778500023742, 38.865567000089413 ], [ -77.037786000237418, 38.86559600008934 ], [ -77.03779700023739, 38.865651000089258 ], [ -77.037811000237355, 38.865676000089252 ], [ -77.037830000237363, 38.865708000089171 ], [ -77.037837000237346, 38.865737000089155 ], [ -77.037838000237343, 38.865767000089079 ], [ -77.037837000237346, 38.86579700008906 ], [ -77.037837000237346, 38.865828000088982 ], [ -77.037841000237336, 38.865858000088963 ], [ -77.037847000237321, 38.86589100008888 ], [ -77.03785100023731, 38.865910000088888 ], [ -77.0378550002373, 38.86592900008884 ], [ -77.03785900023729, 38.86594900008879 ], [ -77.037862000237283, 38.865968000088799 ], [ -77.037866000237273, 38.865987000088751 ], [ -77.037873000237255, 38.866030000088699 ], [ -77.03787500023725, 38.866056000088633 ], [ -77.037877000237245, 38.866082000088625 ], [ -77.037878000237242, 38.866108000088559 ], [ -77.03787900023724, 38.866134000088493 ], [ -77.037884000237227, 38.866178000088439 ], [ -77.037890000237269, 38.866215000088403 ], [ -77.037898000237249, 38.866252000088309 ], [ -77.037907000237226, 38.866289000088273 ], [ -77.037916000237203, 38.866326000088236 ], [ -77.03792500023718, 38.866363000088143 ], [ -77.037932000237163, 38.866400000088106 ], [ -77.037943000237135, 38.866448000088042 ], [ -77.037953000237167, 38.866480000087961 ], [ -77.037964000237139, 38.866513000087934 ], [ -77.037975000237111, 38.866545000087854 ], [ -77.037985000237086, 38.86657700008783 ], [ -77.037991000237071, 38.866610000087803 ], [ -77.037998000237053, 38.866664000087724 ], [ -77.038007000237087, 38.86669300008765 ], [ -77.038017000237062, 38.86672100008758 ], [ -77.038029000237032, 38.866749000087566 ], [ -77.038041000237001, 38.866776000087498 ], [ -77.038052000236974, 38.866804000087484 ], [ -77.038067000236992, 38.866839000087452 ], [ -77.038083000236952, 38.866873000087367 ], [ -77.038100000236909, 38.866907000087338 ], [ -77.038115000236871, 38.866941000087252 ], [ -77.038127000236898, 38.866975000087223 ], [ -77.038135000236878, 38.867010000087134 ], [ -77.038140000236865, 38.867043000087108 ], [ -77.038147000236847, 38.867067000087047 ], [ -77.038155000236827, 38.867091000087044 ], [ -77.038165000236802, 38.867115000086983 ], [ -77.038175000236777, 38.867139000086979 ], [ -77.038185000236808, 38.867162000086921 ], [ -77.038202000236765, 38.867199000086885 ], [ -77.038215000236733, 38.867223000086824 ], [ -77.0382280002367, 38.867247000086763 ], [ -77.038239000236729, 38.867272000086757 ], [ -77.038249000236704, 38.867296000086696 ], [ -77.038256000236686, 38.867322000086688 ], [ -77.038262000236671, 38.867351000086614 ], [ -77.038267000236658, 38.867374000086613 ], [ -77.03827400023664, 38.867397000086555 ], [ -77.03828200023662, 38.8674190000865 ], [ -77.038291000236597, 38.867442000086498 ], [ -77.038337000236538, 38.867527000086341 ], [ -77.038349000236508, 38.867551000086337 ], [ -77.038362000236532, 38.867575000086276 ], [ -77.038385000236474, 38.867625000086207 ], [ -77.038411000236408, 38.867676000086135 ], [ -77.038432000236412, 38.867710000086049 ], [ -77.038455000236354, 38.86774400008602 ], [ -77.038477000236355, 38.867777000085994 ], [ -77.038496000236307, 38.867812000085905 ], [ -77.038510000236272, 38.867848000085871 ], [ -77.038527000236229, 38.867896000085807 ], [ -77.038543000236245, 38.867929000085724 ], [ -77.0385610002362, 38.8679610000857 ], [ -77.038578000236157, 38.867994000085616 ], [ -77.038591000236181, 38.86802700008559 ], [ -77.038599000236161, 38.868061000085504 ], [ -77.038606000236143, 38.868099000085465 ], [ -77.038616000236118, 38.868124000085402 ], [ -77.038629000236085, 38.868148000085398 ], [ -77.038642000236052, 38.868173000085335 ], [ -77.038652000236084, 38.868197000085331 ], [ -77.038659000236066, 38.868223000085266 ], [ -77.038668000236044, 38.868263000085221 ], [ -77.038684000236003, 38.868288000085158 ], [ -77.038702000235958, 38.868313000085152 ], [ -77.038720000235969, 38.868338000085089 ], [ -77.038735000235931, 38.86836400008508 ], [ -77.038742000235914, 38.868391000085012 ], [ -77.038750000235893, 38.86843000008497 ], [ -77.038765000235912, 38.868461000084892 ], [ -77.038785000235862, 38.868491000084873 ], [ -77.038808000235804, 38.868521000084797 ], [ -77.038830000235805, 38.868551000084778 ], [ -77.038850000235755, 38.8685820000847 ], [ -77.038873000235697, 38.868620000084661 ], [ -77.038897000235693, 38.868659000084619 ], [ -77.038920000235635, 38.868697000084524 ], [ -77.038943000235633, 38.868736000084482 ], [ -77.03896400023558, 38.86877500008444 ], [ -77.03898400023553, 38.868815000084339 ], [ -77.039008000235526, 38.868868000084262 ], [ -77.039025000235483, 38.868904000084228 ], [ -77.039044000235435, 38.868940000084137 ], [ -77.039062000235447, 38.868975000084106 ], [ -77.039081000235399, 38.869011000084072 ], [ -77.039100000235351, 38.869046000083983 ], [ -77.039114000235315, 38.869071000083977 ], [ -77.039130000235332, 38.869096000083914 ], [ -77.039145000235294, 38.869121000083908 ], [ -77.039159000235259, 38.869146000083845 ], [ -77.039172000235226, 38.869172000083779 ], [ -77.039183000235255, 38.86919800008377 ], [ -77.039195000235225, 38.869231000083687 ], [ -77.039206000235197, 38.869253000083688 ], [ -77.039217000235169, 38.869275000083633 ], [ -77.039228000235141, 38.869297000083634 ], [ -77.039240000235168, 38.869319000083578 ], [ -77.03925100023514, 38.869340000083525 ], [ -77.039314000235038, 38.869462000083331 ], [ -77.039330000234997, 38.869488000083322 ], [ -77.039376000234938, 38.86957100008317 ], [ -77.0393910002349, 38.869595000083166 ], [ -77.03940700023486, 38.86961700008311 ], [ -77.039423000234876, 38.869638000083057 ], [ -77.039436000234844, 38.869660000083059 ], [ -77.039440000234833, 38.869679000083011 ], [ -77.039464000234773, 38.869732000082934 ], [ -77.039481000234787, 38.869754000082878 ], [ -77.039496000234749, 38.869776000082879 ], [ -77.039508000234719, 38.869797000082826 ], [ -77.039518000234693, 38.869816000082778 ], [ -77.039527000234727, 38.869836000082785 ], [ -77.0395380002347, 38.869857000082732 ], [ -77.039550000234669, 38.869878000082679 ], [ -77.039562000234639, 38.86990000008268 ], [ -77.039574000234609, 38.869920000082629 ], [ -77.039587000234633, 38.869937000082643 ], [ -77.039603000234592, 38.8699540000826 ], [ -77.039620000234549, 38.869973000082553 ], [ -77.039636000234509, 38.869993000082502 ], [ -77.039652000234526, 38.870015000082503 ], [ -77.039665000234493, 38.87003600008245 ], [ -77.039677000234462, 38.870054000082462 ], [ -77.03969000023443, 38.870072000082416 ], [ -77.039703000234454, 38.870089000082373 ], [ -77.039715000234423, 38.870107000082328 ], [ -77.03972800023439, 38.870127000082334 ], [ -77.03974400023435, 38.870147000082284 ], [ -77.039759000234369, 38.870168000082231 ], [ -77.039774000234331, 38.870190000082232 ], [ -77.039839000234224, 38.87031500008203 ], [ -77.039853000234189, 38.870334000081982 ], [ -77.039865000234158, 38.870356000081983 ], [ -77.039878000234182, 38.870384000081913 ], [ -77.039889000234155, 38.870411000081901 ], [ -77.039901000234124, 38.870437000081836 ], [ -77.039918000234081, 38.870461000081775 ], [ -77.039933000234043, 38.870488000081764 ], [ -77.039950000234057, 38.870516000081693 ], [ -77.039971000234004, 38.870540000081689 ], [ -77.039991000233954, 38.870561000081636 ], [ -77.040010000233963, 38.870581000081643 ], [ -77.040030000233912, 38.87060200008159 ], [ -77.040051000233916, 38.870627000081527 ], [ -77.040068000233873, 38.870654000081515 ], [ -77.04008100023384, 38.87067600008146 ], [ -77.040096000233802, 38.870701000081453 ], [ -77.04010500023378, 38.870721000081403 ], [ -77.040120000233799, 38.870744000081345 ], [ -77.040135000233761, 38.870770000081336 ], [ -77.040153000233715, 38.870797000081268 ], [ -77.040171000233727, 38.870824000081257 ], [ -77.040188000233684, 38.870852000081186 ], [ -77.040207000233636, 38.870880000081172 ], [ -77.040227000233642, 38.870908000081101 ], [ -77.040251000233582, 38.870929000081048 ], [ -77.040274000233524, 38.870948000081057 ], [ -77.040296000233525, 38.870967000081009 ], [ -77.040320000233464, 38.870984000080966 ], [ -77.040344000233461, 38.871004000080973 ], [ -77.04036400023341, 38.871028000080912 ], [ -77.040379000233372, 38.871056000080898 ], [ -77.040396000233329, 38.871082000080833 ], [ -77.040412000233346, 38.871107000080826 ], [ -77.040429000233303, 38.871133000080761 ], [ -77.040445000233262, 38.871162000080687 ], [ -77.040466000233266, 38.871190000080674 ], [ -77.040487000233213, 38.87121500008061 ], [ -77.040507000233163, 38.871240000080604 ], [ -77.040531000233159, 38.871263000080546 ], [ -77.040560000233086, 38.871285000080547 ], [ -77.040587000233074, 38.871307000080492 ], [ -77.040607000233024, 38.871331000080431 ], [ -77.040625000232978, 38.871359000080417 ], [ -77.04064300023299, 38.871387000080347 ], [ -77.040663000232939, 38.871414000080335 ], [ -77.040684000232886, 38.871441000080267 ], [ -77.040706000232888, 38.871464000080266 ], [ -77.04072900023283, 38.871487000080208 ], [ -77.040752000232828, 38.871511000080147 ], [ -77.040778000232763, 38.871534000080146 ], [ -77.040805000232695, 38.871556000080091 ], [ -77.040835000232676, 38.871577000080094 ], [ -77.040866000232597, 38.871599000080039 ], [ -77.040893000232586, 38.871622000079981 ], [ -77.040914000232533, 38.871646000079977 ], [ -77.040934000232539, 38.871670000079916 ], [ -77.040959000232476, 38.87169100007992 ], [ -77.040978000232428, 38.87170700007988 ], [ -77.041011000232402, 38.871745000079784 ], [ -77.041040000232329, 38.871779000079755 ], [ -77.041063000232327, 38.871808000079739 ], [ -77.041103000232283, 38.871852000079627 ], [ -77.041181000232143, 38.871944000079509 ], [ -77.041254000232016, 38.872032000079344 ], [ -77.041290000231982, 38.872073000079297 ], [ -77.041330000231881, 38.872119000079238 ], [ -77.041406000231802, 38.872209000079067 ], [ -77.041429000231744, 38.872235000079058 ], [ -77.041442000231712, 38.872250000079021 ], [ -77.041474000231688, 38.872287000078984 ], [ -77.041525000231616, 38.872346000078892 ], [ -77.04156300023152, 38.872391000078778 ], [ -77.041600000231483, 38.872434000078727 ], [ -77.041637000231447, 38.872477000078675 ], [ -77.041672000231358, 38.87253300007859 ], [ -77.041710000231319, 38.872572000078549 ], [ -77.041762000231245, 38.872609000078455 ], [ -77.041819000231158, 38.872644000078424 ], [ -77.041843000231097, 38.872658000078388 ], [ -77.041877000231068, 38.872678000078338 ], [ -77.041929000230994, 38.872715000078301 ], [ -77.041981000230919, 38.872749000078272 ], [ -77.04203900023083, 38.872783000078186 ], [ -77.042096000230742, 38.872817000078157 ], [ -77.042147000230614, 38.872851000078072 ], [ -77.04216700023062, 38.872872000078075 ], [ -77.042186000230572, 38.872891000078027 ], [ -77.042205000230524, 38.872938000077966 ], [ -77.042212000230506, 38.872957000077918 ], [ -77.042282000230443, 38.873051000077794 ], [ -77.042335000230366, 38.873118000077682 ], [ -77.042391000230282, 38.873174000077597 ], [ -77.042487000230096, 38.873253000077455 ], [ -77.042575000229988, 38.873329000077376 ], [ -77.042655000229843, 38.873408000077234 ], [ -77.042690000229811, 38.8734440000772 ], [ -77.042728000229715, 38.873481000077106 ], [ -77.042763000229684, 38.873517000077072 ], [ -77.042800000229647, 38.873554000076979 ], [ -77.042834000229561, 38.873593000076937 ], [ -77.042864000229542, 38.873630000076901 ], [ -77.04291500022947, 38.873684000076821 ], [ -77.042965000229344, 38.873740000076737 ], [ -77.043014000229277, 38.8737940000766 ], [ -77.043065000229205, 38.873844000076531 ], [ -77.043117000229131, 38.873897000076454 ], [ -77.043168000229059, 38.873947000076384 ], [ -77.043274000228905, 38.874053000076231 ], [ -77.043334000228811, 38.874110000076143 ], [ -77.043394000228716, 38.874159000076077 ], [ -77.043502000228557, 38.874237000075937 ], [ -77.043796000228099, 38.874269000075913 ], [ -77.043867000227976, 38.874277000075892 ], [ -77.043935000227862, 38.874322000075836 ], [ -77.04399000022778, 38.874362000075735 ], [ -77.044050000227685, 38.87440600007568 ], [ -77.044108000227595, 38.874451000075624 ], [ -77.044136000227525, 38.874472000075571 ], [ -77.044168000227501, 38.874495000075513 ], [ -77.044227000227409, 38.874539000075458 ], [ -77.044287000227314, 38.874583000075404 ], [ -77.044348000227217, 38.874626000075352 ], [ -77.044403000227135, 38.874665000075254 ], [ -77.044460000227048, 38.87470500007521 ], [ -77.044515000226966, 38.874744000075168 ], [ -77.044571000226881, 38.87478300007507 ], [ -77.044629000226792, 38.87482100007503 ], [ -77.044685000226707, 38.874861000074986 ], [ -77.044722000226614, 38.874888000074918 ], [ -77.044761000226572, 38.874914000074909 ], [ -77.044798000226535, 38.874940000074844 ], [ -77.044835000226442, 38.874966000074835 ], [ -77.044872000226405, 38.874994000074764 ], [ -77.044910000226366, 38.875020000074699 ], [ -77.044959000226243, 38.875059000074657 ], [ -77.045007000226178, 38.875098000074615 ], [ -77.045056000226111, 38.875136000074519 ], [ -77.045104000226047, 38.875176000074475 ], [ -77.045152000225983, 38.875215000074434 ], [ -77.045201000225916, 38.875253000074338 ], [ -77.04523500022583, 38.875277000074334 ], [ -77.045270000225798, 38.875301000074273 ], [ -77.04530500022571, 38.875324000074272 ], [ -77.045339000225681, 38.875348000074212 ], [ -77.04537400022565, 38.875372000074151 ], [ -77.045404000225574, 38.875400000074137 ], [ -77.045420000225533, 38.875415000074099 ], [ -77.045439000225542, 38.875431000074116 ], [ -77.045474000225454, 38.875454000074058 ], [ -77.045511000225417, 38.875474000074007 ], [ -77.045552000225371, 38.875496000074008 ], [ -77.045575000225313, 38.875505000073986 ], [ -77.045599000225252, 38.87551500007396 ], [ -77.045623000225248, 38.875524000073938 ], [ -77.045644000225195, 38.875537000073905 ], [ -77.045663000225204, 38.875550000073929 ], [ -77.045691000225133, 38.875570000073878 ], [ -77.045734000225082, 38.875582000073848 ], [ -77.045759000225019, 38.875586000073838 ], [ -77.045782000225017, 38.875590000073828 ], [ -77.045807000224954, 38.875596000073813 ], [ -77.045837000224935, 38.875607000073842 ], [ -77.045869000224855, 38.875613000073827 ], [ -77.045901000224831, 38.875616000073819 ], [ -77.045927000224765, 38.875616000073819 ], [ -77.045969000224716, 38.875616000073819 ], [ -77.046005000224625, 38.875617000073817 ], [ -77.046042000224588, 38.875617000073817 ], [ -77.046082000224544, 38.875614000073824 ], [ -77.046123000224441, 38.875610000073834 ], [ -77.046163000224396, 38.87560500007379 ], [ -77.046201000224357, 38.875600000073803 ], [ -77.046239000224261, 38.875594000073818 ], [ -77.046276000224225, 38.875587000073835 ], [ -77.046299000224167, 38.875580000073853 ], [ -77.046330000224145, 38.875567000073886 ], [ -77.04635600022408, 38.875556000073914 ], [ -77.046381000224073, 38.87554700007388 ], [ -77.046403000224018, 38.8755390000739 ], [ -77.046434000223996, 38.87552700007393 ], [ -77.046458000223936, 38.875514000073963 ], [ -77.046481000223935, 38.875501000073996 ], [ -77.046503000223879, 38.875490000074024 ], [ -77.046536000223796, 38.875475000074005 ], [ -77.046565000223779, 38.87546100007404 ], [ -77.046594000223706, 38.875447000074075 ], [ -77.046626000223682, 38.875432000074113 ], [ -77.046662000223648, 38.875415000074099 ], [ -77.04669700022356, 38.875398000074142 ], [ -77.046743000223501, 38.875377000074195 ], [ -77.04677100022343, 38.875365000074169 ], [ -77.046801000223411, 38.875352000074201 ], [ -77.04682900022334, 38.875339000074234 ], [ -77.046917000223232, 38.875284000074316 ], [ -77.047000000223079, 38.875231000074393 ], [ -77.047057000222992, 38.875176000074475 ], [ -77.047073000223008, 38.875157000074523 ], [ -77.047105000222928, 38.875134000074524 ], [ -77.047135000222909, 38.875109000074588 ], [ -77.047148000222876, 38.875093000074628 ], [ -77.047159000222848, 38.875073000074622 ], [ -77.047171000222818, 38.875053000074672 ], [ -77.047197000222809, 38.875019000074701 ], [ -77.047208000222781, 38.874999000074752 ], [ -77.047214000222766, 38.8749800000748 ], [ -77.047219000222753, 38.874958000074798 ], [ -77.047224000222741, 38.874922000074889 ], [ -77.047224000222741, 38.87489900007489 ], [ -77.047223000222743, 38.874876000074948 ], [ -77.047219000222753, 38.874857000074996 ], [ -77.047213000222769, 38.874836000074993 ], [ -77.047198000222807, 38.874799000075086 ], [ -77.047189000222829, 38.874778000075082 ], [ -77.047181000222849, 38.874758000075133 ], [ -77.047172000222815, 38.874736000075188 ], [ -77.047163000222838, 38.874719000075174 ], [ -77.047157000222853, 38.874700000075222 ], [ -77.047151000222868, 38.874683000075265 ], [ -77.047143000222889, 38.874661000075264 ], [ -77.047133000222914, 38.874642000075312 ], [ -77.04712000022289, 38.874618000075372 ], [ -77.047076000223001, 38.87455700007547 ], [ -77.047062000222979, 38.874542000075451 ], [ -77.047049000223012, 38.874527000075489 ], [ -77.047027000223068, 38.874510000075531 ], [ -77.046989000223107, 38.874485000075538 ], [ -77.04697200022315, 38.874472000075571 ], [ -77.046953000223198, 38.874460000075601 ], [ -77.046935000223186, 38.874445000075639 ], [ -77.046917000223232, 38.874428000075625 ], [ -77.046903000223267, 38.874411000075668 ], [ -77.046888000223248, 38.874394000075711 ], [ -77.046874000223283, 38.874378000075694 ], [ -77.046860000223319, 38.874363000075732 ], [ -77.046846000223354, 38.87434800007577 ], [ -77.04682900022334, 38.874329000075818 ], [ -77.046811000223386, 38.874311000075807 ], [ -77.046794000223429, 38.874295000075847 ], [ -77.046777000223472, 38.87427800007589 ], [ -77.046760000223458, 38.87426200007593 ], [ -77.046742000223503, 38.874244000075919 ], [ -77.046726000223543, 38.874227000075962 ], [ -77.046710000223527, 38.874212000076 ], [ -77.046691000223575, 38.874195000075986 ], [ -77.046674000223618, 38.874180000076024 ], [ -77.046641000223644, 38.874141000076065 ], [ -77.046626000223682, 38.874123000076111 ], [ -77.04661100022372, 38.874105000076156 ], [ -77.046594000223706, 38.874088000076199 ], [ -77.046579000223744, 38.874072000076183 ], [ -77.046565000223779, 38.87405700007622 ], [ -77.04654900022382, 38.874042000076258 ], [ -77.046479000223883, 38.874027000076239 ], [ -77.046455000223943, 38.874023000076249 ], [ -77.046431000224004, 38.874016000076267 ], [ -77.046410000224, 38.874004000076297 ], [ -77.046400000224025, 38.873986000076343 ], [ -77.046394000224041, 38.873966000076337 ], [ -77.046392000224046, 38.87394500007639 ], [ -77.046391000224048, 38.873924000076443 ], [ -77.046389000224053, 38.873903000076439 ], [ -77.046387000224058, 38.873878000076502 ], [ -77.046386000224061, 38.873857000076555 ], [ -77.046383000224068, 38.873819000076594 ], [ -77.046381000224073, 38.873796000076652 ], [ -77.046380000224076, 38.873731000076702 ], [ -77.046383000224068, 38.87371200007675 ], [ -77.046385000224063, 38.873694000076796 ], [ -77.046387000224058, 38.873672000076795 ], [ -77.046390000224051, 38.873653000076843 ], [ -77.046395000224038, 38.873634000076891 ], [ -77.046400000224025, 38.873615000076882 ], [ -77.046408000224005, 38.873593000076937 ], [ -77.046417000223983, 38.873571000076993 ], [ -77.046425000224019, 38.873550000076989 ], [ -77.046432000224002, 38.873531000077037 ], [ -77.046440000223981, 38.873509000077092 ], [ -77.046448000223961, 38.873492000077079 ], [ -77.046457000223938, 38.873471000077132 ], [ -77.046484000223927, 38.873409000077231 ], [ -77.046492000223907, 38.873390000077279 ], [ -77.046503000223879, 38.873369000077275 ], [ -77.046511000223859, 38.873350000077323 ], [ -77.046517000223844, 38.873331000077371 ], [ -77.046523000223829, 38.873308000077373 ], [ -77.046528000223816, 38.873288000077423 ], [ -77.046531000223808, 38.873269000077471 ], [ -77.046535000223798, 38.873250000077462 ], [ -77.046540000223843, 38.873232000077508 ], [ -77.046544000223832, 38.873213000077556 ], [ -77.046546000223827, 38.873195000077544 ], [ -77.046547000223825, 38.87317700007759 ], [ -77.046547000223825, 38.873156000077643 ], [ -77.046544000223832, 38.873088000077701 ], [ -77.046542000223837, 38.873067000077754 ], [ -77.046540000223843, 38.873046000077807 ], [ -77.046536000223796, 38.873028000077795 ], [ -77.046532000223806, 38.873010000077841 ], [ -77.046525000223824, 38.872986000077901 ], [ -77.046517000223844, 38.872963000077903 ], [ -77.046510000223861, 38.872945000077948 ], [ -77.046502000223882, 38.872927000077993 ], [ -77.046492000223907, 38.872909000077982 ], [ -77.046482000223932, 38.872892000078025 ], [ -77.046470000223906, 38.872871000078078 ], [ -77.046457000223938, 38.872851000078072 ], [ -77.046446000223966, 38.872834000078115 ], [ -77.046436000223991, 38.87281600007816 ], [ -77.046426000224017, 38.872795000078156 ], [ -77.04641800022398, 38.872776000078204 ], [ -77.046409000224003, 38.872756000078255 ], [ -77.046401000224023, 38.872735000078251 ], [ -77.046393000224043, 38.872718000078294 ], [ -77.046370000224101, 38.87268100007833 ], [ -77.046359000224072, 38.872665000078371 ], [ -77.046346000224105, 38.872646000078419 ], [ -77.046334000224135, 38.872625000078415 ], [ -77.046322000224166, 38.872606000078463 ], [ -77.046310000224196, 38.872585000078516 ], [ -77.046299000224167, 38.872564000078512 ], [ -77.046288000224195, 38.872546000078557 ], [ -77.046277000224222, 38.872527000078605 ], [ -77.04626600022425, 38.872510000078648 ], [ -77.046256000224275, 38.872492000078637 ], [ -77.046247000224298, 38.872473000078685 ], [ -77.046240000224259, 38.87245500007873 ], [ -77.046249000224293, 38.872360000078857 ], [ -77.04626200022426, 38.872341000078904 ], [ -77.046276000224225, 38.872321000078898 ], [ -77.046288000224195, 38.872305000078939 ], [ -77.046300000224164, 38.872289000078979 ], [ -77.046314000224186, 38.872271000078968 ], [ -77.046329000224148, 38.872252000079015 ], [ -77.046342000224115, 38.872236000079056 ], [ -77.046358000224075, 38.872217000079104 ], [ -77.046371000224099, 38.872201000079087 ], [ -77.046386000224061, 38.87218400007913 ], [ -77.046401000224023, 38.872167000079173 ], [ -77.046417000223983, 38.872152000079154 ], [ -77.046436000223991, 38.872137000079192 ], [ -77.046457000223938, 38.872121000079233 ], [ -77.04647600022389, 38.872103000079278 ], [ -77.046490000223912, 38.872088000079259 ], [ -77.046502000223882, 38.872073000079297 ], [ -77.046517000223844, 38.872057000079337 ], [ -77.046535000223798, 38.872041000079378 ], [ -77.046552000223812, 38.872027000079356 ], [ -77.046573000223759, 38.872012000079394 ], [ -77.046592000223711, 38.871999000079427 ], [ -77.046616000223707, 38.871985000079462 ], [ -77.046655000223666, 38.871955000079481 ], [ -77.046716000223569, 38.871910000079538 ], [ -77.046752000223478, 38.871886000079598 ], [ -77.046807000223396, 38.871854000079622 ], [ -77.046828000223343, 38.871845000079645 ], [ -77.046852000223339, 38.871837000079665 ], [ -77.046878000223273, 38.871830000079683 ], [ -77.046904000223265, 38.871824000079698 ], [ -77.046926000223209, 38.871819000079711 ], [ -77.04694800022321, 38.871812000079728 ], [ -77.046973000223147, 38.871805000079689 ], [ -77.046999000223082, 38.871798000079707 ], [ -77.04702600022307, 38.87179300007972 ], [ -77.04705000022301, 38.871791000079725 ], [ -77.047076000223001, 38.87178900007973 ], [ -77.04710400022293, 38.87178500007974 ], [ -77.047131000222919, 38.871780000079752 ], [ -77.047155000222858, 38.871774000079768 ], [ -77.047181000222849, 38.87176900007978 ], [ -77.047211000222774, 38.871763000079795 ], [ -77.047242000222752, 38.87175700007981 ], [ -77.047270000222682, 38.871752000079823 ], [ -77.047360000222568, 38.871736000079807 ], [ -77.047389000222495, 38.871733000079814 ], [ -77.047416000222483, 38.871730000079822 ], [ -77.047447000222405, 38.871726000079832 ], [ -77.047480000222379, 38.87171900007985 ], [ -77.047508000222308, 38.871713000079865 ], [ -77.047535000222297, 38.871706000079882 ], [ -77.047564000222224, 38.8716990000799 ], [ -77.047595000222202, 38.871692000079918 ], [ -77.047622000222134, 38.871687000079874 ], [ -77.047649000222123, 38.871681000079889 ], [ -77.047681000222042, 38.871675000079904 ], [ -77.047714000222015, 38.871671000079914 ], [ -77.047770000221931, 38.871664000079932 ], [ -77.047803000221847, 38.871660000079942 ], [ -77.047832000221831, 38.871655000079954 ], [ -77.047857000221768, 38.871651000079964 ], [ -77.047883000221759, 38.871646000079977 ], [ -77.047919000221668, 38.871639000079995 ], [ -77.047961000221619, 38.871629000079963 ], [ -77.047984000221561, 38.871622000079981 ], [ -77.048074000221447, 38.871592000080057 ], [ -77.048117000221396, 38.871583000080079 ], [ -77.048142000221333, 38.871579000080089 ], [ -77.048164000221277, 38.871576000080097 ], [ -77.048215000221205, 38.871567000080063 ], [ -77.04828300022109, 38.871553000080098 ], [ -77.048322000221049, 38.871545000080118 ], [ -77.048362000221005, 38.871535000080144 ], [ -77.048392000220929, 38.871527000080164 ], [ -77.04842200022091, 38.871519000080184 ], [ -77.048462000220809, 38.87150600008016 ], [ -77.048499000220772, 38.871491000080198 ], [ -77.048535000220738, 38.871481000080223 ], [ -77.048565000220663, 38.871477000080233 ], [ -77.048634000220545, 38.871459000080279 ], [ -77.048670000220511, 38.871449000080247 ], [ -77.048703000220485, 38.871441000080267 ], [ -77.048732000220411, 38.871433000080287 ], [ -77.048757000220348, 38.871426000080305 ], [ -77.048788000220327, 38.87141600008033 ], [ -77.048814000220261, 38.871405000080358 ], [ -77.048835000220265, 38.871393000080332 ], [ -77.04891500022012, 38.87135400008043 ], [ -77.048933000220075, 38.871340000080465 ], [ -77.048975000220025, 38.871359000080417 ], [ -77.049029000219946, 38.87134600008045 ], [ -77.049053000219942, 38.871340000080465 ], [ -77.049082000219869, 38.871335000080421 ], [ -77.04912000021983, 38.871325000080446 ], [ -77.049154000219744, 38.871314000080474 ], [ -77.049183000219728, 38.871312000080479 ], [ -77.049213000219652, 38.871311000080482 ], [ -77.049247000219623, 38.871310000080484 ], [ -77.049281000219537, 38.871314000080474 ], [ -77.049343000219437, 38.871324000080449 ], [ -77.049387000219383, 38.871331000080431 ], [ -77.049433000219324, 38.87134200008046 ], [ -77.049459000219258, 38.871349000080443 ], [ -77.049484000219252, 38.871355000080428 ], [ -77.049507000219194, 38.871364000080405 ], [ -77.049529000219195, 38.871372000080385 ], [ -77.049552000219137, 38.871381000080362 ], [ -77.049577000219074, 38.871391000080337 ], [ -77.049599000219075, 38.871400000080371 ], [ -77.049620000219022, 38.871410000080346 ], [ -77.049641000219026, 38.87142000008032 ], [ -77.049664000218968, 38.8714280000803 ], [ -77.0496910002189, 38.871437000080277 ], [ -77.049738000218838, 38.871457000080284 ], [ -77.049761000218837, 38.871467000080258 ], [ -77.049785000218776, 38.871477000080233 ], [ -77.049811000218767, 38.87148600008021 ], [ -77.049833000218712, 38.871496000080185 ], [ -77.049854000218659, 38.87150600008016 ], [ -77.049875000218663, 38.871517000080189 ], [ -77.049895000218612, 38.871527000080164 ], [ -77.049918000218554, 38.871537000080139 ], [ -77.049941000218553, 38.871546000080116 ], [ -77.049963000218497, 38.871555000080093 ], [ -77.049984000218444, 38.871565000080068 ], [ -77.050022000218405, 38.871587000080069 ], [ -77.05004400021835, 38.871599000080039 ], [ -77.050065000218353, 38.871609000080014 ], [ -77.050087000218298, 38.871619000079988 ], [ -77.050108000218302, 38.871629000079963 ], [ -77.050130000218246, 38.871638000079997 ], [ -77.050155000218183, 38.871647000079975 ], [ -77.050232000218102, 38.87169500007991 ], [ -77.050254000218047, 38.87170700007988 ], [ -77.050275000217994, 38.87171900007985 ], [ -77.050313000217955, 38.871752000079823 ], [ -77.050329000217914, 38.871767000079785 ], [ -77.0503570002179, 38.87179300007972 ], [ -77.05037300021786, 38.871807000079741 ], [ -77.050404000217839, 38.871834000079673 ], [ -77.050419000217801, 38.871849000079635 ], [ -77.050434000217763, 38.871864000079597 ], [ -77.050449000217725, 38.871879000079616 ], [ -77.050461000217751, 38.871896000079573 ], [ -77.050479000217706, 38.871914000079528 ], [ -77.050499000217656, 38.871933000079537 ], [ -77.050536000217619, 38.871966000079453 ], [ -77.050552000217579, 38.871982000079413 ], [ -77.050568000217538, 38.872001000079422 ], [ -77.050584000217555, 38.872022000079369 ], [ -77.050602000217509, 38.872043000079373 ], [ -77.050617000217471, 38.87206000007933 ], [ -77.050704000217365, 38.872175000079153 ], [ -77.05078400021722, 38.872342000078902 ], [ -77.050803000217172, 38.872379000078809 ], [ -77.051035000216814, 38.872728000078268 ], [ -77.051220000216574, 38.87301800007782 ], [ -77.051409000216267, 38.87331700007735 ], [ -77.051422000216235, 38.873354000077313 ], [ -77.051449000216223, 38.873362000077293 ], [ -77.05149000021612, 38.873440000077153 ], [ -77.051504000216084, 38.873464000077149 ], [ -77.051519000216103, 38.873494000077073 ], [ -77.051529000216078, 38.87352200007706 ], [ -77.051566000216042, 38.873581000076967 ], [ -77.051602000215951, 38.87366600007681 ], [ -77.051626000215947, 38.873739000076739 ], [ -77.051636000215922, 38.873782000076631 ], [ -77.051643000215904, 38.873802000076637 ], [ -77.051659000215864, 38.873844000076531 ], [ -77.051667000215843, 38.87386700007653 ], [ -77.051675000215823, 38.873887000076479 ], [ -77.051682000215862, 38.873906000076431 ], [ -77.051685000215855, 38.87392500007644 ], [ -77.051686000215852, 38.873944000076392 ], [ -77.051686000215852, 38.873962000076347 ], [ -77.051689000215845, 38.87399500007632 ], [ -77.051689000215845, 38.87401900007626 ], [ -77.051688000215847, 38.874041000076261 ], [ -77.051689000215845, 38.874062000076208 ], [ -77.05169100021584, 38.874083000076155 ], [ -77.051694000215832, 38.874109000076146 ], [ -77.051694000215832, 38.874132000076088 ], [ -77.051693000215835, 38.874154000076089 ], [ -77.051692000215837, 38.874178000076029 ], [ -77.051692000215837, 38.874205000076017 ], [ -77.05169100021584, 38.874229000075957 ], [ -77.051692000215837, 38.874252000075899 ], [ -77.051694000215832, 38.874277000075892 ], [ -77.05169500021583, 38.874305000075822 ], [ -77.051694000215832, 38.87432800007582 ], [ -77.051693000215835, 38.874351000075762 ], [ -77.05169100021584, 38.874378000075694 ], [ -77.051692000215837, 38.874403000075688 ], [ -77.05169900021582, 38.874472000075571 ], [ -77.051700000215817, 38.874496000075567 ], [ -77.051702000215812, 38.874518000075511 ], [ -77.051704000215807, 38.874540000075456 ], [ -77.051706000215802, 38.874567000075444 ], [ -77.051708000215797, 38.874590000075386 ], [ -77.051708000215797, 38.874611000075333 ], [ -77.051707000215799, 38.874634000075332 ], [ -77.051705000215804, 38.874660000075266 ], [ -77.051702000215812, 38.874683000075265 ], [ -77.051700000215817, 38.874704000075212 ], [ -77.051697000215825, 38.874728000075152 ], [ -77.051693000215835, 38.87475500007514 ], [ -77.051690000215842, 38.87477900007508 ], [ -77.051686000215852, 38.874802000075078 ], [ -77.05168300021586, 38.87482900007501 ], [ -77.051679000215813, 38.874857000074996 ], [ -77.051675000215823, 38.874881000074936 ], [ -77.051672000215831, 38.874907000074927 ], [ -77.051669000215838, 38.874936000074854 ], [ -77.051666000215846, 38.874961000074791 ], [ -77.051662000215856, 38.874985000074787 ], [ -77.051657000215869, 38.875011000074721 ], [ -77.051652000215881, 38.87503800007471 ], [ -77.051648000215891, 38.875059000074657 ], [ -77.051645000215899, 38.875079000074606 ], [ -77.051643000215904, 38.875101000074608 ], [ -77.051639000215914, 38.875122000074555 ], [ -77.051632000215932, 38.875141000074564 ], [ -77.05162500021595, 38.875159000074518 ], [ -77.051613000215923, 38.875207000074454 ], [ -77.051610000215931, 38.875225000074408 ], [ -77.051606000215941, 38.875261000074374 ], [ -77.051602000215951, 38.875280000074326 ], [ -77.051555000216013, 38.875295000074289 ], [ -77.051553000216018, 38.875313000074243 ], [ -77.05155200021602, 38.875331000074254 ], [ -77.051550000216025, 38.875350000074206 ], [ -77.05154800021603, 38.875370000074156 ], [ -77.051546000216035, 38.875388000074167 ], [ -77.051543000216043, 38.875422000074082 ], [ -77.051541000216048, 38.875443000074085 ], [ -77.051539000216053, 38.875468000074022 ], [ -77.051536000216061, 38.875497000074006 ], [ -77.051533000216068, 38.87552700007393 ], [ -77.051529000216078, 38.875571000073876 ], [ -77.051565000216044, 38.875617000073817 ], [ -77.051541000216048, 38.875660000073708 ], [ -77.051531000216073, 38.875691000073687 ], [ -77.051524000216091, 38.875725000073658 ], [ -77.051517000216108, 38.875760000073569 ], [ -77.051512000216121, 38.875792000073545 ], [ -77.051506000216136, 38.87581800007348 ], [ -77.051499000216097, 38.875843000073473 ], [ -77.05149400021611, 38.875867000073413 ], [ -77.051489000216122, 38.87588800007336 ], [ -77.051483000216137, 38.875906000073371 ], [ -77.05147400021616, 38.875932000073306 ], [ -77.051467000216178, 38.875961000073289 ], [ -77.051457000216203, 38.875988000073221 ], [ -77.051443000216182, 38.876014000073155 ], [ -77.051430000216214, 38.876039000073149 ], [ -77.051425000216227, 38.876063000073088 ], [ -77.051423000216232, 38.876086000073087 ], [ -77.05142000021624, 38.876107000073034 ], [ -77.05142000021624, 38.876129000072979 ], [ -77.051421000216237, 38.876153000072975 ], [ -77.051425000216227, 38.876179000072909 ], [ -77.051429000216217, 38.876208000072893 ], [ -77.051434000216204, 38.87623700007282 ], [ -77.051438000216194, 38.876265000072806 ], [ -77.051442000216184, 38.87629100007274 ], [ -77.051446000216174, 38.876316000072734 ], [ -77.051452000216216, 38.876340000072673 ], [ -77.051463000216188, 38.876363000072615 ], [ -77.051472000216165, 38.876386000072614 ], [ -77.051479000216148, 38.876408000072558 ], [ -77.051488000216125, 38.876431000072557 ], [ -77.051497000216102, 38.876456000072494 ], [ -77.051505000216082, 38.87648400007248 ], [ -77.051513000216119, 38.876513000072407 ], [ -77.051521000216098, 38.876540000072339 ], [ -77.051531000216073, 38.876564000072335 ], [ -77.051543000216043, 38.876587000072277 ], [ -77.051559000216002, 38.876609000072278 ], [ -77.051576000216016, 38.87663200007222 ], [ -77.051592000215976, 38.876655000072162 ], [ -77.051605000215943, 38.876678000072161 ], [ -77.051619000215908, 38.876700000072105 ], [ -77.051638000215917, 38.876722000072107 ], [ -77.051654000215876, 38.876746000072046 ], [ -77.051666000215846, 38.876767000071993 ], [ -77.051678000215816, 38.876789000071994 ], [ -77.05169100021584, 38.876812000071936 ], [ -77.051704000215807, 38.876832000071886 ], [ -77.051718000215772, 38.876848000071902 ], [ -77.051731000215739, 38.876869000071849 ], [ -77.051748000215753, 38.876896000071838 ], [ -77.051766000215707, 38.87691900007178 ], [ -77.051789000215649, 38.876939000071729 ], [ -77.051813000215645, 38.876956000071743 ], [ -77.05183900021558, 38.876972000071703 ], [ -77.051862000215579, 38.876990000071658 ], [ -77.051883000215525, 38.877008000071612 ], [ -77.051904000215472, 38.877026000071623 ], [ -77.051925000215476, 38.877048000071568 ], [ -77.051947000215421, 38.877070000071569 ], [ -77.051968000215368, 38.877090000071519 ], [ -77.051986000215379, 38.877112000071463 ], [ -77.052003000215336, 38.877139000071452 ], [ -77.052027000215276, 38.877168000071379 ], [ -77.052054000215264, 38.877195000071367 ], [ -77.052080000215199, 38.877222000071299 ], [ -77.052103000215197, 38.877251000071283 ], [ -77.052123000215147, 38.877284000071199 ], [ -77.052146000215089, 38.877316000071175 ], [ -77.052170000215085, 38.8773460000711 ], [ -77.052194000215025, 38.877373000071088 ], [ -77.052218000215021, 38.877398000071025 ], [ -77.052240000214965, 38.877424000071017 ], [ -77.052263000214907, 38.877451000070948 ], [ -77.052284000214911, 38.87747700007094 ], [ -77.052307000214853, 38.877504000070871 ], [ -77.052334000214842, 38.877530000070806 ], [ -77.052361000214773, 38.877556000070797 ], [ -77.052386000214767, 38.877585000070724 ], [ -77.052409000214709, 38.877612000070712 ], [ -77.052429000214659, 38.877640000070642 ], [ -77.052448000214667, 38.877666000070633 ], [ -77.052468000214617, 38.877693000070565 ], [ -77.052490000214561, 38.877716000070563 ], [ -77.052514000214558, 38.877738000070508 ], [ -77.052534000214507, 38.87776100007045 ], [ -77.052552000214462, 38.877786000070444 ], [ -77.052570000214473, 38.877812000070378 ], [ -77.052590000214423, 38.877838000070369 ], [ -77.052610000214372, 38.877862000070309 ], [ -77.052632000214373, 38.877887000070302 ], [ -77.052654000214318, 38.877910000070244 ], [ -77.052675000214322, 38.877933000070186 ], [ -77.052696000214269, 38.877957000070182 ], [ -77.052717000214216, 38.877980000070124 ], [ -77.052741000214212, 38.878006000070116 ], [ -77.052770000214139, 38.87803200007005 ], [ -77.052802000214115, 38.878056000069989 ], [ -77.052833000214036, 38.878081000069983 ], [ -77.05286200021402, 38.878108000069915 ], [ -77.052890000213949, 38.878136000069901 ], [ -77.052918000213936, 38.878163000069833 ], [ -77.052945000213867, 38.878189000069824 ], [ -77.052971000213859, 38.878215000069758 ], [ -77.052997000213793, 38.878240000069752 ], [ -77.053024000213725, 38.878264000069692 ], [ -77.053054000213706, 38.878289000069628 ], [ -77.053089000213674, 38.878313000069625 ], [ -77.053119000213599, 38.878338000069562 ], [ -77.05314500021359, 38.878363000069555 ], [ -77.053172000213522, 38.878388000069492 ], [ -77.053194000213466, 38.878412000069488 ], [ -77.053214000213472, 38.87843500006943 ], [ -77.053173000213519, 38.87851700006928 ], [ -77.053243000213399, 38.878546000069264 ], [ -77.053300000213312, 38.878572000069198 ], [ -77.053335000213281, 38.878598000069189 ], [ -77.053348000213248, 38.878615000069146 ], [ -77.053362000213212, 38.878633000069101 ], [ -77.053376000213177, 38.8786560000691 ], [ -77.053392000213194, 38.878684000069029 ], [ -77.053409000213151, 38.878712000069015 ], [ -77.053427000213105, 38.87873800006895 ], [ -77.053444000213119, 38.878764000068941 ], [ -77.053461000213076, 38.878790000068875 ], [ -77.053476000213038, 38.878813000068817 ], [ -77.053491000213, 38.878837000068813 ], [ -77.053505000213022, 38.878860000068755 ], [ -77.053516000212994, 38.878884000068751 ], [ -77.053522000212979, 38.878909000068688 ], [ -77.053529000212961, 38.878934000068625 ], [ -77.053536000212944, 38.878955000068629 ], [ -77.053539000212936, 38.878984000068556 ], [ -77.053540000212934, 38.879006000068557 ], [ -77.0535760002129, 38.87900900006855 ], [ -77.053607000212821, 38.878988000068546 ], [ -77.053617000212853, 38.878971000068589 ], [ -77.053628000212825, 38.878954000068632 ], [ -77.053636000212805, 38.878926000068645 ], [ -77.053636000212805, 38.878888000068741 ], [ -77.053636000212805, 38.878867000068738 ], [ -77.053635000212807, 38.878848000068785 ], [ -77.053652000212765, 38.878828000068836 ], [ -77.053689000212728, 38.878826000068841 ], [ -77.05370800021268, 38.878837000068813 ], [ -77.053730000212681, 38.878855000068768 ], [ -77.053751000212628, 38.878876000068715 ], [ -77.05376600021259, 38.878901000068709 ], [ -77.053776000212565, 38.878925000068648 ], [ -77.05377800021256, 38.878945000068654 ], [ -77.05377400021257, 38.878964000068606 ], [ -77.053758000212611, 38.878996000068582 ], [ -77.053737000212664, 38.879021000068519 ], [ -77.053713000212667, 38.879022000068517 ], [ -77.053694000212715, 38.879039000068474 ], [ -77.053680000212751, 38.879065000068465 ], [ -77.053663000212737, 38.879089000068404 ], [ -77.053658000212749, 38.879107000068359 ], [ -77.053662000212739, 38.879126000068368 ], [ -77.053678000212756, 38.879144000068322 ], [ -77.0537000002127, 38.879177000068296 ], [ -77.05370800021268, 38.879194000068253 ], [ -77.05371600021266, 38.879221000068185 ], [ -77.053729000212684, 38.879236000068204 ], [ -77.053749000212633, 38.879258000068148 ], [ -77.053764000212595, 38.8792770000681 ], [ -77.053789000212589, 38.879309000068076 ], [ -77.053824000212501, 38.879347000068037 ], [ -77.053862000212462, 38.879397000067911 ], [ -77.053899000212368, 38.879448000067839 ], [ -77.05391300021239, 38.879463000067801 ], [ -77.053937000212329, 38.879491000067787 ], [ -77.053962000212323, 38.879523000067763 ], [ -77.05399100021225, 38.879553000067688 ], [ -77.054023000212226, 38.879585000067664 ], [ -77.054051000212155, 38.879616000067585 ], [ -77.054080000212139, 38.879648000067561 ], [ -77.054112000212058, 38.879681000067478 ], [ -77.054141000212041, 38.879712000067457 ], [ -77.054173000211961, 38.879742000067381 ], [ -77.054203000211942, 38.87976900006737 ], [ -77.054240000211848, 38.879797000067299 ], [ -77.054279000211807, 38.879825000067285 ], [ -77.05431600021177, 38.879857000067204 ], [ -77.054355000211672, 38.879884000067193 ], [ -77.054393000211633, 38.87991300006712 ], [ -77.054433000211588, 38.879939000067111 ], [ -77.054453000211538, 38.879952000067078 ], [ -77.054502000211471, 38.879985000066995 ], [ -77.054525000211413, 38.880000000067014 ], [ -77.054571000211354, 38.880031000066936 ], [ -77.05460700021132, 38.880053000066937 ], [ -77.054672000211212, 38.880086000066854 ], [ -77.054713000211109, 38.880112000066845 ], [ -77.054757000211055, 38.880134000066789 ], [ -77.054800000211003, 38.880155000066736 ], [ -77.054842000210954, 38.880174000066745 ], [ -77.054886000210843, 38.880190000066705 ], [ -77.054934000210778, 38.880202000066674 ], [ -77.054979000210722, 38.880215000066642 ], [ -77.055023000210667, 38.880227000066668 ], [ -77.055070000210549, 38.880241000066633 ], [ -77.055121000210477, 38.880253000066602 ], [ -77.055148000210465, 38.880259000066587 ], [ -77.055212000210361, 38.880274000066549 ], [ -77.055253000210314, 38.880284000066581 ], [ -77.055288000210226, 38.880289000066568 ], [ -77.055312000210222, 38.880293000066558 ], [ -77.055339000210154, 38.880285000066579 ], [ -77.055329000210179, 38.880265000066572 ], [ -77.055312000210222, 38.880243000066628 ], [ -77.055283000210238, 38.880215000066642 ], [ -77.055330000210176, 38.880222000066624 ], [ -77.055357000210108, 38.880232000066655 ], [ -77.055382000210102, 38.880245000066623 ], [ -77.055409000210034, 38.880259000066587 ], [ -77.055468000209942, 38.880249000066613 ], [ -77.055500000209918, 38.880275000066547 ], [ -77.055518000209872, 38.880291000066563 ], [ -77.05558100020977, 38.880342000066491 ], [ -77.055650000209653, 38.88033200006646 ], [ -77.055708000209563, 38.88032400006648 ], [ -77.055731000209562, 38.880321000066488 ], [ -77.05577400020951, 38.880359000066449 ], [ -77.055816000209404, 38.880367000066428 ], [ -77.055861000209347, 38.880373000066413 ], [ -77.055908000209286, 38.880378000066401 ], [ -77.055937000209212, 38.88038200006639 ], [ -77.055999000209113, 38.880388000066375 ], [ -77.056030000209091, 38.880389000066373 ], [ -77.056074000209037, 38.880391000066368 ], [ -77.05612700020896, 38.88039400006636 ], [ -77.056177000208834, 38.880396000066355 ], [ -77.056226000208767, 38.88039800006635 ], [ -77.056280000208687, 38.880399000066404 ], [ -77.056332000208613, 38.88039800006635 ], [ -77.056404000208488, 38.880425000066339 ], [ -77.056457000208411, 38.880389000066373 ], [ -77.056495000208372, 38.880363000066438 ], [ -77.056552000208285, 38.88038200006639 ], [ -77.056600000208221, 38.880377000066403 ], [ -77.056656000208136, 38.880371000066418 ], [ -77.056707000208007, 38.880368000066426 ], [ -77.056769000207964, 38.880362000066441 ], [ -77.056803000207879, 38.880358000066451 ], [ -77.056826000207877, 38.880355000066459 ], [ -77.056874000207756, 38.880350000066471 ], [ -77.056952000207673, 38.880342000066491 ], [ -77.05704700020749, 38.880327000066472 ], [ -77.057152000207338, 38.880314000066505 ], [ -77.057219000207226, 38.880305000066528 ], [ -77.057308000207115, 38.880293000066558 ], [ -77.057409000206917, 38.880280000066534 ], [ -77.057471000206874, 38.880272000066554 ], [ -77.057515000206763, 38.880265000066572 ], [ -77.0575850002067, 38.880259000066587 ], [ -77.057634000206576, 38.880256000066595 ], [ -77.057666000206552, 38.8802540000666 ], [ -77.057731000206445, 38.880253000066602 ], [ -77.057788000206358, 38.880252000066605 ], [ -77.057842000206278, 38.880253000066602 ], [ -77.057907000206171, 38.880257000066592 ], [ -77.057931000206111, 38.88026200006658 ], [ -77.057995000206063, 38.880278000066539 ], [ -77.05806200020595, 38.880299000066543 ], [ -77.058143000205803, 38.88032400006648 ], [ -77.058200000205716, 38.880344000066486 ], [ -77.058261000205619, 38.880364000066436 ], [ -77.058315000205539, 38.880380000066395 ], [ -77.058350000205508, 38.880389000066373 ], [ -77.05840700020542, 38.880403000066394 ], [ -77.0585170002052, 38.880430000066326 ], [ -77.058597000205111, 38.880452000066271 ], [ -77.058639000205062, 38.880464000066297 ], [ -77.058681000204956, 38.880478000066262 ], [ -77.058709000204942, 38.880493000066224 ], [ -77.058731000204887, 38.880514000066171 ], [ -77.058758000204875, 38.880539000066165 ], [ -77.058781000204817, 38.880562000066107 ], [ -77.058799000204772, 38.88057900006612 ], [ -77.058841000204723, 38.880620000066017 ], [ -77.058861000204672, 38.880641000066021 ], [ -77.058891000204653, 38.88066900006595 ], [ -77.058911000204603, 38.8806890000659 ], [ -77.058934000204601, 38.880711000065901 ], [ -77.058961000204533, 38.880738000065833 ], [ -77.058985000204473, 38.880762000065829 ], [ -77.059013000204459, 38.880790000065758 ], [ -77.059045000204378, 38.880820000065739 ], [ -77.059078000204352, 38.880852000065659 ], [ -77.059108000204333, 38.880883000065637 ], [ -77.059141000204249, 38.880914000065559 ], [ -77.059200000204157, 38.880985000065493 ], [ -77.059236000204123, 38.881060000065361 ], [ -77.059246000204098, 38.881079000065313 ], [ -77.059260000204063, 38.881101000065314 ], [ -77.059275000204025, 38.881125000065254 ], [ -77.059289000204046, 38.881147000065198 ], [ -77.059305000204006, 38.881173000065189 ], [ -77.059322000203963, 38.881200000065121 ], [ -77.059339000203977, 38.881228000065107 ], [ -77.059359000203926, 38.881263000065019 ], [ -77.059425000203817, 38.881350000064913 ], [ -77.061732000200209, 38.885077000059141 ], [ -77.061805000200138, 38.885178000058943 ], [ -77.061814000200116, 38.885195000058957 ], [ -77.061843000200042, 38.885237000058851 ], [ -77.061863000200049, 38.885266000058834 ], [ -77.061874000200021, 38.885282000058794 ], [ -77.061893000199973, 38.885313000058773 ], [ -77.061904000199945, 38.885329000058732 ], [ -77.061917000199969, 38.885350000058679 ], [ -77.061939000199914, 38.885381000058658 ], [ -77.061957000199868, 38.885412000058579 ], [ -77.061991000199839, 38.885461000058513 ], [ -77.062007000199799, 38.885487000058504 ], [ -77.062024000199756, 38.885512000058441 ], [ -77.06204500019976, 38.885545000058414 ], [ -77.062064000199712, 38.885574000058341 ], [ -77.06209500019969, 38.885619000058284 ], [ -77.062117000199635, 38.885655000058193 ], [ -77.062138000199582, 38.885686000058172 ], [ -77.062154000199598, 38.885712000058106 ], [ -77.062175000199545, 38.885743000058085 ], [ -77.062195000199495, 38.885774000058007 ], [ -77.062211000199511, 38.885802000057993 ], [ -77.062230000199463, 38.885826000057932 ], [ -77.0622550001994, 38.88586900005788 ], [ -77.062272000199414, 38.885894000057874 ], [ -77.062293000199361, 38.885925000057796 ], [ -77.062308000199323, 38.885950000057733 ], [ -77.062327000199332, 38.885980000057714 ], [ -77.062342000199294, 38.886003000057656 ], [ -77.062354000199264, 38.886026000057655 ], [ -77.062375000199211, 38.886057000057576 ], [ -77.062393000199222, 38.886085000057562 ], [ -77.062408000199184, 38.886110000057499 ], [ -77.062434000199119, 38.886149000057458 ], [ -77.062451000199133, 38.88617600005739 ], [ -77.062465000199097, 38.886204000057376 ], [ -77.062478000199064, 38.886221000057333 ], [ -77.062501000199063, 38.886264000057281 ], [ -77.06252200019901, 38.886298000057195 ], [ -77.062540000198965, 38.886328000057176 ], [ -77.062556000198981, 38.886356000057106 ], [ -77.062566000198956, 38.886371000057125 ], [ -77.06259200019889, 38.886412000057021 ], [ -77.062613000198894, 38.886445000056995 ], [ -77.062631000198849, 38.886472000056926 ], [ -77.062646000198811, 38.88649300005693 ], [ -77.062661000198773, 38.88651700005687 ], [ -77.062688000198762, 38.886555000056831 ], [ -77.062708000198711, 38.88658700005675 ], [ -77.062740000198687, 38.886632000056693 ], [ -77.062755000198649, 38.886654000056694 ], [ -77.062774000198601, 38.886684000056619 ], [ -77.062784000198576, 38.886704000056568 ], [ -77.0627970001986, 38.886725000056572 ], [ -77.062807000198575, 38.886742000056529 ], [ -77.062829000198519, 38.886778000056495 ], [ -77.062850000198523, 38.886806000056424 ], [ -77.062861000198495, 38.886823000056381 ], [ -77.06288700019843, 38.886861000056342 ], [ -77.062902000198392, 38.886883000056287 ], [ -77.062917000198411, 38.886911000056273 ], [ -77.062932000198373, 38.88693200005622 ], [ -77.062946000198338, 38.886954000056221 ], [ -77.06295700019831, 38.886972000056176 ], [ -77.062970000198334, 38.886989000056133 ], [ -77.062983000198301, 38.887005000056149 ], [ -77.062998000198263, 38.887027000056094 ], [ -77.063010000198233, 38.887044000056051 ], [ -77.063022000198259, 38.887064000056057 ], [ -77.063042000198209, 38.887091000055989 ], [ -77.063065000198151, 38.88712500005596 ], [ -77.063076000198123, 38.887144000055912 ], [ -77.063097000198127, 38.887172000055841 ], [ -77.063114000198084, 38.88719500005584 ], [ -77.063127000198051, 38.887216000055787 ], [ -77.063143000198068, 38.887236000055736 ], [ -77.063155000198037, 38.887254000055748 ], [ -77.063164000198014, 38.887268000055712 ], [ -77.063172000197994, 38.887284000055672 ], [ -77.063188000197954, 38.887307000055671 ], [ -77.06320800019796, 38.887336000055598 ], [ -77.063226000197915, 38.887363000055586 ], [ -77.063237000197887, 38.887380000055543 ], [ -77.063255000197898, 38.887408000055473 ], [ -77.06327400019785, 38.887438000055454 ], [ -77.063293000197802, 38.887468000055378 ], [ -77.06330200019778, 38.887486000055389 ], [ -77.063308000197765, 38.887499000055357 ], [ -77.063331000197763, 38.887538000055315 ], [ -77.063354000197705, 38.887571000055232 ], [ -77.063365000197678, 38.887585000055196 ], [ -77.063379000197699, 38.887605000055203 ], [ -77.063395000197659, 38.887629000055142 ], [ -77.063413000197613, 38.887657000055128 ], [ -77.063423000197588, 38.88767200005509 ], [ -77.06343300019762, 38.887689000055047 ], [ -77.063447000197584, 38.887710000055051 ], [ -77.063459000197554, 38.887725000055013 ], [ -77.063469000197529, 38.887734000054991 ], [ -77.063486000197486, 38.88776200005492 ], [ -77.063497000197515, 38.887781000054929 ], [ -77.063509000197485, 38.887799000054883 ], [ -77.063520000197457, 38.887817000054838 ], [ -77.063531000197429, 38.887835000054849 ], [ -77.063547000197445, 38.887858000054791 ], [ -77.063558000197418, 38.887876000054746 ], [ -77.063570000197387, 38.887891000054765 ], [ -77.063575000197375, 38.887903000054735 ], [ -77.063590000197337, 38.887922000054687 ], [ -77.063597000197319, 38.887936000054651 ], [ -77.063608000197348, 38.88795100005467 ], [ -77.063625000197305, 38.88797500005461 ], [ -77.06363100019729, 38.887986000054582 ], [ -77.063641000197265, 38.888003000054596 ], [ -77.063658000197222, 38.888026000054538 ], [ -77.063686000197208, 38.888068000054488 ], [ -77.063696000197183, 38.888089000054435 ], [ -77.063704000197163, 38.88809900005441 ], [ -77.06371300019714, 38.888115000054427 ], [ -77.063734000197144, 38.888144000054353 ], [ -77.063742000197124, 38.888158000054318 ], [ -77.063760000197078, 38.888185000054307 ], [ -77.06377100019705, 38.888203000054261 ], [ -77.063785000197072, 38.888225000054206 ], [ -77.063801000197031, 38.888248000054205 ], [ -77.063818000196989, 38.888275000054136 ], [ -77.063837000196941, 38.888303000054123 ], [ -77.063856000196949, 38.888334000054044 ], [ -77.063884000196879, 38.88837800005399 ], [ -77.063897000196903, 38.888396000053945 ], [ -77.063911000196867, 38.888416000053951 ], [ -77.063929000196822, 38.88844400005388 ], [ -77.063950000196769, 38.888477000053854 ], [ -77.06396400019679, 38.888498000053801 ], [ -77.063983000196743, 38.888527000053784 ], [ -77.064009000196677, 38.888568000053681 ], [ -77.064025000196693, 38.888593000053675 ], [ -77.064039000196658, 38.888615000053619 ], [ -77.064057000196613, 38.888642000053608 ], [ -77.064072000196575, 38.88866500005355 ], [ -77.064085000196599, 38.888685000053499 ], [ -77.064094000196576, 38.888699000053521 ], [ -77.064107000196543, 38.88871900005347 ], [ -77.064133000196534, 38.888761000053421 ], [ -77.064181000196413, 38.888833000053296 ], [ -77.06425100019635, 38.888956000053099 ], [ -77.064311000196255, 38.889104000052839 ], [ -77.06432500019622, 38.88914600005279 ], [ -77.064354000196147, 38.889255000052628 ], [ -77.064365000196176, 38.889287000052605 ], [ -77.064377000196146, 38.889325000052509 ], [ -77.064384000196128, 38.889360000052477 ], [ -77.064393000196105, 38.889408000052413 ], [ -77.064402000196083, 38.889442000052327 ], [ -77.064409000196065, 38.889473000052305 ], [ -77.064414000196052, 38.889502000052232 ], [ -77.064418000196042, 38.889535000052206 ], [ -77.06441500019605, 38.889571000052115 ], [ -77.064409000196065, 38.889598000052104 ], [ -77.064389000196115, 38.889643000052047 ], [ -77.064378000196143, 38.889659000052006 ], [ -77.064363000196124, 38.889677000051961 ], [ -77.064339000196185, 38.889712000051929 ], [ -77.064318000196238, 38.889741000051856 ], [ -77.064296000196236, 38.889761000051863 ], [ -77.064269000196305, 38.889781000051812 ], [ -77.064240000196321, 38.889801000051762 ], [ -77.064223000196364, 38.889814000051786 ], [ -77.064186000196401, 38.889859000051672 ], [ -77.064131000196539, 38.8899100000516 ], [ -77.064089000196589, 38.889946000051566 ], [ -77.064059000196607, 38.88996800005151 ], [ -77.064026000196691, 38.889989000051514 ], [ -77.064003000196692, 38.890000000051486 ], [ -77.063946000196779, 38.890029000051413 ], [ -77.063904000196885, 38.890046000051427 ], [ -77.063845000196977, 38.890078000051346 ], [ -77.063823000196976, 38.890098000051296 ], [ -77.063805000197021, 38.8901190000513 ], [ -77.063788000197064, 38.890143000051239 ], [ -77.063778000197033, 38.89016500005124 ], [ -77.063773000197045, 38.890190000051177 ], [ -77.063785000197072, 38.89025500005107 ], [ -77.063799000197037, 38.890290000051039 ], [ -77.063816000196994, 38.890316000050973 ], [ -77.063845000196977, 38.890343000050962 ], [ -77.063877000196896, 38.890359000050921 ], [ -77.063908000196875, 38.890383000050861 ], [ -77.063927000196827, 38.890414000050839 ], [ -77.063940000196794, 38.890451000050746 ], [ -77.063952000196764, 38.890488000050709 ], [ -77.063974000196765, 38.890529000050662 ], [ -77.063995000196712, 38.890563000050577 ], [ -77.064023000196698, 38.890602000050535 ], [ -77.06404200019665, 38.890631000050519 ], [ -77.064065000196592, 38.890671000050418 ], [ -77.064076000196621, 38.890758000050312 ], [ -77.06405800019661, 38.890819000050215 ], [ -77.064017000196714, 38.890880000050117 ], [ -77.063998000196705, 38.890903000050059 ], [ -77.063990000196725, 38.890944000050013 ], [ -77.064010000196674, 38.890990000049953 ], [ -77.064037000196663, 38.891012000049898 ], [ -77.06406600019659, 38.891026000049862 ], [ -77.064103000196553, 38.891043000049876 ], [ -77.064140000196517, 38.891073000049801 ], [ -77.064159000196469, 38.89109300004975 ], [ -77.064183000196408, 38.891121000049736 ], [ -77.064202000196417, 38.891155000049707 ], [ -77.064223000196364, 38.891192000049614 ], [ -77.064246000196306, 38.891235000049562 ], [ -77.06427500019629, 38.891297000049462 ], [ -77.064289000196254, 38.891335000049423 ], [ -77.064302000196221, 38.891371000049332 ], [ -77.064324000196223, 38.891407000049298 ], [ -77.064343000196175, 38.891413000049283 ], [ -77.064373000196156, 38.891413000049283 ], [ -77.064392000196108, 38.891413000049283 ], [ -77.064417000196045, 38.891414000049281 ], [ -77.064435000196056, 38.891423000049258 ], [ -77.064454000196008, 38.891449000049249 ], [ -77.064463000195985, 38.891470000049196 ], [ -77.064472000195963, 38.891488000049151 ], [ -77.064489000195977, 38.891509000049155 ], [ -77.064530000195873, 38.891547000049059 ], [ -77.064538000195853, 38.891557000049033 ], [ -77.064548000195884, 38.89157700004904 ], [ -77.064555000195867, 38.891590000049007 ], [ -77.064568000195834, 38.891615000048944 ], [ -77.064589000195781, 38.891644000048927 ], [ -77.064601000195808, 38.891661000048884 ], [ -77.064643000195701, 38.891715000048805 ], [ -77.064696000195624, 38.891852000048573 ], [ -77.064703000195607, 38.891884000048549 ], [ -77.064700000195614, 38.891895000048521 ], [ -77.064692000195635, 38.891923000048507 ], [ -77.064689000195642, 38.891938000048469 ], [ -77.06469000019564, 38.891954000048429 ], [ -77.064691000195637, 38.891969000048391 ], [ -77.064692000195635, 38.891978000048425 ], [ -77.064693000195632, 38.892015000048332 ], [ -77.064692000195635, 38.892035000048338 ], [ -77.06469400019563, 38.892051000048298 ], [ -77.064697000195622, 38.89206600004826 ], [ -77.064699000195617, 38.892076000048235 ], [ -77.064705000195602, 38.892100000048231 ], [ -77.064708000195594, 38.892114000048196 ], [ -77.064712000195584, 38.89214000004813 ], [ -77.064727000195603, 38.892227000048024 ], [ -77.064745000195558, 38.892256000047951 ], [ -77.064747000195553, 38.892285000047934 ], [ -77.064733000195588, 38.892321000047843 ], [ -77.064712000195584, 38.892344000047842 ], [ -77.064702000195609, 38.892356000047812 ], [ -77.064696000195624, 38.892376000047761 ], [ -77.064720000195621, 38.892479000047615 ], [ -77.06475600019553, 38.892584000047464 ], [ -77.064773000195487, 38.892607000047406 ], [ -77.064794000195491, 38.892623000047422 ], [ -77.064815000195438, 38.892644000047369 ], [ -77.064827000195407, 38.892665000047316 ], [ -77.064838000195437, 38.892689000047312 ], [ -77.064842000195426, 38.892712000047254 ], [ -77.064835000195444, 38.892749000047218 ], [ -77.064839000195434, 38.892780000047139 ], [ -77.064855000195394, 38.892829000047072 ], [ -77.064861000195378, 38.892851000047074 ], [ -77.064870000195356, 38.892876000047011 ], [ -77.064909000195314, 38.892995000046824 ], [ -77.064952000195262, 38.893107000046655 ], [ -77.065000000195141, 38.8932530000464 ], [ -77.06501500019516, 38.893295000046351 ], [ -77.06503100019512, 38.893331000046317 ], [ -77.065049000195074, 38.893374000046208 ], [ -77.065068000195083, 38.893411000046171 ], [ -77.065086000195038, 38.893447000046137 ], [ -77.065102000194997, 38.893482000046049 ], [ -77.065112000194972, 38.893505000046048 ], [ -77.065124000194942, 38.89353200004598 ], [ -77.065133000194976, 38.893557000045973 ], [ -77.065157000194915, 38.893605000045852 ], [ -77.06517900019486, 38.893637000045828 ], [ -77.065199000194866, 38.893667000045809 ], [ -77.06522900019479, 38.89372900004571 ], [ -77.065247000194802, 38.893753000045649 ], [ -77.065268000194749, 38.893775000045594 ], [ -77.065284000194708, 38.893792000045607 ], [ -77.06530600019471, 38.893809000045565 ], [ -77.065333000194641, 38.893844000045533 ], [ -77.065342000194619, 38.893868000045472 ], [ -77.06536000019463, 38.893902000045443 ], [ -77.06538000019458, 38.893933000045365 ], [ -77.065397000194537, 38.893965000045341 ], [ -77.065466000194419, 38.894053000045176 ], [ -77.06551600019435, 38.894138000045075 ], [ -77.065568000194276, 38.89422600004491 ], [ -77.065614000194216, 38.89430000004478 ], [ -77.065700000194056, 38.894459000044549 ], [ -77.06579100019394, 38.894539000044404 ], [ -77.065815000193879, 38.894554000044423 ], [ -77.065854000193838, 38.894560000044407 ], [ -77.065889000193806, 38.894552000044428 ], [ -77.065915000193741, 38.894537000044409 ], [ -77.066005000193627, 38.894530000044426 ], [ -77.065989000193611, 38.894601000044304 ], [ -77.065952000193704, 38.894628000044293 ], [ -77.065933000193695, 38.894642000044257 ], [ -77.065908000193758, 38.894663000044261 ], [ -77.065887000193811, 38.894690000044193 ], [ -77.065878000193777, 38.894718000044122 ], [ -77.065905000193766, 38.894833000043946 ], [ -77.065948000193714, 38.894887000043866 ], [ -77.066025000193576, 38.894988000043725 ], [ -77.066106000193429, 38.895104000043546 ], [ -77.066173000193317, 38.895221000043364 ], [ -77.066196000193315, 38.89526100004332 ], [ -77.066213000193272, 38.895291000043244 ], [ -77.066231000193227, 38.895322000043222 ], [ -77.066261000193208, 38.895376000043143 ], [ -77.06627600019317, 38.895402000043077 ], [ -77.066290000193135, 38.895430000043064 ], [ -77.066308000193146, 38.895468000042968 ], [ -77.066318000193121, 38.895492000042964 ], [ -77.066330000193091, 38.895517000042901 ], [ -77.066341000193063, 38.895540000042899 ], [ -77.066347000193048, 38.895560000042849 ], [ -77.066355000193084, 38.895577000042806 ], [ -77.066368000193052, 38.895631000042727 ], [ -77.066374000193036, 38.895650000042679 ], [ -77.066382000193016, 38.895673000042677 ], [ -77.066402000192966, 38.895720000042616 ], [ -77.066432000192947, 38.895771000042544 ], [ -77.066443000192919, 38.895797000042478 ], [ -77.066457000192884, 38.895829000042454 ], [ -77.066465000192863, 38.895850000042401 ], [ -77.066480000192882, 38.895879000042328 ], [ -77.066504000192822, 38.895901000042329 ], [ -77.066531000192811, 38.895941000042228 ], [ -77.066544000192778, 38.895968000042217 ], [ -77.066553000192755, 38.895985000042174 ], [ -77.066574000192702, 38.896018000042147 ], [ -77.066588000192723, 38.896040000042092 ], [ -77.06660900019267, 38.896073000042065 ], [ -77.066628000192622, 38.896105000041985 ], [ -77.066644000192639, 38.896136000041963 ], [ -77.066665000192586, 38.896178000041857 ], [ -77.06668700019253, 38.896213000041826 ], [ -77.066696000192508, 38.89623100004178 ], [ -77.066705000192542, 38.896249000041792 ], [ -77.066715000192517, 38.896269000041741 ], [ -77.066738000192458, 38.896314000041684 ], [ -77.06675700019241, 38.896351000041591 ], [ -77.066783000192402, 38.896405000041511 ], [ -77.066803000192351, 38.89644400004147 ], [ -77.06682200019236, 38.896477000041443 ], [ -77.066835000192327, 38.896497000041393 ], [ -77.066860000192264, 38.896534000041356 ], [ -77.066893000192238, 38.896586000041225 ], [ -77.06691200019219, 38.896618000041201 ], [ -77.066923000192162, 38.896636000041156 ], [ -77.066934000192134, 38.896655000041164 ], [ -77.066946000192161, 38.896674000041116 ], [ -77.066957000192133, 38.896698000041056 ], [ -77.066968000192105, 38.896722000041052 ], [ -77.06697800019208, 38.896745000040994 ], [ -77.066989000192052, 38.896767000040995 ], [ -77.067000000192081, 38.89678900004094 ], [ -77.067012000192051, 38.896812000040882 ], [ -77.067025000192018, 38.896837000040875 ], [ -77.067039000191983, 38.89685900004082 ], [ -77.06705200019195, 38.896882000040819 ], [ -77.067067000191969, 38.896905000040761 ], [ -77.067082000191931, 38.896928000040702 ], [ -77.067095000191898, 38.896951000040701 ], [ -77.067108000191865, 38.896975000040641 ], [ -77.067122000191887, 38.897000000040634 ], [ -77.067138000191846, 38.897023000040576 ], [ -77.067153000191809, 38.897046000040518 ], [ -77.067165000191778, 38.897070000040515 ], [ -77.06717500019181, 38.897091000040461 ], [ -77.06718300019179, 38.897109000040416 ], [ -77.067195000191759, 38.897132000040415 ], [ -77.067206000191732, 38.897149000040372 ], [ -77.067224000191686, 38.897161000040342 ], [ -77.067218000191701, 38.897227000040232 ], [ -77.067250000191677, 38.897294000040176 ], [ -77.067256000191662, 38.897313000040128 ], [ -77.06726100019165, 38.89733200004008 ], [ -77.067267000191634, 38.897352000040087 ], [ -77.067272000191622, 38.897371000040039 ], [ -77.067276000191612, 38.897391000039988 ], [ -77.067282000191597, 38.897410000039997 ], [ -77.067287000191641, 38.897430000039947 ], [ -77.067292000191628, 38.897452000039891 ], [ -77.067297000191616, 38.897473000039895 ], [ -77.067301000191605, 38.897492000039847 ], [ -77.067305000191595, 38.897526000039818 ], [ -77.06730700019159, 38.897546000039767 ], [ -77.067310000191583, 38.89756500003972 ], [ -77.067313000191575, 38.897584000039728 ], [ -77.067314000191573, 38.89760300003968 ], [ -77.067317000191565, 38.8976350000396 ], [ -77.067321000191555, 38.897664000039583 ], [ -77.067322000191552, 38.897691000039515 ], [ -77.06732300019155, 38.897718000039504 ], [ -77.067329000191535, 38.897749000039425 ], [ -77.067337000191515, 38.897782000039399 ], [ -77.067346000191549, 38.897818000039365 ], [ -77.067350000191539, 38.897837000039317 ], [ -77.067355000191526, 38.897855000039272 ], [ -77.067369000191491, 38.897888000039245 ], [ -77.06738900019144, 38.897915000039177 ], [ -77.067407000191452, 38.897939000039173 ], [ -77.067421000191416, 38.897963000039113 ], [ -77.067430000191393, 38.897983000039062 ], [ -77.067444000191358, 38.897999000039079 ], [ -77.067458000191323, 38.89802200003902 ], [ -77.067461000191315, 38.898050000039007 ], [ -77.067464000191364, 38.898081000038928 ], [ -77.067469000191352, 38.898099000038883 ], [ -77.067496000191284, 38.89810000003888 ], [ -77.067507000191256, 38.898083000038923 ], [ -77.067525000191267, 38.898069000038959 ], [ -77.067550000191204, 38.898057000038989 ], [ -77.067573000191146, 38.898048000038955 ], [ -77.067595000191147, 38.898094000038896 ], [ -77.067565000191166, 38.898106000038865 ], [ -77.067530000191255, 38.898120000038887 ], [ -77.067493000191291, 38.898134000038851 ], [ -77.067476000191334, 38.898152000038806 ], [ -77.067470000191349, 38.898182000038787 ], [ -77.067465000191362, 38.898214000038706 ], [ -77.067470000191349, 38.898232000038718 ], [ -77.067476000191334, 38.898250000038672 ], [ -77.067482000191319, 38.898270000038622 ], [ -77.067486000191309, 38.898288000038633 ], [ -77.067497000191281, 38.898322000038547 ], [ -77.067512000191243, 38.898357000038516 ], [ -77.067520000191223, 38.898376000038468 ], [ -77.067529000191257, 38.89839500003842 ], [ -77.067539000191232, 38.898413000038431 ], [ -77.067548000191209, 38.898430000038388 ], [ -77.067560000191179, 38.898462000038364 ], [ -77.067570000191154, 38.898493000038286 ], [ -77.067580000191185, 38.89852200003827 ], [ -77.067588000191165, 38.898556000038184 ], [ -77.067592000191155, 38.898574000038138 ], [ -77.067597000191142, 38.898605000038117 ], [ -77.067601000191132, 38.898640000038085 ], [ -77.06760600019112, 38.898674000038 ], [ -77.067609000191112, 38.898692000037954 ], [ -77.067612000191104, 38.898723000037933 ], [ -77.067613000191102, 38.898755000037909 ], [ -77.067614000191099, 38.898774000037861 ], [ -77.067616000191094, 38.898793000037813 ], [ -77.067619000191087, 38.898827000037784 ], [ -77.067619000191087, 38.898846000037736 ], [ -77.067621000191082, 38.898875000037719 ], [ -77.067622000191079, 38.898908000037636 ], [ -77.067616000191094, 38.898943000037605 ], [ -77.067607000191117, 38.898962000037557 ], [ -77.067597000191142, 38.898981000037509 ], [ -77.067588000191165, 38.898998000037523 ], [ -77.067571000191151, 38.899028000037447 ], [ -77.067553000191197, 38.899056000037433 ], [ -77.067538000191234, 38.899079000037375 ], [ -77.06753600019124, 38.899128000037308 ], [ -77.067572000191149, 38.899229000037167 ], [ -77.067584000191175, 38.899247000037121 ], [ -77.067595000191147, 38.899265000037076 ], [ -77.06760600019112, 38.899283000037087 ], [ -77.067619000191087, 38.899303000037037 ], [ -77.067631000191057, 38.899324000036984 ], [ -77.067642000191086, 38.899345000036988 ], [ -77.067653000191058, 38.899365000036937 ], [ -77.06766400019103, 38.899386000036884 ], [ -77.067675000191002, 38.89940600003689 ], [ -77.06768400019098, 38.899424000036845 ], [ -77.067691000190962, 38.8994420000368 ], [ -77.067699000190999, 38.899461000036808 ], [ -77.067710000190971, 38.89948000003676 ], [ -77.067720000190945, 38.899499000036712 ], [ -77.06774200019089, 38.899535000036678 ], [ -77.067826000190792, 38.899607000036553 ], [ -77.067848000190736, 38.899619000036523 ], [ -77.067871000190678, 38.899630000036552 ], [ -77.067894000190677, 38.899640000036527 ], [ -77.067920000190611, 38.899650000036502 ], [ -77.067946000190602, 38.899660000036477 ], [ -77.067972000190537, 38.899668000036456 ], [ -77.067995000190535, 38.899676000036436 ], [ -77.06801700019048, 38.899684000036416 ], [ -77.068053000190446, 38.899707000036415 ], [ -77.068070000190403, 38.899722000036377 ], [ -77.068084000190368, 38.899738000036336 ], [ -77.068097000190335, 38.899753000036355 ], [ -77.068115000190346, 38.899776000036297 ], [ -77.068132000190303, 38.899796000036247 ], [ -77.06814900019026, 38.899815000036256 ], [ -77.068159000190235, 38.89983300003621 ], [ -77.06816100019023, 38.899854000036157 ], [ -77.068162000190227, 38.899874000036164 ], [ -77.06816100019023, 38.899893000036116 ], [ -77.068164000190279, 38.899921000036102 ], [ -77.068208000190168, 38.899950000036029 ], [ -77.068245000190132, 38.899965000035991 ], [ -77.068264000190084, 38.89997700003596 ], [ -77.06828400019009, 38.899989000035987 ], [ -77.068304000190039, 38.900002000035954 ], [ -77.068324000189989, 38.900017000035916 ], [ -77.068341000190003, 38.900032000035878 ], [ -77.06835400018997, 38.900049000035892 ], [ -77.068368000189935, 38.900066000035849 ], [ -77.068382000189899, 38.900082000035809 ], [ -77.068399000189913, 38.900098000035825 ], [ -77.068415000189873, 38.900114000035785 ], [ -77.06843200018983, 38.900130000035745 ], [ -77.068450000189785, 38.900146000035704 ], [ -77.068469000189793, 38.900162000035721 ], [ -77.068491000189738, 38.90017800003568 ], [ -77.068515000189734, 38.90019400003564 ], [ -77.068537000189679, 38.900210000035599 ], [ -77.068559000189623, 38.900225000035618 ], [ -77.068579000189629, 38.900241000035578 ], [ -77.068599000189579, 38.900257000035538 ], [ -77.068619000189528, 38.900273000035554 ], [ -77.06864100018953, 38.900288000035516 ], [ -77.068665000189469, 38.900304000035476 ], [ -77.068692000189458, 38.90032200003543 ], [ -77.06871900018939, 38.900339000035444 ], [ -77.068744000189326, 38.900354000035406 ], [ -77.068770000189318, 38.900370000035366 ], [ -77.068794000189257, 38.900387000035323 ], [ -77.068820000189248, 38.900404000035337 ], [ -77.06884700018918, 38.900421000035294 ], [ -77.068875000189166, 38.900436000035256 ], [ -77.068899000189106, 38.900451000035275 ], [ -77.06892100018905, 38.90046500003524 ], [ -77.068944000189049, 38.900475000035215 ], [ -77.068966000188993, 38.900484000035192 ], [ -77.069009000188942, 38.900498000035157 ], [ -77.069032000188884, 38.900503000035144 ], [ -77.06905600018888, 38.900507000035191 ], [ -77.069100000188826, 38.900514000035173 ], [ -77.069123000188767, 38.900520000035158 ], [ -77.069160000188731, 38.900534000035123 ], [ -77.069193000188648, 38.900550000035082 ], [ -77.069269000188513, 38.900582000035058 ], [ -77.069345000188434, 38.900594000035028 ], [ -77.069376000188356, 38.900598000035018 ], [ -77.069407000188335, 38.900603000035005 ], [ -77.069441000188249, 38.90061300003498 ], [ -77.069465000188245, 38.900623000035012 ], [ -77.069491000188179, 38.900635000034981 ], [ -77.069518000188168, 38.900648000034948 ], [ -77.069547000188095, 38.900661000034916 ], [ -77.069580000188068, 38.900674000034883 ], [ -77.069612000187988, 38.900687000034907 ], [ -77.069645000187961, 38.900701000034871 ], [ -77.06967700018788, 38.900716000034834 ], [ -77.069704000187869, 38.900730000034798 ], [ -77.069730000187803, 38.900742000034825 ], [ -77.06975800018779, 38.900755000034792 ], [ -77.069786000187719, 38.900769000034757 ], [ -77.069813000187708, 38.900784000034719 ], [ -77.069840000187639, 38.900799000034738 ], [ -77.069868000187626, 38.900812000034705 ], [ -77.069895000187557, 38.900824000034675 ], [ -77.069919000187554, 38.900836000034644 ], [ -77.069953000187468, 38.900851000034606 ], [ -77.069981000187454, 38.900863000034633 ], [ -77.070009000187383, 38.900874000034605 ], [ -77.070036000187372, 38.90088400003458 ], [ -77.070064000187301, 38.900895000034552 ], [ -77.070091000187233, 38.900908000034519 ], [ -77.070118000187222, 38.900920000034546 ], [ -77.070142000187161, 38.900932000034516 ], [ -77.070164000187162, 38.90094200003449 ], [ -77.070187000187104, 38.900951000034468 ], [ -77.070210000187103, 38.900959000034447 ], [ -77.070233000187045, 38.900968000034425 ], [ -77.070257000186984, 38.900977000034459 ], [ -77.070283000186976, 38.900985000034439 ], [ -77.070306000186918, 38.900993000034418 ], [ -77.070326000186924, 38.901009000034378 ], [ -77.070360000186838, 38.901034000034372 ], [ -77.070469000186677, 38.901104000034252 ], [ -77.070583000186502, 38.901178000034122 ], [ -77.070657000186372, 38.901195000034079 ], [ -77.070687000186354, 38.901194000034081 ], [ -77.070718000186275, 38.901193000034084 ], [ -77.070744000186266, 38.901192000034087 ], [ -77.070768000186206, 38.901186000034102 ], [ -77.070792000186145, 38.901176000034127 ], [ -77.070816000186142, 38.901166000034152 ], [ -77.070840000186081, 38.90115900003417 ], [ -77.070880000186037, 38.90115500003418 ], [ -77.070924000185983, 38.901150000034193 ], [ -77.070947000185924, 38.901146000034146 ], [ -77.07099500018586, 38.901144000034151 ], [ -77.071021000185794, 38.901144000034151 ], [ -77.071046000185788, 38.901143000034153 ], [ -77.07107300018572, 38.901142000034156 ], [ -77.071099000185711, 38.901141000034158 ], [ -77.071123000185651, 38.901140000034161 ], [ -77.071148000185644, 38.901139000034163 ], [ -77.071173000185581, 38.901139000034163 ], [ -77.071202000185508, 38.901138000034166 ], [ -77.071309000185352, 38.901141000034158 ], [ -77.071341000185328, 38.901140000034161 ], [ -77.071375000185242, 38.901139000034163 ], [ -77.071411000185208, 38.901138000034166 ], [ -77.071445000185179, 38.901137000034169 ], [ -77.071474000185106, 38.901137000034169 ], [ -77.071501000185094, 38.901135000034174 ], [ -77.071529000185024, 38.901132000034181 ], [ -77.071558000185007, 38.901128000034191 ], [ -77.071587000184934, 38.901124000034201 ], [ -77.071616000184918, 38.901120000034211 ], [ -77.071642000184852, 38.901116000034222 ], [ -77.071665000184794, 38.901110000034237 ], [ -77.071687000184795, 38.901104000034252 ], [ -77.071710000184737, 38.901098000034267 ], [ -77.071736000184728, 38.90109300003428 ], [ -77.071766000184653, 38.901087000034238 ], [ -77.071796000184634, 38.901083000034248 ], [ -77.071826000184558, 38.901080000034256 ], [ -77.071855000184541, 38.901079000034258 ], [ -77.071886000184463, 38.901078000034261 ], [ -77.071919000184437, 38.901076000034266 ], [ -77.071951000184356, 38.901075000034268 ], [ -77.071982000184335, 38.901074000034271 ], [ -77.072011000184261, 38.901073000034273 ], [ -77.072041000184242, 38.901072000034276 ], [ -77.072071000184167, 38.901071000034278 ], [ -77.072102000184145, 38.901070000034281 ], [ -77.07213200018407, 38.901070000034281 ], [ -77.072160000184056, 38.901069000034283 ], [ -77.072185000183993, 38.901069000034283 ], [ -77.072209000183989, 38.901068000034286 ], [ -77.072235000183923, 38.901068000034286 ], [ -77.072262000183912, 38.901069000034283 ], [ -77.072292000183836, 38.901069000034283 ], [ -77.072322000183817, 38.901068000034286 ], [ -77.072351000183744, 38.901068000034286 ], [ -77.072380000183728, 38.901067000034288 ], [ -77.072409000183654, 38.901066000034291 ], [ -77.072439000183635, 38.901065000034293 ], [ -77.072468000183562, 38.901065000034293 ], [ -77.072493000183556, 38.901064000034296 ], [ -77.072517000183495, 38.901063000034299 ], [ -77.072541000183435, 38.901063000034299 ], [ -77.072566000183429, 38.901062000034301 ], [ -77.072592000183363, 38.901062000034301 ], [ -77.072620000183349, 38.901061000034304 ], [ -77.072648000183278, 38.901061000034304 ], [ -77.072672000183275, 38.901060000034306 ], [ -77.072711000183176, 38.901061000034304 ], [ -77.072750000183134, 38.901064000034296 ], [ -77.072775000183071, 38.901066000034291 ], [ -77.072803000183058, 38.901068000034286 ], [ -77.072849000182998, 38.901072000034276 ], [ -77.072894000182885, 38.901079000034258 ], [ -77.072920000182876, 38.901083000034248 ], [ -77.072951000182798, 38.901087000034238 ], [ -77.072985000182769, 38.901091000034285 ], [ -77.073020000182737, 38.901094000034277 ], [ -77.073051000182659, 38.901096000034272 ], [ -77.073083000182635, 38.901099000034264 ], [ -77.073116000182551, 38.901102000034257 ], [ -77.073153000182515, 38.901104000034252 ], [ -77.073186000182432, 38.901107000034244 ], [ -77.073215000182415, 38.901110000034237 ], [ -77.073243000182345, 38.901112000034232 ], [ -77.073270000182333, 38.901114000034227 ], [ -77.073297000182265, 38.901117000034219 ], [ -77.073322000182259, 38.901118000034216 ], [ -77.073347000182196, 38.901120000034211 ], [ -77.073373000182187, 38.901123000034204 ], [ -77.073400000182119, 38.901128000034191 ], [ -77.073428000182105, 38.901135000034174 ], [ -77.073459000182027, 38.901143000034153 ], [ -77.073492000182, 38.90115100003419 ], [ -77.073528000181909, 38.90115900003417 ], [ -77.073561000181883, 38.901168000034147 ], [ -77.073591000181807, 38.901176000034127 ], [ -77.073620000181791, 38.901184000034107 ], [ -77.073650000181715, 38.901190000034092 ], [ -77.073677000181704, 38.901196000034076 ], [ -77.07370200018164, 38.901203000034059 ], [ -77.073726000181637, 38.9012090000341 ], [ -77.073764000181541, 38.90122100003407 ], [ -77.073802000181502, 38.90123300003404 ], [ -77.073848000181442, 38.90124500003401 ], [ -77.073876000181372, 38.901251000033994 ], [ -77.07390300018136, 38.901258000033977 ], [ -77.073926000181302, 38.901265000034016 ], [ -77.073951000181296, 38.901273000033996 ], [ -77.073975000181235, 38.901282000033973 ], [ -77.074000000181172, 38.901292000033948 ], [ -77.074025000181166, 38.901301000033925 ], [ -77.0740510001811, 38.901309000033905 ], [ -77.074077000181092, 38.901316000033887 ], [ -77.074103000181026, 38.901321000033874 ], [ -77.074129000181017, 38.901326000033919 ], [ -77.074156000180949, 38.901332000033904 ], [ -77.07418600018093, 38.901339000033886 ], [ -77.074221000180842, 38.901346000033868 ], [ -77.07425600018081, 38.901353000033851 ], [ -77.074289000180727, 38.90136100003383 ], [ -77.074320000180705, 38.901371000033805 ], [ -77.074353000180622, 38.901380000033782 ], [ -77.074390000180586, 38.901388000033819 ], [ -77.074426000180551, 38.901396000033799 ], [ -77.074457000180473, 38.901404000033779 ], [ -77.074487000180454, 38.901412000033758 ], [ -77.074519000180373, 38.901419000033741 ], [ -77.074555000180339, 38.901425000033726 ], [ -77.074591000180249, 38.901430000033713 ], [ -77.074624000180222, 38.9014350000337 ], [ -77.074655000180201, 38.901440000033745 ], [ -77.074688000180117, 38.901445000033732 ], [ -77.074727000180076, 38.901451000033717 ], [ -77.074766000179977, 38.901458000033699 ], [ -77.074800000179948, 38.901464000033684 ], [ -77.075034000179585, 38.901522000033594 ], [ -77.075175000179343, 38.901561000033553 ], [ -77.075220000179286, 38.901573000033522 ], [ -77.075254000179257, 38.901579000033507 ], [ -77.075289000179168, 38.90158600003349 ], [ -77.075322000179142, 38.901594000033469 ], [ -77.075352000179066, 38.901602000033449 ], [ -77.075384000179042, 38.901610000033429 ], [ -77.075416000179018, 38.901618000033466 ], [ -77.07544700017894, 38.901626000033446 ], [ -77.075477000178921, 38.90163600003342 ], [ -77.075506000178848, 38.901647000033392 ], [ -77.075537000178826, 38.901658000033365 ], [ -77.075567000178751, 38.901668000033339 ], [ -77.075596000178734, 38.901678000033371 ], [ -77.075625000178661, 38.901687000033348 ], [ -77.075654000178645, 38.901695000033328 ], [ -77.075681000178577, 38.90170200003331 ], [ -77.075709000178563, 38.901709000033293 ], [ -77.075737000178492, 38.901716000033275 ], [ -77.075762000178486, 38.90172600003325 ], [ -77.075785000178428, 38.901738000033276 ], [ -77.075809000178367, 38.901750000033246 ], [ -77.075833000178363, 38.901761000033218 ], [ -77.075857000178303, 38.901772000033191 ], [ -77.075879000178304, 38.901782000033165 ], [ -77.075900000178251, 38.901790000033145 ], [ -77.075940000178207, 38.901801000033174 ], [ -77.075977000178113, 38.901809000033154 ], [ -77.076004000178102, 38.901811000033149 ], [ -77.076029000178039, 38.901807000033159 ], [ -77.076068000177997, 38.901810000033151 ], [ -77.076091000177939, 38.901814000033141 ], [ -77.076114000177938, 38.901818000033131 ], [ -77.076143000177865, 38.901829000033104 ], [ -77.076220000177727, 38.9018530000331 ], [ -77.076251000177706, 38.901862000033077 ], [ -77.076283000177625, 38.901870000033057 ], [ -77.076314000177604, 38.901878000033037 ], [ -77.076344000177528, 38.901884000033021 ], [ -77.076372000177514, 38.901890000033006 ], [ -77.076404000177433, 38.901901000032979 ], [ -77.076438000177404, 38.901913000033005 ], [ -77.07646600017739, 38.901925000032975 ], [ -77.076492000177325, 38.901937000032945 ], [ -77.076519000177257, 38.901947000032919 ], [ -77.076546000177245, 38.901954000032902 ], [ -77.076575000177172, 38.901959000032889 ], [ -77.076608000177146, 38.901959000032889 ], [ -77.076644000177112, 38.901961000032884 ], [ -77.076680000177021, 38.901965000032874 ], [ -77.076715000176989, 38.901970000032918 ], [ -77.076748000176906, 38.901978000032898 ], [ -77.076781000176879, 38.90198900003287 ], [ -77.076807000176814, 38.902003000032835 ], [ -77.076830000176813, 38.902020000032792 ], [ -77.076857000176744, 38.902036000032808 ], [ -77.076887000176725, 38.902049000032775 ], [ -77.076920000176642, 38.902064000032738 ], [ -77.076959000176601, 38.902080000032697 ], [ -77.076995000176566, 38.902095000032716 ], [ -77.077032000176473, 38.902106000032688 ], [ -77.077068000176439, 38.902115000032666 ], [ -77.0771060001764, 38.902122000032648 ], [ -77.077150000176289, 38.902130000032628 ], [ -77.077190000176245, 38.902139000032605 ], [ -77.077230000176201, 38.902145000032647 ], [ -77.077274000176089, 38.902150000032634 ], [ -77.077322000176025, 38.902155000032622 ], [ -77.077367000175968, 38.902157000032616 ], [ -77.077409000175919, 38.902160000032609 ], [ -77.077449000175818, 38.902164000032599 ], [ -77.077488000175777, 38.902169000032586 ], [ -77.077522000175748, 38.902173000032576 ], [ -77.077550000175677, 38.902182000032553 ], [ -77.077567000175634, 38.902198000032513 ], [ -77.077578000175663, 38.902218000032519 ], [ -77.07761100017558, 38.902248000032444 ], [ -77.077638000175568, 38.902257000032421 ], [ -77.077664000175503, 38.902259000032473 ], [ -77.077691000175491, 38.902255000032426 ], [ -77.077719000175421, 38.902249000032441 ], [ -77.077750000175399, 38.902245000032451 ], [ -77.077783000175316, 38.902244000032454 ], [ -77.077822000175274, 38.902246000032449 ], [ -77.077862000175173, 38.902250000032438 ], [ -77.077899000175137, 38.902254000032428 ], [ -77.077933000175108, 38.902256000032423 ], [ -77.077967000175022, 38.90226000003247 ], [ -77.078001000174993, 38.90226800003245 ], [ -77.078033000174912, 38.902277000032427 ], [ -77.078062000174896, 38.902287000032402 ], [ -77.078089000174828, 38.902298000032374 ], [ -77.078116000174816, 38.902309000032346 ], [ -77.078139000174758, 38.902323000032368 ], [ -77.078160000174762, 38.902336000032335 ], [ -77.078179000174714, 38.902348000032305 ], [ -77.078248000174597, 38.902368000032254 ], [ -77.078273000174534, 38.902370000032249 ], [ -77.078299000174525, 38.902369000032252 ], [ -77.078328000174452, 38.902366000032259 ], [ -77.078356000174438, 38.902361000032272 ], [ -77.07837900017438, 38.90235400003229 ], [ -77.078404000174373, 38.902349000032302 ], [ -77.07842900017431, 38.902344000032315 ], [ -77.078453000174306, 38.90233800003233 ], [ -77.078484000174228, 38.902333000032343 ], [ -77.078524000174184, 38.902331000032348 ], [ -77.078565000174081, 38.902328000032355 ], [ -77.078605000174036, 38.90232600003236 ], [ -77.078642000174, 38.902320000032375 ], [ -77.078684000173951, 38.902316000032329 ], [ -77.07872400017385, 38.902313000032336 ], [ -77.078758000173821, 38.902310000032344 ], [ -77.07879400017373, 38.902305000032356 ], [ -77.078832000173691, 38.902300000032369 ], [ -77.078874000173641, 38.902299000032372 ], [ -77.078912000173545, 38.902301000032367 ], [ -77.078948000173511, 38.902305000032356 ], [ -77.078980000173487, 38.902309000032346 ], [ -77.079017000173394, 38.90231800003238 ], [ -77.079052000173363, 38.902328000032355 ], [ -77.079080000173292, 38.90233800003233 ], [ -77.079103000173291, 38.90234600003231 ], [ -77.079136000173207, 38.902363000032267 ], [ -77.079156000173214, 38.902390000032256 ], [ -77.079163000173196, 38.902419000032182 ], [ -77.079173000173171, 38.902438000032191 ], [ -77.079215000173122, 38.902454000032151 ], [ -77.079252000173028, 38.902459000032138 ], [ -77.079282000173009, 38.902440000032186 ], [ -77.079313000172931, 38.902418000032185 ], [ -77.079337000172927, 38.902410000032205 ], [ -77.079361000172867, 38.902402000032225 ], [ -77.079385000172806, 38.902398000032235 ], [ -77.079411000172797, 38.902398000032235 ], [ -77.079437000172732, 38.902398000032235 ], [ -77.07946400017272, 38.902398000032235 ], [ -77.079490000172655, 38.902397000032238 ], [ -77.079522000172631, 38.902397000032238 ], [ -77.079556000172545, 38.90239600003224 ], [ -77.079586000172526, 38.902390000032256 ], [ -77.079618000172445, 38.902380000032281 ], [ -77.079648000172426, 38.902370000032249 ], [ -77.079682000172397, 38.902360000032274 ], [ -77.079725000172289, 38.902351000032297 ], [ -77.079768000172237, 38.90234200003232 ], [ -77.0798050001722, 38.902336000032335 ], [ -77.079842000172107, 38.902329000032353 ], [ -77.079882000172063, 38.902323000032368 ], [ -77.079924000172014, 38.90231800003238 ], [ -77.079964000171913, 38.902315000032331 ], [ -77.080002000171874, 38.902310000032344 ], [ -77.080037000171842, 38.902305000032356 ], [ -77.080073000171751, 38.902300000032369 ], [ -77.080106000171725, 38.902298000032374 ], [ -77.08016600017163, 38.902297000032377 ], [ -77.080194000171559, 38.902301000032367 ], [ -77.080225000171538, 38.902308000032349 ], [ -77.080257000171457, 38.902315000032331 ], [ -77.080290000171431, 38.902321000032373 ], [ -77.080326000171397, 38.902323000032368 ], [ -77.080361000171308, 38.902324000032365 ], [ -77.080402000171262, 38.902323000032368 ], [ -77.080448000171202, 38.902324000032365 ], [ -77.080494000171086, 38.90232600003236 ], [ -77.080535000171039, 38.902328000032355 ], [ -77.080578000170988, 38.902328000032355 ], [ -77.080620000170939, 38.902328000032355 ], [ -77.080688000170824, 38.90232200003237 ], [ -77.080756000170709, 38.90232200003237 ], [ -77.080781000170646, 38.902325000032363 ], [ -77.080806000170639, 38.902325000032363 ], [ -77.080834000170569, 38.902325000032363 ], [ -77.080861000170557, 38.902325000032363 ], [ -77.080890000170484, 38.902324000032365 ], [ -77.080921000170463, 38.90232200003237 ], [ -77.080953000170382, 38.90232200003237 ], [ -77.080984000170361, 38.902321000032373 ], [ -77.0810080001703, 38.902319000032378 ], [ -77.081034000170291, 38.902319000032378 ], [ -77.081058000170231, 38.90231800003238 ], [ -77.081082000170227, 38.902317000032383 ], [ -77.081107000170164, 38.902317000032383 ], [ -77.081133000170098, 38.90231800003238 ], [ -77.081158000170092, 38.902317000032383 ], [ -77.081192000170006, 38.902319000032378 ], [ -77.081220000169992, 38.902319000032378 ], [ -77.081239000169944, 38.902319000032378 ], [ -77.081272000169918, 38.90231800003238 ], [ -77.081310000169822, 38.902317000032383 ], [ -77.0813410001698, 38.902316000032329 ], [ -77.081363000169745, 38.902315000032331 ], [ -77.081392000169728, 38.902315000032331 ], [ -77.081431000169687, 38.902315000032331 ], [ -77.081465000169601, 38.902314000032334 ], [ -77.081499000169572, 38.902311000032341 ], [ -77.081526000169504, 38.902313000032336 ], [ -77.081538000169473, 38.902311000032341 ], [ -77.081555000169487, 38.902311000032341 ], [ -77.081581000169422, 38.902311000032341 ], [ -77.081615000169393, 38.902311000032341 ], [ -77.081645000169317, 38.902310000032344 ], [ -77.08167800016929, 38.902308000032349 ], [ -77.081704000169225, 38.902308000032349 ], [ -77.081729000169219, 38.902308000032349 ], [ -77.08175600016915, 38.902308000032349 ], [ -77.081786000169132, 38.902307000032351 ], [ -77.081814000169061, 38.902305000032356 ], [ -77.081837000169003, 38.902305000032356 ], [ -77.081854000169017, 38.902305000032356 ], [ -77.081876000168961, 38.902305000032356 ], [ -77.081914000168922, 38.902304000032359 ], [ -77.081958000168868, 38.902303000032362 ], [ -77.081986000168797, 38.902303000032362 ], [ -77.082013000168729, 38.902302000032364 ], [ -77.08205100016869, 38.902301000032367 ], [ -77.082081000168671, 38.902301000032367 ], [ -77.082112000168593, 38.902300000032369 ], [ -77.082141000168576, 38.902299000032372 ], [ -77.082167000168511, 38.902299000032372 ], [ -77.082225000168421, 38.902297000032377 ], [ -77.082259000168392, 38.902297000032377 ], [ -77.082295000168301, 38.902296000032379 ], [ -77.082315000168308, 38.902296000032379 ], [ -77.08233400016826, 38.902294000032384 ], [ -77.082405000168137, 38.902294000032384 ], [ -77.082443000168098, 38.902293000032387 ], [ -77.08247800016801, 38.902291000032392 ], [ -77.082500000168011, 38.902291000032392 ], [ -77.08252800016794, 38.902291000032392 ], [ -77.082557000167924, 38.902290000032394 ], [ -77.082574000167881, 38.902290000032394 ], [ -77.082590000167841, 38.902290000032394 ], [ -77.082643000167764, 38.90228000003242 ], [ -77.083200000166926, 38.902363000032267 ], [ -77.083362000166687, 38.902388000032261 ], [ -77.083600000166314, 38.902463000032128 ], [ -77.083925000165777, 38.902525000032028 ], [ -77.084562000164794, 38.902688000031787 ], [ -77.084900000164282, 38.902788000031649 ], [ -77.085050000164017, 38.902800000031618 ], [ -77.08530000016367, 38.902775000031625 ], [ -77.085762000162958, 38.902850000031549 ], [ -77.086087000162422, 38.902963000031377 ], [ -77.086237000162214, 38.902988000031314 ], [ -77.08648700016181, 38.902988000031314 ], [ -77.086575000161702, 38.903013000031251 ], [ -77.0867000001615, 38.903100000031145 ], [ -77.086837000161267, 38.903225000030943 ], [ -77.087087000160864, 38.903338000030772 ], [ -77.087375000160421, 38.903413000030639 ], [ -77.087562000160119, 38.903475000030539 ], [ -77.087737000159848, 38.903500000030533 ], [ -77.088012000159438, 38.903538000030437 ], [ -77.088312000158965, 38.903638000030298 ], [ -77.088550000158591, 38.903713000030166 ], [ -77.08900000015791, 38.903900000029921 ], [ -77.089162000157671, 38.903975000029789 ], [ -77.089487000157135, 38.904138000029548 ], [ -77.08996200015639, 38.904300000029252 ], [ -77.09046200015564, 38.904513000028942 ], [ -77.090937000154895, 38.904713000028664 ], [ -77.091425000154118, 38.905038000028128 ], [ -77.091876000153434, 38.90532400002769 ], [ -77.09191600015339, 38.90533600002766 ], [ -77.091940000153329, 38.905345000027637 ], [ -77.091976000153295, 38.905356000027666 ], [ -77.092000000153234, 38.905364000027646 ], [ -77.092018000153246, 38.905370000027631 ], [ -77.09206000015314, 38.905384000027595 ], [ -77.092089000153123, 38.90539400002757 ], [ -77.092112000153065, 38.905401000027553 ], [ -77.092151000153024, 38.905415000027574 ], [ -77.092170000152976, 38.905421000027559 ], [ -77.09219100015298, 38.905428000027541 ], [ -77.092214000152921, 38.905435000027524 ], [ -77.092236000152866, 38.905442000027506 ], [ -77.092276000152822, 38.905456000027471 ], [ -77.092298000152766, 38.905463000027453 ], [ -77.092317000152775, 38.905469000027438 ], [ -77.09233900015272, 38.905476000027477 ], [ -77.092357000152674, 38.905482000027462 ], [ -77.09238100015267, 38.905490000027442 ], [ -77.09240100015262, 38.905497000027424 ], [ -77.092423000152621, 38.905504000027406 ], [ -77.092441000152576, 38.905511000027388 ], [ -77.092462000152523, 38.905518000027371 ], [ -77.092486000152519, 38.905525000027353 ], [ -77.092509000152461, 38.90553300002739 ], [ -77.09252900015241, 38.905539000027375 ], [ -77.092553000152407, 38.905547000027354 ], [ -77.092576000152349, 38.905555000027334 ], [ -77.09259800015235, 38.905563000027314 ], [ -77.092643000152236, 38.905578000027276 ], [ -77.092665000152238, 38.905584000027261 ], [ -77.092689000152177, 38.905592000027298 ], [ -77.092706000152134, 38.905598000027283 ], [ -77.09273400015212, 38.90560700002726 ], [ -77.092756000152065, 38.90561500002724 ], [ -77.092779000152063, 38.905622000027222 ], [ -77.092804000152, 38.905631000027199 ], [ -77.092829000151994, 38.905639000027179 ], [ -77.092851000151938, 38.905646000027161 ], [ -77.09287400015188, 38.905654000027198 ], [ -77.092891000151894, 38.905660000027183 ], [ -77.092923000151814, 38.905670000027158 ], [ -77.092945000151758, 38.905678000027137 ], [ -77.092969000151754, 38.90568500002712 ], [ -77.092995000151689, 38.905694000027097 ], [ -77.093019000151685, 38.905702000027077 ], [ -77.093040000151632, 38.905709000027116 ], [ -77.093062000151633, 38.905716000027098 ], [ -77.09308700015157, 38.905725000027076 ], [ -77.093104000151527, 38.905730000027063 ], [ -77.093128000151523, 38.905738000027043 ], [ -77.093154000151458, 38.90574700002702 ], [ -77.0931770001514, 38.905754000027002 ], [ -77.093216000151358, 38.905767000027026 ], [ -77.093249000151332, 38.905788000026973 ], [ -77.093312000151229, 38.905811000026915 ], [ -77.093342000151154, 38.905829000026927 ], [ -77.093363000151157, 38.905839000026901 ], [ -77.093381000151112, 38.905849000026876 ], [ -77.093418000151075, 38.905868000026828 ], [ -77.093449000150997, 38.905885000026842 ], [ -77.093477000150983, 38.905899000026807 ], [ -77.0935100001509, 38.905919000026756 ], [ -77.093542000150876, 38.905935000026716 ], [ -77.09358400015077, 38.905968000026689 ], [ -77.093595000150799, 38.905978000026664 ], [ -77.093623000150728, 38.906003000026658 ], [ -77.093671000150664, 38.906042000026559 ], [ -77.093699000150593, 38.906062000026566 ], [ -77.09371500015061, 38.906074000026535 ], [ -77.093736000150557, 38.906089000026498 ], [ -77.09376900015053, 38.90611200002644 ], [ -77.093805000150439, 38.906138000026431 ], [ -77.093826000150443, 38.906152000026395 ], [ -77.093848000150388, 38.906168000026355 ], [ -77.093865000150345, 38.906180000026382 ], [ -77.093885000150351, 38.906192000026351 ], [ -77.093904000150303, 38.906206000026316 ], [ -77.093927000150245, 38.906220000026281 ], [ -77.093947000150251, 38.906233000026305 ], [ -77.093966000150203, 38.906245000026274 ], [ -77.09399100015014, 38.906258000026241 ], [ -77.094011000150147, 38.906271000026209 ], [ -77.094032000150094, 38.906282000026181 ], [ -77.094050000150048, 38.90629300002621 ], [ -77.094070000150055, 38.906307000026175 ], [ -77.094090000150004, 38.906320000026142 ], [ -77.094124000149975, 38.906346000026076 ], [ -77.094140000149935, 38.906357000026105 ], [ -77.094156000149894, 38.906369000026075 ], [ -77.094191000149863, 38.906394000026012 ], [ -77.094211000149812, 38.906408000026033 ], [ -77.094227000149772, 38.906420000026003 ], [ -77.094247000149778, 38.906434000025968 ], [ -77.09426200014974, 38.90644500002594 ], [ -77.09428600014968, 38.906462000025897 ], [ -77.094304000149691, 38.906476000025918 ], [ -77.094325000149638, 38.906490000025883 ], [ -77.094343000149593, 38.90650300002585 ], [ -77.094364000149596, 38.906518000025812 ], [ -77.094383000149548, 38.906532000025834 ], [ -77.094403000149498, 38.906546000025799 ], [ -77.094421000149509, 38.906559000025766 ], [ -77.094443000149454, 38.906575000025725 ], [ -77.094462000149406, 38.906589000025747 ], [ -77.094482000149412, 38.906603000025711 ], [ -77.094503000149359, 38.906618000025674 ], [ -77.094521000149314, 38.906631000025641 ], [ -77.094551000149295, 38.906653000025642 ], [ -77.094590000149253, 38.906681000025571 ], [ -77.094622000149172, 38.90670400002557 ], [ -77.094646000149169, 38.906721000025527 ], [ -77.094672000149103, 38.906740000025479 ], [ -77.094696000149042, 38.906757000025436 ], [ -77.094720000149039, 38.90677400002545 ], [ -77.094743000148981, 38.906791000025407 ], [ -77.094771000148967, 38.906811000025357 ], [ -77.094803000148886, 38.906834000025356 ], [ -77.094830000148875, 38.906853000025308 ], [ -77.094856000148809, 38.906873000025257 ], [ -77.094884000148795, 38.906892000025266 ], [ -77.09490600014874, 38.906908000025226 ], [ -77.094928000148684, 38.906924000025185 ], [ -77.094950000148685, 38.906940000025202 ], [ -77.094978000148615, 38.906960000025151 ], [ -77.095011000148588, 38.906984000025091 ], [ -77.095029000148543, 38.906997000025115 ], [ -77.095073000148489, 38.907029000025034 ], [ -77.095102000148415, 38.907050000024981 ], [ -77.095130000148401, 38.907070000024987 ], [ -77.095156000148336, 38.907089000024939 ], [ -77.095171000148355, 38.907101000024909 ], [ -77.095196000148292, 38.907118000024923 ], [ -77.095219000148234, 38.90713500002488 ], [ -77.09523900014824, 38.907150000024842 ], [ -77.095258000148192, 38.907163000024809 ], [ -77.095272000148157, 38.907174000024838 ], [ -77.09529700014815, 38.907191000024795 ], [ -77.095320000148092, 38.907208000024752 ], [ -77.095345000148086, 38.90722500002471 ], [ -77.095365000148036, 38.907240000024728 ], [ -77.095390000147972, 38.907258000024683 ], [ -77.095412000147974, 38.907273000024645 ], [ -77.095430000147928, 38.907286000024669 ], [ -77.095447000147885, 38.907300000024634 ], [ -77.095464000147899, 38.907312000024604 ], [ -77.095491000147831, 38.907330000024558 ], [ -77.095519000147817, 38.907350000024564 ], [ -77.095542000147759, 38.907367000024522 ], [ -77.095565000147701, 38.907385000024476 ], [ -77.095587000147702, 38.90740200002449 ], [ -77.095621000147617, 38.907424000024434 ], [ -77.095649000147603, 38.907446000024379 ], [ -77.095676000147535, 38.907463000024393 ], [ -77.095694000147546, 38.907478000024355 ], [ -77.095717000147488, 38.907495000024312 ], [ -77.095745000147417, 38.907515000024262 ], [ -77.095767000147418, 38.907531000024278 ], [ -77.095796000147345, 38.907551000024228 ], [ -77.095820000147341, 38.907568000024185 ], [ -77.095845000147278, 38.907585000024199 ], [ -77.095866000147225, 38.907601000024158 ], [ -77.095886000147232, 38.90761600002412 ], [ -77.095912000147166, 38.907634000024075 ], [ -77.095934000147167, 38.907650000024091 ], [ -77.095956000147112, 38.907666000024051 ], [ -77.095980000147051, 38.907683000024008 ], [ -77.095998000147063, 38.907697000024029 ], [ -77.09601500014702, 38.907709000023999 ], [ -77.096037000146964, 38.907724000023961 ], [ -77.096060000146963, 38.907741000023918 ], [ -77.096088000146892, 38.907762000023922 ], [ -77.096121000146866, 38.907785000023864 ], [ -77.096145000146805, 38.907802000023821 ], [ -77.096171000146796, 38.90782100002383 ], [ -77.096203000146716, 38.907844000023772 ], [ -77.096233000146697, 38.907866000023716 ], [ -77.096261000146626, 38.907886000023723 ], [ -77.096289000146612, 38.907906000023672 ], [ -77.096308000146564, 38.907920000023637 ], [ -77.096330000146509, 38.907936000023653 ], [ -77.096353000146507, 38.907952000023613 ], [ -77.096375000146452, 38.90796900002357 ], [ -77.096397000146453, 38.907984000023532 ], [ -77.09641400014641, 38.907996000023559 ], [ -77.096432000146365, 38.908010000023523 ], [ -77.096453000146369, 38.908024000023488 ], [ -77.096476000146311, 38.908041000023445 ], [ -77.096494000146265, 38.908055000023467 ], [ -77.096520000146256, 38.908073000023421 ], [ -77.096543000146198, 38.908089000023381 ], [ -77.096565000146143, 38.908105000023397 ], [ -77.096583000146154, 38.908118000023364 ], [ -77.096601000146109, 38.908131000023332 ], [ -77.096620000146061, 38.908145000023296 ], [ -77.096644000146057, 38.90816200002331 ], [ -77.096662000146011, 38.908176000023275 ], [ -77.096683000145958, 38.908190000023239 ], [ -77.096707000145955, 38.908209000023191 ], [ -77.096729000145899, 38.908223000023213 ], [ -77.096749000145905, 38.908238000023175 ], [ -77.096773000145845, 38.908255000023132 ], [ -77.096794000145792, 38.908270000023094 ], [ -77.096812000145803, 38.908283000023118 ], [ -77.096831000145755, 38.908297000023083 ], [ -77.096854000145697, 38.90831400002304 ], [ -77.096874000145704, 38.908328000023005 ], [ -77.09689900014564, 38.908346000023016 ], [ -77.096916000145598, 38.908359000022983 ], [ -77.096937000145601, 38.908373000022948 ], [ -77.096959000145546, 38.908389000022908 ], [ -77.096970000145518, 38.908398000022942 ], [ -77.096991000145522, 38.908412000022906 ], [ -77.097006000145484, 38.908423000022879 ], [ -77.097027000145431, 38.908438000022841 ], [ -77.097045000145442, 38.908453000022803 ], [ -77.097061000145402, 38.908463000022834 ], [ -77.097085000145341, 38.908480000022792 ], [ -77.097115000145322, 38.908502000022736 ], [ -77.097130000145285, 38.908513000022765 ], [ -77.097162000145261, 38.908536000022707 ], [ -77.097189000145192, 38.908556000022656 ], [ -77.097203000145157, 38.908567000022629 ], [ -77.097223000145163, 38.90858100002265 ], [ -77.097250000145095, 38.908600000022602 ], [ -77.097274000145092, 38.908617000022559 ], [ -77.097299000145028, 38.908636000022568 ], [ -77.097341000144979, 38.908665000022495 ], [ -77.097355000144944, 38.908677000022465 ], [ -77.097376000144891, 38.908691000022486 ], [ -77.097396000144897, 38.908705000022451 ], [ -77.097411000144859, 38.908716000022423 ], [ -77.097430000144811, 38.908730000022388 ], [ -77.09744900014482, 38.908744000022352 ], [ -77.097470000144767, 38.908759000022371 ], [ -77.097488000144722, 38.908772000022338 ], [ -77.097505000144736, 38.908784000022308 ], [ -77.097524000144688, 38.908798000022273 ], [ -77.097544000144637, 38.908812000022294 ], [ -77.097557000144604, 38.908823000022267 ], [ -77.097579000144606, 38.908837000022231 ], [ -77.09759700014456, 38.908851000022196 ], [ -77.09761700014451, 38.908865000022217 ], [ -77.097636000144519, 38.908879000022182 ], [ -77.097658000144463, 38.908894000022144 ], [ -77.097680000144464, 38.908910000022104 ], [ -77.097700000144414, 38.908925000022123 ], [ -77.097721000144361, 38.908941000022082 ], [ -77.097746000144355, 38.908958000022039 ], [ -77.097769000144297, 38.908975000021996 ], [ -77.097793000144236, 38.90899200002201 ], [ -77.09782200014422, 38.909013000021957 ], [ -77.097843000144167, 38.909029000021917 ], [ -77.097867000144163, 38.909046000021931 ], [ -77.0978920001441, 38.909064000021885 ], [ -77.097912000144049, 38.909079000021848 ], [ -77.097937000144043, 38.909096000021805 ], [ -77.097960000143985, 38.909113000021819 ], [ -77.097984000143981, 38.909130000021776 ], [ -77.098002000143936, 38.90914400002174 ], [ -77.098025000143878, 38.909161000021754 ], [ -77.098050000143871, 38.909178000021711 ], [ -77.098074000143811, 38.909195000021668 ], [ -77.098098000143807, 38.909213000021623 ], [ -77.098119000143754, 38.909228000021642 ], [ -77.098140000143701, 38.909243000021604 ], [ -77.098162000143702, 38.909259000021564 ], [ -77.098186000143642, 38.909276000021578 ], [ -77.09820900014364, 38.909293000021535 ], [ -77.098235000143575, 38.909312000021487 ], [ -77.098255000143524, 38.909327000021449 ], [ -77.098278000143523, 38.909343000021465 ], [ -77.09830300014346, 38.90936100002142 ], [ -77.098325000143461, 38.909377000021379 ], [ -77.098349000143401, 38.909394000021393 ], [ -77.098372000143343, 38.90941100002135 ], [ -77.098396000143339, 38.909428000021308 ], [ -77.098419000143281, 38.909445000021265 ], [ -77.098443000143277, 38.909462000021279 ], [ -77.098462000143229, 38.909476000021243 ], [ -77.098480000143184, 38.90948900002121 ], [ -77.098505000143177, 38.909506000021224 ], [ -77.098528000143119, 38.909523000021181 ], [ -77.098552000143059, 38.909540000021138 ], [ -77.09857800014305, 38.90955900002109 ], [ -77.098601000142992, 38.909576000021104 ], [ -77.098629000142978, 38.909596000021054 ], [ -77.098657000142907, 38.909616000021003 ], [ -77.098680000142906, 38.909633000021017 ], [ -77.098705000142843, 38.909651000020972 ], [ -77.09873000014278, 38.909669000020926 ], [ -77.098757000142768, 38.909689000020933 ], [ -77.0987840001427, 38.909707000020887 ], [ -77.098809000142694, 38.909726000020839 ], [ -77.098834000142631, 38.909744000020851 ], [ -77.09885700014263, 38.90976000002081 ], [ -77.098885000142559, 38.90978000002076 ], [ -77.098912000142548, 38.909800000020766 ], [ -77.098939000142479, 38.909820000020716 ], [ -77.098963000142419, 38.909837000020673 ], [ -77.098976000142443, 38.90984600002065 ], [ -77.098992000142403, 38.909858000020677 ], [ -77.09900900014236, 38.909870000020646 ], [ -77.099026000142374, 38.909883000020614 ], [ -77.099043000142331, 38.909895000020583 ], [ -77.09906300014228, 38.909910000020545 ], [ -77.099081000142235, 38.909922000020572 ], [ -77.099102000142238, 38.909937000020534 ], [ -77.099123000142185, 38.909952000020496 ], [ -77.099142000142194, 38.909966000020461 ], [ -77.099161000142146, 38.909980000020482 ], [ -77.099183000142091, 38.909996000020442 ], [ -77.0992020001421, 38.910010000020407 ], [ -77.099221000142052, 38.910023000020374 ], [ -77.099240000142004, 38.910036000020398 ], [ -77.099262000142005, 38.910052000020357 ], [ -77.099281000141957, 38.910067000020319 ], [ -77.099302000141904, 38.910081000020284 ], [ -77.099321000141913, 38.910095000020306 ], [ -77.099343000141857, 38.910112000020263 ], [ -77.099365000141802, 38.910126000020227 ], [ -77.099391000141793, 38.910146000020177 ], [ -77.099411000141743, 38.910160000020198 ], [ -77.099430000141695, 38.910173000020166 ], [ -77.099457000141683, 38.910193000020115 ], [ -77.099481000141623, 38.910212000020124 ], [ -77.099509000141609, 38.910230000020078 ], [ -77.099531000141553, 38.910246000020038 ], [ -77.099553000141555, 38.910262000019998 ], [ -77.099575000141499, 38.910278000020014 ], [ -77.099597000141443, 38.910294000019974 ], [ -77.09961700014145, 38.910309000019936 ], [ -77.099639000141394, 38.910324000019955 ], [ -77.099661000141339, 38.910340000019914 ], [ -77.099680000141348, 38.910354000019879 ], [ -77.099705000141284, 38.910372000019834 ], [ -77.099734000141268, 38.910393000019837 ], [ -77.099762000141197, 38.910413000019787 ], [ -77.099781000141149, 38.910427000019752 ], [ -77.099817000141115, 38.910453000019743 ], [ -77.09983100014108, 38.910464000019715 ], [ -77.099859000141066, 38.910483000019667 ], [ -77.099886000140998, 38.910503000019673 ], [ -77.099909000140997, 38.910520000019631 ], [ -77.099928000140949, 38.910533000019598 ], [ -77.099956000140878, 38.910554000019545 ], [ -77.099972000140895, 38.910565000019574 ], [ -77.099990000140849, 38.910578000019541 ], [ -77.100000000140824, 38.910585000019523 ], [ -77.100015000140786, 38.910596000019495 ], [ -77.10004800014076, 38.910622000019487 ], [ -77.100064000140719, 38.910632000019461 ], [ -77.100077000140743, 38.910641000019439 ], [ -77.100100000140685, 38.910658000019396 ], [ -77.100123000140627, 38.910674000019355 ], [ -77.100152000140611, 38.910695000019359 ], [ -77.100199000140549, 38.910730000019271 ], [ -77.100216000140506, 38.910739000019305 ], [ -77.100252000140472, 38.910765000019239 ], [ -77.100266000140437, 38.910776000019212 ], [ -77.100284000140391, 38.910789000019179 ], [ -77.100310000140382, 38.91080700001919 ], [ -77.100339000140309, 38.910828000019137 ], [ -77.100360000140256, 38.910843000019099 ], [ -77.100382000140257, 38.910859000019116 ], [ -77.100402000140207, 38.910874000019078 ], [ -77.100460000140117, 38.910917000019026 ], [ -77.100488000140103, 38.910936000018978 ], [ -77.100510000140048, 38.910952000018938 ], [ -77.100527000140005, 38.91096300001891 ], [ -77.100557000139986, 38.910985000018911 ], [ -77.100586000139913, 38.911006000018858 ], [ -77.100613000139901, 38.91102500001881 ], [ -77.100635000139846, 38.911041000018827 ], [ -77.100712000139708, 38.91110200001873 ], [ -77.100713000139706, 38.911113000018702 ], [ -77.100723000139737, 38.911121000018682 ], [ -77.100747000139677, 38.911138000018639 ], [ -77.100775000139606, 38.911153000018658 ], [ -77.100811000139572, 38.911162000018635 ], [ -77.100836000139566, 38.911180000018589 ], [ -77.100859000139508, 38.911209000018573 ], [ -77.100897000139469, 38.911225000018533 ], [ -77.100922000139406, 38.911233000018512 ], [ -77.100947000139342, 38.911244000018485 ], [ -77.100971000139339, 38.911257000018452 ], [ -77.100993000139283, 38.911271000018473 ], [ -77.101015000139284, 38.911283000018443 ], [ -77.101037000139229, 38.91129600001841 ], [ -77.101058000139176, 38.91130800001838 ], [ -77.101090000139152, 38.911328000018386 ], [ -77.101107000139109, 38.911348000018336 ], [ -77.101105000139114, 38.911368000018285 ], [ -77.10114100013908, 38.911372000018275 ], [ -77.101163000139024, 38.911385000018299 ], [ -77.101187000139021, 38.911401000018259 ], [ -77.101214000138953, 38.911399000018264 ], [ -77.101248000138924, 38.911416000018221 ], [ -77.10127300013886, 38.911434000018176 ], [ -77.101306000138834, 38.911444000018207 ], [ -77.101334000138763, 38.911455000018179 ], [ -77.101344000138738, 38.911482000018111 ], [ -77.101363000138747, 38.911506000018107 ], [ -77.101384000138694, 38.911530000018047 ], [ -77.101407000138636, 38.911540000018022 ], [ -77.10143200013863, 38.911549000017999 ], [ -77.101444000138599, 38.911565000018015 ], [ -77.101460000138559, 38.911581000017975 ], [ -77.101475000138521, 38.91156700001801 ], [ -77.101496000138525, 38.911554000018043 ], [ -77.101523000138457, 38.911549000017999 ], [ -77.101553000138438, 38.911562000018023 ], [ -77.101574000138385, 38.91157500001799 ], [ -77.101594000138334, 38.911589000017955 ], [ -77.101612000138346, 38.911603000017919 ], [ -77.1016300001383, 38.911618000017938 ], [ -77.101657000138289, 38.911640000017883 ], [ -77.101678000138236, 38.911655000017845 ], [ -77.10171200013815, 38.911679000017841 ], [ -77.101730000138161, 38.911692000017808 ], [ -77.101746000138121, 38.911705000017776 ], [ -77.10176600013807, 38.911726000017723 ], [ -77.101774000138107, 38.911747000017726 ], [ -77.101787000138074, 38.911764000017683 ], [ -77.101816000138001, 38.911767000017676 ], [ -77.101846000137982, 38.911785000017687 ], [ -77.101879000137899, 38.911805000017637 ], [ -77.10189700013791, 38.911818000017604 ], [ -77.101918000137857, 38.911835000017561 ], [ -77.101939000137804, 38.911848000017585 ], [ -77.1019630001378, 38.911870000017529 ], [ -77.101982000137752, 38.911894000017469 ], [ -77.102004000137697, 38.911906000017495 ], [ -77.102032000137683, 38.91191600001747 ], [ -77.102050000137638, 38.91193200001743 ], [ -77.102068000137649, 38.911949000017387 ], [ -77.102085000137606, 38.911965000017403 ], [ -77.102100000137568, 38.91199400001733 ], [ -77.102112000137538, 38.912021000017319 ], [ -77.102142000137519, 38.912036000017281 ], [ -77.102157000137481, 38.912052000017241 ], [ -77.102186000137465, 38.912055000017233 ], [ -77.102206000137414, 38.912077000017177 ], [ -77.102226000137364, 38.912100000017176 ], [ -77.102245000137373, 38.912124000017116 ], [ -77.102267000137317, 38.912149000017109 ], [ -77.102290000137259, 38.912173000017049 ], [ -77.102311000137263, 38.91219500001705 ], [ -77.102331000137212, 38.912217000016994 ], [ -77.102349000137167, 38.912240000016936 ], [ -77.102367000137178, 38.912262000016938 ], [ -77.102383000137138, 38.912284000016882 ], [ -77.102397000137103, 38.912304000016832 ], [ -77.102411000137067, 38.912322000016843 ], [ -77.102429000137079, 38.91233500001681 ], [ -77.102465000136988, 38.91234300001679 ], [ -77.102489000136984, 38.91234300001679 ], [ -77.102517000136913, 38.91234700001678 ], [ -77.102543000136905, 38.912354000016762 ], [ -77.102567000136844, 38.912366000016732 ], [ -77.102587000136793, 38.912382000016748 ], [ -77.102609000136795, 38.912403000016695 ], [ -77.102632000136737, 38.912426000016637 ], [ -77.102652000136743, 38.912447000016641 ], [ -77.102670000136698, 38.912468000016588 ], [ -77.102684000136662, 38.912486000016543 ], [ -77.102691000136645, 38.912505000016552 ], [ -77.102692000136642, 38.912523000016506 ], [ -77.10268900013665, 38.912555000016482 ], [ -77.102716000136638, 38.912578000016424 ], [ -77.10275500013654, 38.912599000016371 ], [ -77.102779000136536, 38.912607000016408 ], [ -77.102803000136475, 38.912616000016385 ], [ -77.102833000136457, 38.912623000016367 ], [ -77.102865000136376, 38.912632000016345 ], [ -77.102891000136367, 38.912641000016322 ], [ -77.102918000136299, 38.912653000016292 ], [ -77.10294800013628, 38.912668000016311 ], [ -77.102979000136202, 38.912689000016258 ], [ -77.103005000136193, 38.91270800001621 ], [ -77.10303000013613, 38.912730000016211 ], [ -77.103053000136072, 38.912752000016155 ], [ -77.103073000136078, 38.912779000016144 ], [ -77.103089000136038, 38.912805000016078 ], [ -77.103104000136, 38.91283200001601 ], [ -77.103123000136009, 38.912861000015994 ], [ -77.103145000135953, 38.912890000015921 ], [ -77.103167000135898, 38.912917000015909 ], [ -77.103187000135904, 38.912946000015836 ], [ -77.103207000135853, 38.912974000015822 ], [ -77.10322400013581, 38.913001000015754 ], [ -77.103243000135819, 38.913030000015738 ], [ -77.103263000135769, 38.913058000015667 ], [ -77.103282000135721, 38.913085000015656 ], [ -77.103302000135727, 38.913113000015585 ], [ -77.103320000135682, 38.913142000015569 ], [ -77.103340000135631, 38.9131690000155 ], [ -77.103360000135638, 38.913197000015487 ], [ -77.103381000135585, 38.913227000015411 ], [ -77.103398000135542, 38.913253000015402 ], [ -77.103415000135556, 38.913281000015331 ], [ -77.103428000135523, 38.91330800001532 ], [ -77.103432000135513, 38.913322000015285 ], [ -77.103436000135503, 38.913332000015259 ], [ -77.103439000135495, 38.913356000015199 ], [ -77.103440000135492, 38.913384000015185 ], [ -77.103447000135475, 38.913410000015119 ], [ -77.103459000135445, 38.913432000015121 ], [ -77.103470000135474, 38.913455000015063 ], [ -77.103474000135463, 38.913481000015054 ], [ -77.103474000135463, 38.913505000014993 ], [ -77.103474000135463, 38.91353000001493 ], [ -77.103473000135466, 38.913561000014909 ], [ -77.103471000135471, 38.91359200001483 ], [ -77.103469000135476, 38.913621000014814 ], [ -77.103467000135481, 38.913653000014733 ], [ -77.103467000135481, 38.913683000014714 ], [ -77.103471000135471, 38.913778000014588 ], [ -77.103474000135463, 38.91380500001452 ], [ -77.103480000135448, 38.913824000014472 ], [ -77.103487000135431, 38.913843000014481 ], [ -77.103497000135405, 38.913877000014395 ], [ -77.103502000135393, 38.913912000014363 ], [ -77.10350300013539, 38.91394100001429 ], [ -77.103504000135388, 38.913960000014299 ], [ -77.103504000135388, 38.913996000014208 ], [ -77.10350300013539, 38.91401800001421 ], [ -77.103501000135395, 38.914037000014162 ], [ -77.103501000135395, 38.914056000014114 ], [ -77.103498000135403, 38.91407600001412 ], [ -77.103497000135405, 38.914100000014059 ], [ -77.103497000135405, 38.914121000014006 ], [ -77.103494000135413, 38.914140000014015 ], [ -77.103491000135421, 38.91415800001397 ], [ -77.103490000135423, 38.914179000013917 ], [ -77.103492000135418, 38.914201000013918 ], [ -77.103494000135413, 38.914221000013868 ], [ -77.103497000135405, 38.914241000013874 ], [ -77.103501000135395, 38.914261000013823 ], [ -77.103505000135385, 38.914284000013765 ], [ -77.103508000135378, 38.914304000013772 ], [ -77.103512000135368, 38.914323000013724 ], [ -77.103520000135347, 38.914343000013673 ], [ -77.103529000135381, 38.914365000013674 ], [ -77.103538000135359, 38.914385000013624 ], [ -77.103547000135336, 38.914404000013576 ], [ -77.103554000135318, 38.914424000013582 ], [ -77.103561000135301, 38.914444000013532 ], [ -77.103571000135275, 38.914464000013481 ], [ -77.103580000135253, 38.914482000013493 ], [ -77.103588000135289, 38.91449900001345 ], [ -77.103593000135277, 38.914518000013402 ], [ -77.103596000135269, 38.914539000013406 ], [ -77.103597000135267, 38.914558000013358 ], [ -77.103601000135257, 38.914593000013326 ], [ -77.103605000135246, 38.914612000013278 ], [ -77.103610000135234, 38.914634000013223 ], [ -77.103612000135229, 38.914653000013232 ], [ -77.103614000135224, 38.914673000013181 ], [ -77.103617000135216, 38.914693000013131 ], [ -77.103622000135204, 38.914716000013129 ], [ -77.103630000135183, 38.914737000013076 ], [ -77.103638000135163, 38.914757000013026 ], [ -77.103647000135197, 38.91477800001303 ], [ -77.10365400013518, 38.914800000012974 ], [ -77.103663000135157, 38.914821000012921 ], [ -77.103675000135127, 38.914841000012927 ], [ -77.103686000135099, 38.914862000012874 ], [ -77.103695000135076, 38.914885000012873 ], [ -77.10370400013511, 38.914907000012818 ], [ -77.10371600013508, 38.914927000012767 ], [ -77.10372800013505, 38.914946000012776 ], [ -77.103739000135022, 38.914964000012731 ], [ -77.103748000134999, 38.914986000012675 ], [ -77.103755000134981, 38.915006000012681 ], [ -77.103764000135016, 38.915027000012628 ], [ -77.10377400013499, 38.915048000012575 ], [ -77.103785000134963, 38.915071000012574 ], [ -77.10379400013494, 38.915091000012524 ], [ -77.103804000134915, 38.915110000012476 ], [ -77.103817000134939, 38.915130000012482 ], [ -77.103831000134903, 38.915150000012432 ], [ -77.103845000134868, 38.915171000012378 ], [ -77.103859000134833, 38.915190000012387 ], [ -77.1038720001348, 38.915208000012342 ], [ -77.103888000134816, 38.915224000012302 ], [ -77.103904000134776, 38.915244000012308 ], [ -77.10391800013474, 38.915264000012257 ], [ -77.103928000134715, 38.915284000012207 ], [ -77.103937000134749, 38.915302000012218 ], [ -77.103954000134706, 38.915334000012137 ], [ -77.103971000134663, 38.915366000012114 ], [ -77.103983000134633, 38.915402000012023 ], [ -77.103988000134621, 38.915424000012024 ], [ -77.103991000134613, 38.915444000011973 ], [ -77.10399500013466, 38.915463000011925 ], [ -77.103997000134655, 38.915482000011934 ], [ -77.104000000134647, 38.915502000011884 ], [ -77.104001000134645, 38.915522000011833 ], [ -77.104003000134639, 38.91554200001184 ], [ -77.104006000134632, 38.915561000011792 ], [ -77.104007000134629, 38.915581000011741 ], [ -77.104010000134622, 38.915603000011743 ], [ -77.104016000134607, 38.915623000011692 ], [ -77.104021000134594, 38.915642000011644 ], [ -77.104027000134579, 38.915660000011655 ], [ -77.104035000134559, 38.915677000011613 ], [ -77.104044000134536, 38.915696000011565 ], [ -77.104052000134573, 38.915713000011579 ], [ -77.104060000134552, 38.915730000011536 ], [ -77.104071000134525, 38.915765000011504 ], [ -77.104078000134507, 38.915786000011451 ], [ -77.104086000134487, 38.915805000011403 ], [ -77.104094000134467, 38.915825000011409 ], [ -77.104103000134444, 38.915844000011361 ], [ -77.10411100013448, 38.915865000011308 ], [ -77.104118000134463, 38.915885000011315 ], [ -77.104125000134445, 38.915904000011267 ], [ -77.104134000134422, 38.915923000011219 ], [ -77.104144000134397, 38.915942000011228 ], [ -77.104157000134364, 38.91596100001118 ], [ -77.104171000134386, 38.915979000011134 ], [ -77.104185000134351, 38.915995000011151 ], [ -77.104196000134323, 38.916012000011108 ], [ -77.104207000134295, 38.91603100001106 ], [ -77.104216000134272, 38.916049000011014 ], [ -77.104233000134286, 38.916078000010998 ], [ -77.104242000134263, 38.916102000010937 ], [ -77.104248000134248, 38.916136000010908 ], [ -77.104261000134215, 38.916153000010866 ], [ -77.104278000134173, 38.916169000010882 ], [ -77.104297000134181, 38.916183000010847 ], [ -77.104314000134138, 38.916197000010811 ], [ -77.104330000134098, 38.916212000010773 ], [ -77.10434400013412, 38.91622800001079 ], [ -77.104357000134087, 38.916243000010752 ], [ -77.104371000134051, 38.916260000010709 ], [ -77.104382000134024, 38.916276000010669 ], [ -77.104395000133991, 38.916293000010683 ], [ -77.104409000134012, 38.91631000001064 ], [ -77.104425000133972, 38.916324000010604 ], [ -77.104442000133929, 38.916339000010566 ], [ -77.104459000133886, 38.916355000010583 ], [ -77.10447200013391, 38.916371000010543 ], [ -77.10448800013387, 38.9163880000105 ], [ -77.104506000133824, 38.916405000010514 ], [ -77.104526000133831, 38.916423000010468 ], [ -77.104545000133783, 38.916439000010428 ], [ -77.104563000133737, 38.916455000010387 ], [ -77.104578000133756, 38.916470000010406 ], [ -77.104590000133726, 38.916487000010363 ], [ -77.104619000133653, 38.916517000010288 ], [ -77.104635000133669, 38.916532000010307 ], [ -77.104651000133629, 38.916547000010269 ], [ -77.104673000133573, 38.916576000010195 ], [ -77.104688000133535, 38.916594000010207 ], [ -77.104701000133559, 38.916618000010146 ], [ -77.104720000133511, 38.916642000010143 ], [ -77.104743000133453, 38.916667000010079 ], [ -77.104768000133447, 38.916692000010016 ], [ -77.104790000133391, 38.916719000010005 ], [ -77.104814000133388, 38.916743000009944 ], [ -77.104826000133357, 38.916766000009943 ], [ -77.104844000133312, 38.91679100000988 ], [ -77.104865000133259, 38.916820000009864 ], [ -77.104886000133263, 38.91684900000979 ], [ -77.104909000133205, 38.916877000009777 ], [ -77.104930000133209, 38.916907000009701 ], [ -77.104950000133158, 38.916931000009697 ], [ -77.104970000133108, 38.916955000009636 ], [ -77.104996000133099, 38.916982000009568 ], [ -77.105011000133061, 38.916999000009582 ], [ -77.105024000133028, 38.917015000009542 ], [ -77.10504300013298, 38.917044000009469 ], [ -77.105060000132994, 38.917071000009457 ], [ -77.105073000132961, 38.917087000009417 ], [ -77.105093000132911, 38.917110000009416 ], [ -77.10510100013289, 38.91713600000935 ], [ -77.105099000132896, 38.917163000009339 ], [ -77.105113000132917, 38.917188000009276 ], [ -77.105144000132839, 38.917200000009245 ], [ -77.10516600013284, 38.917224000009242 ], [ -77.105168000132835, 38.917248000009181 ], [ -77.105157000132806, 38.917271000009123 ], [ -77.105144000132839, 38.917290000009132 ], [ -77.105161000132853, 38.917305000009094 ], [ -77.105167000132838, 38.917331000009028 ], [ -77.105192000132774, 38.917346000009047 ], [ -77.105220000132761, 38.917347000009045 ], [ -77.105241000132708, 38.917336000009016 ], [ -77.105266000132644, 38.917338000009067 ], [ -77.105294000132631, 38.91734100000906 ], [ -77.10531400013258, 38.917358000009017 ], [ -77.105335000132527, 38.917372000008982 ], [ -77.105350000132546, 38.917389000008939 ], [ -77.105353000132538, 38.917413000008935 ], [ -77.105357000132528, 38.917447000008849 ], [ -77.105371000132493, 38.917463000008865 ], [ -77.105393000132437, 38.917453000008834 ], [ -77.105417000132434, 38.917453000008834 ], [ -77.105439000132378, 38.917464000008863 ], [ -77.10544600013236, 38.917484000008812 ], [ -77.10545000013235, 38.917506000008757 ], [ -77.105468000132362, 38.917526000008763 ], [ -77.105491000132304, 38.917545000008715 ], [ -77.105510000132256, 38.91756300000867 ], [ -77.105517000132295, 38.917584000008674 ], [ -77.105529000132265, 38.917605000008621 ], [ -77.105554000132202, 38.917619000008585 ], [ -77.105587000132175, 38.917630000008614 ], [ -77.105591000132165, 38.917656000008549 ], [ -77.105586000132178, 38.917677000008496 ], [ -77.105607000132125, 38.917695000008507 ], [ -77.105598000132147, 38.917714000008459 ], [ -77.105596000132152, 38.917732000008414 ], [ -77.105596000132152, 38.917751000008423 ], [ -77.105613000132109, 38.917765000008387 ], [ -77.105618000132097, 38.917798000008304 ], [ -77.105624000132082, 38.917817000008313 ], [ -77.105620000132092, 38.917835000008267 ], [ -77.105622000132087, 38.917855000008217 ], [ -77.105632000132118, 38.917877000008218 ], [ -77.105636000132108, 38.91789600000817 ], [ -77.105658000132053, 38.917910000008135 ], [ -77.105686000131982, 38.917918000008115 ], [ -77.105670000132022, 38.917939000008118 ], [ -77.10568300013199, 38.917956000008076 ], [ -77.105669000132025, 38.917979000008017 ], [ -77.105673000132015, 38.917997000008029 ], [ -77.105709000131981, 38.918006000008006 ], [ -77.105712000131973, 38.918028000007951 ], [ -77.105704000131993, 38.918045000007965 ], [ -77.105716000131963, 38.918064000007917 ], [ -77.105730000131928, 38.918087000007858 ], [ -77.105744000131892, 38.918112000007852 ], [ -77.105726000131938, 38.918134000007797 ], [ -77.10573700013191, 38.918150000007756 ], [ -77.105724000131943, 38.918170000007763 ], [ -77.105723000131945, 38.918194000007702 ], [ -77.105736000131913, 38.918217000007701 ], [ -77.10574500013189, 38.918242000007638 ], [ -77.105728000131933, 38.918254000007607 ], [ -77.105728000131933, 38.918277000007606 ], [ -77.105734000131918, 38.918302000007543 ], [ -77.105752000131929, 38.918317000007505 ], [ -77.105768000131889, 38.918302000007543 ], [ -77.105784000131848, 38.918316000007508 ], [ -77.105813000131832, 38.918329000007475 ], [ -77.105823000131807, 38.918346000007489 ], [ -77.105834000131779, 38.918364000007443 ], [ -77.105837000131771, 38.918388000007383 ], [ -77.105838000131769, 38.918409000007387 ], [ -77.105839000131766, 38.918431000007331 ], [ -77.105858000131718, 38.918448000007345 ], [ -77.10586400013176, 38.918472000007284 ], [ -77.105870000131745, 38.918492000007234 ], [ -77.105878000131725, 38.918513000007238 ], [ -77.105901000131666, 38.918525000007207 ], [ -77.10592600013166, 38.91853200000719 ], [ -77.105943000131617, 38.918545000007157 ], [ -77.105941000131622, 38.918565000007163 ], [ -77.105944000131615, 38.918584000007115 ], [ -77.105961000131572, 38.91860200000707 ], [ -77.105986000131566, 38.918605000007062 ], [ -77.106009000131507, 38.918603000007067 ], [ -77.106023000131472, 38.918622000007019 ], [ -77.106039000131489, 38.918640000007031 ], [ -77.106043000131478, 38.91866400000697 ], [ -77.106061000131433, 38.918679000006932 ], [ -77.106077000131393, 38.918699000006939 ], [ -77.106099000131394, 38.918722000006881 ], [ -77.106121000131338, 38.918747000006874 ], [ -77.10614000013129, 38.918780000006791 ], [ -77.106150000131265, 38.9187990000068 ], [ -77.106160000131297, 38.918816000006757 ], [ -77.106167000131279, 38.918833000006714 ], [ -77.106175000131259, 38.918851000006669 ], [ -77.106189000131224, 38.918886000006637 ], [ -77.106194000131211, 38.918904000006592 ], [ -77.106199000131198, 38.9189230000066 ], [ -77.106218000131207, 38.91895500000652 ], [ -77.10622500013119, 38.918975000006526 ], [ -77.106232000131172, 38.919007000006445 ], [ -77.106218000131207, 38.919034000006434 ], [ -77.106210000131171, 38.919064000006358 ], [ -77.106227000131184, 38.919086000006303 ], [ -77.106245000131139, 38.919101000006322 ], [ -77.106263000131094, 38.919119000006276 ], [ -77.10627500013112, 38.919140000006223 ], [ -77.106266000131086, 38.919164000006219 ], [ -77.10627500013112, 38.919185000006166 ], [ -77.106300000131057, 38.919187000006161 ], [ -77.106331000131036, 38.919204000006118 ], [ -77.106340000131013, 38.919228000006115 ], [ -77.10634100013101, 38.919258000006039 ], [ -77.106346000130998, 38.91927600000605 ], [ -77.106368000130942, 38.919293000006007 ], [ -77.106397000130926, 38.91930400000598 ], [ -77.10641900013087, 38.919318000005944 ], [ -77.10644300013081, 38.919325000005983 ], [ -77.106466000130808, 38.919347000005928 ], [ -77.106475000130786, 38.919369000005872 ], [ -77.106469000130801, 38.919391000005874 ], [ -77.106478000130778, 38.919418000005805 ], [ -77.10649700013073, 38.919442000005802 ], [ -77.106519000130731, 38.919464000005746 ], [ -77.106543000130671, 38.919477000005713 ], [ -77.106571000130657, 38.919489000005683 ], [ -77.106577000130642, 38.919511000005684 ], [ -77.106572000130654, 38.919537000005619 ], [ -77.106584000130624, 38.919554000005576 ], [ -77.106608000130564, 38.919540000005611 ], [ -77.106635000130552, 38.919545000005598 ], [ -77.106659000130492, 38.919556000005571 ], [ -77.106668000130469, 38.919584000005557 ], [ -77.106676000130449, 38.919601000005514 ], [ -77.106692000130465, 38.91963300000549 ], [ -77.10670600013043, 38.919660000005422 ], [ -77.106727000130377, 38.91968700000541 ], [ -77.106749000130378, 38.91971500000534 ], [ -77.10677200013032, 38.919740000005334 ], [ -77.106796000130259, 38.91976500000527 ], [ -77.106819000130258, 38.919791000005205 ], [ -77.106835000130218, 38.919813000005206 ], [ -77.106851000130177, 38.91983900000514 ], [ -77.106868000130191, 38.919862000005139 ], [ -77.106878000130166, 38.919889000005071 ], [ -77.106872000130181, 38.919908000005023 ], [ -77.106849000130183, 38.919923000005042 ], [ -77.106826000130241, 38.919938000005004 ], [ -77.106809000130283, 38.919957000004956 ], [ -77.106800000130306, 38.919981000004952 ], [ -77.106794000130265, 38.920005000004892 ], [ -77.106801000130304, 38.920026000004839 ], [ -77.106828000130236, 38.920033000004878 ], [ -77.106852000130175, 38.920031000004883 ], [ -77.106873000130179, 38.920016000004864 ], [ -77.106895000130123, 38.920002000004899 ], [ -77.106918000130122, 38.919989000004932 ], [ -77.106949000130044, 38.919976000004965 ], [ -77.106975000130035, 38.919983000004947 ], [ -77.106991000129995, 38.920002000004899 ], [ -77.107001000129969, 38.920030000004886 ], [ -77.107010000129947, 38.920057000004817 ], [ -77.107089000129804, 38.920165000004658 ], [ -77.107220000129644, 38.920227000004559 ], [ -77.107258000129548, 38.920257000004483 ], [ -77.107245000129581, 38.920276000004492 ], [ -77.10726100012954, 38.920297000004439 ], [ -77.107284000129539, 38.920311000004403 ], [ -77.107310000129473, 38.920328000004417 ], [ -77.107339000129457, 38.920341000004385 ], [ -77.107366000129389, 38.920355000004349 ], [ -77.107391000129383, 38.920372000004306 ], [ -77.107418000129314, 38.920388000004323 ], [ -77.107447000129298, 38.920411000004265 ], [ -77.107476000129225, 38.920433000004209 ], [ -77.107498000129169, 38.9204590000042 ], [ -77.107517000129178, 38.920488000004127 ], [ -77.107535000129133, 38.920515000004116 ], [ -77.107553000129087, 38.920543000004045 ], [ -77.107565000129114, 38.920572000004029 ], [ -77.107580000129076, 38.920602000003953 ], [ -77.107603000129018, 38.920633000003932 ], [ -77.107626000129017, 38.920661000003861 ], [ -77.107646000128966, 38.920687000003852 ], [ -77.107654000128946, 38.920717000003776 ], [ -77.107668000128911, 38.920739000003778 ], [ -77.10767900012894, 38.92075800000373 ], [ -77.107669000128908, 38.920781000003672 ], [ -77.107692000128907, 38.920783000003667 ], [ -77.107717000128844, 38.920774000003689 ], [ -77.107736000128853, 38.920791000003703 ], [ -77.107739000128845, 38.92081600000364 ], [ -77.107756000128802, 38.920835000003592 ], [ -77.107778000128746, 38.920856000003596 ], [ -77.107802000128743, 38.920866000003571 ], [ -77.10782700012868, 38.92087400000355 ], [ -77.107840000128647, 38.920892000003505 ], [ -77.107870000128628, 38.920899000003487 ], [ -77.10789700012856, 38.920912000003511 ], [ -77.107919000128561, 38.920925000003479 ], [ -77.107939000128511, 38.920941000003438 ], [ -77.107971000128487, 38.920949000003418 ], [ -77.107993000128431, 38.920958000003395 ], [ -77.108015000128376, 38.920978000003402 ], [ -77.108046000128354, 38.920999000003349 ], [ -77.108060000128319, 38.921014000003311 ], [ -77.108083000128318, 38.921039000003304 ], [ -77.108112000128244, 38.921059000003254 ], [ -77.108134000128189, 38.92107900000326 ], [ -77.108146000128215, 38.921101000003205 ], [ -77.108170000128155, 38.921118000003162 ], [ -77.108186000128114, 38.921140000003163 ], [ -77.108199000128081, 38.921170000003087 ], [ -77.108205000128123, 38.921203000003061 ], [ -77.108208000128116, 38.921233000002985 ], [ -77.108204000128126, 38.921255000002986 ], [ -77.108208000128116, 38.921277000002931 ], [ -77.108235000128047, 38.921279000002926 ], [ -77.108253000128002, 38.921292000002893 ], [ -77.108278000127996, 38.921317000002887 ], [ -77.108291000127963, 38.921336000002839 ], [ -77.108323000127939, 38.921339000002831 ], [ -77.108353000127863, 38.921349000002806 ], [ -77.108373000127813, 38.921369000002755 ], [ -77.108387000127834, 38.921388000002764 ], [ -77.108409000127779, 38.921409000002711 ], [ -77.108428000127731, 38.921430000002715 ], [ -77.108428000127731, 38.921458000002644 ], [ -77.10844300012775, 38.921478000002594 ], [ -77.108459000127709, 38.92149000000262 ], [ -77.108476000127666, 38.92151800000255 ], [ -77.108490000127631, 38.921538000002499 ], [ -77.108485000127644, 38.921560000002501 ], [ -77.108487000127639, 38.921581000002448 ], [ -77.10851300012763, 38.921594000002415 ], [ -77.108529000127589, 38.921617000002414 ], [ -77.10851300012763, 38.921636000002366 ], [ -77.108531000127584, 38.921648000002335 ], [ -77.108553000127586, 38.921641000002353 ], [ -77.10857100012754, 38.921626000002391 ], [ -77.108592000127487, 38.921610000002431 ], [ -77.108615000127486, 38.921628000002386 ], [ -77.108632000127443, 38.92164600000234 ], [ -77.108652000127393, 38.921663000002354 ], [ -77.108669000127406, 38.921679000002314 ], [ -77.108681000127376, 38.921701000002258 ], [ -77.108703000127321, 38.921717000002218 ], [ -77.108727000127317, 38.92172000000221 ], [ -77.108755000127246, 38.921724000002257 ], [ -77.108758000127239, 38.921744000002207 ], [ -77.108755000127246, 38.921767000002149 ], [ -77.108746000127269, 38.921790000002147 ], [ -77.108746000127269, 38.921813000002089 ], [ -77.108767000127216, 38.921828000002051 ], [ -77.108790000127215, 38.921834000002036 ], [ -77.108817000127146, 38.921823000002064 ], [ -77.108848000127125, 38.921828000002051 ], [ -77.108845000127133, 38.921848000002058 ], [ -77.10884600012713, 38.921871000002 ], [ -77.108876000127054, 38.921870000002002 ], [ -77.108902000127046, 38.92185900000203 ], [ -77.108927000126982, 38.921865000002015 ], [ -77.108955000126912, 38.921856000002037 ], [ -77.108974000126921, 38.921840000002078 ], [ -77.108999000126857, 38.921856000002037 ], [ -77.10900600012684, 38.921878000001982 ], [ -77.109022000126856, 38.921893000001944 ], [ -77.109044000126801, 38.921905000001971 ], [ -77.10906800012674, 38.921914000001948 ], [ -77.109093000126734, 38.92192500000192 ], [ -77.109114000126681, 38.921940000001882 ], [ -77.109129000126643, 38.921958000001894 ], [ -77.109138000126677, 38.921981000001836 ], [ -77.109141000126669, 38.922001000001785 ], [ -77.109158000126627, 38.922016000001804 ], [ -77.109178000126576, 38.922039000001746 ], [ -77.109192000126541, 38.922054000001708 ], [ -77.109214000126542, 38.922068000001673 ], [ -77.109238000126481, 38.922075000001712 ], [ -77.109260000126483, 38.922085000001687 ], [ -77.109284000126422, 38.922097000001656 ], [ -77.109319000126391, 38.922109000001626 ], [ -77.109344000126328, 38.922129000001576 ], [ -77.109362000126282, 38.922147000001587 ], [ -77.109381000126291, 38.922166000001539 ], [ -77.109388000126273, 38.922189000001538 ], [ -77.109378000126299, 38.92220800000149 ], [ -77.109367000126269, 38.922226000001444 ], [ -77.109367000126269, 38.922247000001391 ], [ -77.109388000126273, 38.922239000001412 ], [ -77.109402000126238, 38.922223000001452 ], [ -77.109426000126177, 38.922228000001439 ], [ -77.109454000126163, 38.922240000001409 ], [ -77.109489000126132, 38.922249000001443 ], [ -77.109515000126066, 38.922264000001405 ], [ -77.109545000126047, 38.922285000001352 ], [ -77.109578000125964, 38.922304000001304 ], [ -77.109612000125935, 38.922323000001313 ], [ -77.109653000125832, 38.92233600000128 ], [ -77.1096880001258, 38.92235600000123 ], [ -77.109712000125739, 38.922381000001224 ], [ -77.109719000125722, 38.922403000001168 ], [ -77.109735000125738, 38.922417000001133 ], [ -77.109773000125642, 38.922426000001167 ], [ -77.109810000125606, 38.922445000001119 ], [ -77.109842000125582, 38.922458000001086 ], [ -77.109868000125516, 38.922478000001036 ], [ -77.109889000125463, 38.922506000001022 ], [ -77.1098970001255, 38.922523000000979 ], [ -77.10990500012548, 38.922555000000955 ], [ -77.109911000125464, 38.922584000000882 ], [ -77.109922000125437, 38.922612000000868 ], [ -77.109939000125394, 38.922632000000817 ], [ -77.109966000125382, 38.922645000000784 ], [ -77.109996000125307, 38.922658000000808 ], [ -77.110018000125308, 38.922674000000768 ], [ -77.1100210001253, 38.922698000000707 ], [ -77.11003700012526, 38.922714000000667 ], [ -77.110065000125189, 38.92271300000067 ], [ -77.110096000125168, 38.922716000000719 ], [ -77.110122000125102, 38.922732000000678 ], [ -77.110134000125129, 38.92275500000062 ], [ -77.110155000125076, 38.922766000000593 ], [ -77.110186000124997, 38.922778000000619 ], [ -77.110208000124999, 38.922795000000576 ], [ -77.110232000124938, 38.922808000000543 ], [ -77.110255000124937, 38.922805000000551 ], [ -77.110281000124871, 38.922813000000531 ], [ -77.110299000124826, 38.922830000000488 ], [ -77.11031600012484, 38.922854000000484 ], [ -77.110340000124779, 38.922868000000449 ], [ -77.110357000124736, 38.922893000000442 ], [ -77.110372000124755, 38.922917000000382 ], [ -77.110384000124725, 38.922935000000336 ], [ -77.11038600012472, 38.92295600000034 ], [ -77.110405000124672, 38.922973000000297 ], [ -77.110429000124668, 38.922961000000328 ], [ -77.110454000124605, 38.922979000000282 ], [ -77.110478000124544, 38.922993000000247 ], [ -77.110509000124523, 38.923004000000219 ], [ -77.110542000124497, 38.923015000000248 ], [ -77.110568000124431, 38.923031000000208 ], [ -77.110583000124393, 38.923064000000124 ], [ -77.110603000124399, 38.923096000000101 ], [ -77.110616000124367, 38.923111 ], [ -77.110629000124334, 38.923126 ], [ -77.110644000124296, 38.923153 ], [ -77.110646000124291, 38.923174 ], [ -77.110674000124277, 38.923188 ], [ -77.110692000124232, 38.923209 ], [ -77.11071500012423, 38.923218 ], [ -77.110744000124157, 38.923233999999866 ], [ -77.110776000124133, 38.92325099999988 ], [ -77.11080500012406, 38.923269999999832 ], [ -77.110835000124041, 38.923287999999786 ], [ -77.110861000123975, 38.923311999999783 ], [ -77.11088300012392, 38.923339999999712 ], [ -77.110902000123929, 38.923365999999703 ], [ -77.110904000123924, 38.923392999999635 ], [ -77.110894000123949, 38.923414999999579 ], [ -77.110909000123911, 38.923431999999593 ], [ -77.110940000123833, 38.923425999999608 ], [ -77.110965000123826, 38.923425999999608 ], [ -77.110973000123806, 38.923446999999555 ], [ -77.110999000123741, 38.923459999999523 ], [ -77.111029000123722, 38.9234689999995 ], [ -77.111062000123638, 38.923477999999534 ], [ -77.11108800012363, 38.923482999999521 ], [ -77.111111000123572, 38.923492999999496 ], [ -77.11113400012357, 38.923500999999476 ], [ -77.111163000123497, 38.923509999999453 ], [ -77.111175000123467, 38.923534999999447 ], [ -77.111184000123501, 38.923555999999394 ], [ -77.111214000123425, 38.923566999999366 ], [ -77.111225000123397, 38.923583999999323 ], [ -77.111252000123386, 38.923584999999321 ], [ -77.111273000123333, 38.923598999999342 ], [ -77.111268000123346, 38.923623999999279 ], [ -77.11127800012332, 38.923648999999216 ], [ -77.111296000123275, 38.923668999999222 ], [ -77.111320000123271, 38.92366599999923 ], [ -77.111344000123211, 38.923679999999194 ], [ -77.111358000123232, 38.923706999999126 ], [ -77.111381000123174, 38.923737999999105 ], [ -77.111393000123144, 38.923754999999062 ], [ -77.111402000123121, 38.923785999999041 ], [ -77.111405000123113, 38.923811999998975 ], [ -77.11141700012314, 38.923837999998966 ], [ -77.111450000123057, 38.923834999998974 ], [ -77.111473000123055, 38.923847999998941 ], [ -77.111498000122992, 38.923852999998928 ], [ -77.111525000122924, 38.923861999998906 ], [ -77.11155300012291, 38.923870999998883 ], [ -77.111555000122905, 38.923895999998877 ], [ -77.111586000122827, 38.923903999998856 ], [ -77.111612000122818, 38.923918999998818 ], [ -77.11163100012277, 38.923934999998778 ], [ -77.111660000122754, 38.923939999998765 ], [ -77.111679000122706, 38.923951999998792 ], [ -77.111692000122673, 38.923971999998741 ], [ -77.111719000122662, 38.923983999998711 ], [ -77.111744000122599, 38.923994999998683 ], [ -77.111772000122585, 38.924003999998718 ], [ -77.111798000122519, 38.924013999998692 ], [ -77.111825000122508, 38.924023999998667 ], [ -77.111835000122483, 38.924041999998622 ], [ -77.111827000122503, 38.92406499999862 ], [ -77.11183600012248, 38.924094999998545 ], [ -77.111864000122409, 38.924100999998529 ], [ -77.111895000122388, 38.92409299999855 ], [ -77.111916000122335, 38.924110999998504 ], [ -77.111945000122319, 38.924116999998489 ], [ -77.111962000122276, 38.924130999998511 ], [ -77.111978000122235, 38.924151999998458 ], [ -77.111974000122245, 38.924184999998431 ], [ -77.111971000122253, 38.924202999998386 ], [ -77.111987000122213, 38.924215999998353 ], [ -77.112008000122216, 38.924223999998333 ], [ -77.112011000122209, 38.924243999998339 ], [ -77.112019000122189, 38.924262999998291 ], [ -77.112052000122105, 38.924257999998304 ], [ -77.112087000122074, 38.924256999998306 ], [ -77.112092000122061, 38.924275999998258 ], [ -77.112111000122013, 38.924287999998228 ], [ -77.112135000122009, 38.92428699999823 ], [ -77.112167000121929, 38.92429099999822 ], [ -77.112174000121911, 38.924313999998219 ], [ -77.11218100012195, 38.924337999998158 ], [ -77.112194000121917, 38.924354999998172 ], [ -77.112220000121852, 38.924368999998137 ], [ -77.112231000121824, 38.924398999998061 ], [ -77.112252000121828, 38.92442199999806 ], [ -77.112273000121775, 38.924439999998015 ], [ -77.112295000121776, 38.924450999997987 ], [ -77.112323000121705, 38.92444199999801 ], [ -77.112358000121674, 38.924436999998022 ], [ -77.112396000121578, 38.924443999998005 ], [ -77.112424000121564, 38.924458999997967 ], [ -77.112432000121544, 38.924482999997963 ], [ -77.112437000121531, 38.924505999997905 ], [ -77.112461000121471, 38.924516999997877 ], [ -77.112482000121474, 38.924532999997894 ], [ -77.112508000121409, 38.924544999997863 ], [ -77.112525000121423, 38.924568999997803 ], [ -77.11253800012139, 38.924590999997804 ], [ -77.112563000121327, 38.924606999997764 ], [ -77.112586000121325, 38.924626999997713 ], [ -77.11261200012126, 38.924642999997673 ], [ -77.112638000121194, 38.924646999997719 ], [ -77.112659000121198, 38.924656999997694 ], [ -77.11267800012115, 38.924687999997616 ], [ -77.11269000012112, 38.924703999997632 ], [ -77.112702000121146, 38.924719999997592 ], [ -77.112715000121113, 38.924736999997549 ], [ -77.112727000121083, 38.924752999997509 ], [ -77.112739000121053, 38.924771999997517 ], [ -77.112751000121023, 38.924790999997469 ], [ -77.112767000121039, 38.924807999997427 ], [ -77.112783000120999, 38.924823999997443 ], [ -77.112798000120961, 38.924851999997372 ], [ -77.112796000120966, 38.924872999997319 ], [ -77.112770000121031, 38.924876999997309 ], [ -77.112745000121038, 38.924880999997356 ], [ -77.11274000012105, 38.9249029999973 ], [ -77.112749000121028, 38.924919999997257 ], [ -77.11275600012101, 38.924938999997266 ], [ -77.112784000120996, 38.924941999997259 ], [ -77.112806000120941, 38.924949999997239 ], [ -77.112829000120939, 38.924960999997211 ], [ -77.112846000120896, 38.92498499999715 ], [ -77.112859000120864, 38.925006999997152 ], [ -77.112840000120912, 38.925024999997106 ], [ -77.112854000120876, 38.925044999997056 ], [ -77.11287900012087, 38.925044999997056 ], [ -77.112894000120832, 38.925067999997054 ], [ -77.112909000120794, 38.925084999997011 ], [ -77.112920000120766, 38.92506199999707 ], [ -77.112948000120753, 38.925058999997077 ], [ -77.112967000120705, 38.925081999997019 ], [ -77.112991000120644, 38.925110999997003 ], [ -77.113014000120643, 38.925125999996965 ], [ -77.113032000120597, 38.925146999996912 ], [ -77.113100000120482, 38.925239999996791 ], [ -77.113187000120377, 38.925312999996663 ], [ -77.113216000120303, 38.925315999996656 ], [ -77.113231000120322, 38.92532999999662 ], [ -77.113246000120284, 38.925349999996627 ], [ -77.113268000120229, 38.925359999996601 ], [ -77.113293000120223, 38.925364999996589 ], [ -77.113328000120134, 38.925362999996594 ], [ -77.113351000120133, 38.925367999996581 ], [ -77.11336800012009, 38.925383999996541 ], [ -77.11338000012006, 38.925402999996493 ], [ -77.113406000120051, 38.925417999996512 ], [ -77.113406000120051, 38.925442999996449 ], [ -77.113406000120051, 38.925471999996432 ], [ -77.113425000120003, 38.925486999996394 ], [ -77.11342600012, 38.925506999996344 ], [ -77.11343400011998, 38.925528999996345 ], [ -77.113448000119945, 38.925553999996282 ], [ -77.113470000119946, 38.925575999996227 ], [ -77.113487000119903, 38.925597999996228 ], [ -77.113506000119855, 38.925618999996175 ], [ -77.113518000119825, 38.925636999996186 ], [ -77.113530000119852, 38.925655999996138 ], [ -77.113546000119811, 38.9256709999961 ], [ -77.113552000119796, 38.925698999996087 ], [ -77.113553000119794, 38.925731999996003 ], [ -77.113566000119761, 38.925753999996004 ], [ -77.113591000119754, 38.925749999995958 ], [ -77.113617000119689, 38.92574099999598 ], [ -77.113632000119651, 38.925765999995974 ], [ -77.113653000119655, 38.925781999995934 ], [ -77.113661000119635, 38.925805999995873 ], [ -77.113664000119627, 38.92582599999588 ], [ -77.113682000119582, 38.925845999995829 ], [ -77.1136970001196, 38.925864999995781 ], [ -77.113715000119555, 38.925851999995814 ], [ -77.113739000119494, 38.925845999995829 ], [ -77.113758000119503, 38.925868999995771 ], [ -77.113758000119503, 38.925893999995765 ], [ -77.113757000119506, 38.925914999995712 ], [ -77.113756000119508, 38.925940999995703 ], [ -77.113758000119503, 38.925967999995635 ], [ -77.113780000119448, 38.925985999995589 ], [ -77.113804000119387, 38.925999999995611 ], [ -77.113830000119378, 38.926004999995598 ], [ -77.1138610001193, 38.92601599999557 ], [ -77.113879000119312, 38.926030999995533 ], [ -77.113899000119261, 38.926053999995531 ], [ -77.113924000119198, 38.926071999995486 ], [ -77.113941000119212, 38.926091999995435 ], [ -77.113953000119182, 38.926111999995442 ], [ -77.113954000119179, 38.926132999995389 ], [ -77.113978000119118, 38.926129999995396 ], [ -77.114003000119112, 38.926138999995374 ], [ -77.114021000119067, 38.926160999995318 ], [ -77.114022000119064, 38.926187999995307 ], [ -77.114023000119062, 38.926209999995251 ], [ -77.114020000119069, 38.926230999995255 ], [ -77.114022000119064, 38.926257999995187 ], [ -77.114038000119024, 38.926278999995134 ], [ -77.114069000119002, 38.926278999995134 ], [ -77.114084000118964, 38.926292999995155 ], [ -77.114101000118922, 38.926309999995112 ], [ -77.114117000118938, 38.926330999995059 ], [ -77.114125000118918, 38.926358999995045 ], [ -77.114131000118903, 38.926385999994977 ], [ -77.11413600011889, 38.926413999994963 ], [ -77.11415200011885, 38.926436999994905 ], [ -77.114170000118861, 38.926459999994904 ], [ -77.114180000118836, 38.926484999994841 ], [ -77.114195000118798, 38.926503999994793 ], [ -77.114213000118752, 38.926522999994802 ], [ -77.114229000118769, 38.926540999994756 ], [ -77.114249000118718, 38.926562999994701 ], [ -77.114250000118716, 38.926584999994702 ], [ -77.114251000118713, 38.926607999994644 ], [ -77.114277000118648, 38.926616999994621 ], [ -77.114296000118657, 38.926604999994652 ], [ -77.114319000118599, 38.926621999994609 ], [ -77.114348000118582, 38.926632999994638 ], [ -77.114370000118527, 38.926648999994597 ], [ -77.114388000118481, 38.926664999994557 ], [ -77.114404000118498, 38.926688999994496 ], [ -77.114406000118493, 38.92671399999449 ], [ -77.114421000118455, 38.926735999994435 ], [ -77.114434000118422, 38.926761999994426 ], [ -77.114449000118384, 38.926784999994368 ], [ -77.114462000118408, 38.926807999994367 ], [ -77.11448100011836, 38.926824999994324 ], [ -77.114491000118335, 38.926850999994258 ], [ -77.114515000118331, 38.926867999994272 ], [ -77.114526000118303, 38.926886999994224 ], [ -77.114522000118313, 38.926910999994163 ], [ -77.114528000118298, 38.92693499999416 ], [ -77.114550000118243, 38.926947999994127 ], [ -77.114587000118206, 38.926959999994097 ], [ -77.114622000118118, 38.926976999994054 ], [ -77.114639000118132, 38.92700499999404 ], [ -77.114642000118124, 38.927032999993969 ], [ -77.114668000118058, 38.92705499999397 ], [ -77.114700000118034, 38.927056999993965 ], [ -77.114735000117946, 38.92706699999394 ], [ -77.114762000117935, 38.927088999993884 ], [ -77.114782000117884, 38.927117999993868 ], [ -77.114785000117877, 38.927149999993787 ], [ -77.114787000117872, 38.927168999993796 ], [ -77.114778000117894, 38.927188999993746 ], [ -77.11476000011794, 38.927201999993713 ], [ -77.114774000117905, 38.927221999993719 ], [ -77.114796000117849, 38.927213999993683 ], [ -77.11482200011784, 38.927211999993688 ], [ -77.114801000117836, 38.927236999993681 ], [ -77.11481400011786, 38.927251999993643 ], [ -77.114828000117825, 38.92727599999364 ], [ -77.114841000117792, 38.927297999993584 ], [ -77.114862000117739, 38.927318999993531 ], [ -77.114885000117738, 38.927320999993526 ], [ -77.114903000117692, 38.927338999993538 ], [ -77.114899000117703, 38.92735799999349 ], [ -77.114903000117692, 38.927375999993444 ], [ -77.114929000117684, 38.927387999993414 ], [ -77.114953000117623, 38.927377999993439 ], [ -77.114944000117646, 38.927358999993487 ], [ -77.114941000117653, 38.927340999993532 ], [ -77.114969000117583, 38.927355999993495 ], [ -77.114995000117574, 38.927363999993474 ], [ -77.115055000117479, 38.927371999993454 ], [ -77.115084000117406, 38.927389999993409 ], [ -77.115120000117372, 38.927400999993438 ], [ -77.115148000117301, 38.927408999993418 ], [ -77.115177000117285, 38.927433999993355 ], [ -77.115202000117222, 38.927459999993346 ], [ -77.115218000117238, 38.927486999993278 ], [ -77.115236000117193, 38.927509999993276 ], [ -77.115259000117135, 38.927529999993226 ], [ -77.115277000117146, 38.927556999993158 ], [ -77.115286000117123, 38.927582999993149 ], [ -77.115306000117073, 38.927599999993106 ], [ -77.11532700011702, 38.92762199999305 ], [ -77.115330000117012, 38.927645999993047 ], [ -77.115335000117057, 38.927666999992994 ], [ -77.115365000116981, 38.927655999993021 ], [ -77.115388000116923, 38.927640999993059 ], [ -77.115413000116916, 38.927649999993037 ], [ -77.115441000116846, 38.927667999992991 ], [ -77.115448000116885, 38.927692999992985 ], [ -77.115469000116832, 38.927712999992934 ], [ -77.115494000116769, 38.927713999992932 ], [ -77.115518000116765, 38.927709999992942 ], [ -77.115530000116735, 38.927725999992902 ], [ -77.11552000011676, 38.927753999992888 ], [ -77.115515000116773, 38.927786999992804 ], [ -77.115518000116765, 38.927817999992783 ], [ -77.115548000116689, 38.92782699999276 ], [ -77.115574000116681, 38.92784299999272 ], [ -77.1156060001166, 38.927855999992687 ], [ -77.115619000116567, 38.927874999992696 ], [ -77.115644000116561, 38.927898999992635 ], [ -77.115674000116485, 38.927917999992644 ], [ -77.115699000116479, 38.927936999992596 ], [ -77.115714000116441, 38.927958999992541 ], [ -77.115735000116388, 38.927978999992547 ], [ -77.115744000116422, 38.928008999992471 ], [ -77.115765000116369, 38.928018999992446 ], [ -77.115797000116288, 38.928020999992441 ], [ -77.115821000116284, 38.92803999999245 ], [ -77.115830000116262, 38.928062999992392 ], [ -77.115813000116304, 38.928084999992336 ], [ -77.115828000116267, 38.928104999992343 ], [ -77.115860000116243, 38.92809399999237 ], [ -77.115882000116187, 38.92810199999235 ], [ -77.115901000116139, 38.928118999992307 ], [ -77.115907000116124, 38.928145999992239 ], [ -77.115926000116133, 38.928159999992261 ], [ -77.115957000116055, 38.928164999992248 ], [ -77.115970000116022, 38.928185999992195 ], [ -77.115980000116053, 38.928211999992186 ], [ -77.115990000116028, 38.928236999992123 ], [ -77.116003000115995, 38.92826199999206 ], [ -77.116022000115947, 38.928285999992056 ], [ -77.116039000115961, 38.928310999991993 ], [ -77.116046000115944, 38.928329999992002 ], [ -77.116044000115949, 38.928347999991956 ], [ -77.11602900011593, 38.928363999991916 ], [ -77.11601300011597, 38.928376999991883 ], [ -77.116015000115965, 38.928394999991895 ], [ -77.116027000115935, 38.928411999991852 ], [ -77.116052000115928, 38.928400999991879 ], [ -77.116081000115855, 38.928401999991877 ], [ -77.116105000115851, 38.928410999991854 ], [ -77.116119000115816, 38.928430999991804 ], [ -77.116132000115783, 38.928451999991807 ], [ -77.116135000115776, 38.928472999991754 ], [ -77.11615600011578, 38.928482999991729 ], [ -77.116180000115719, 38.928498999991689 ], [ -77.116193000115686, 38.928519999991693 ], [ -77.116207000115651, 38.92854499999163 ], [ -77.116212000115695, 38.928571999991618 ], [ -77.116212000115695, 38.92859099999157 ], [ -77.116187000115701, 38.928649999991478 ], [ -77.116192000115689, 38.928675999991412 ], [ -77.116206000115653, 38.928698999991411 ], [ -77.11622600011566, 38.928721999991353 ], [ -77.116242000115619, 38.928748999991342 ], [ -77.116249000115602, 38.928774999991276 ], [ -77.116261000115571, 38.928800999991267 ], [ -77.116283000115573, 38.928816999991227 ], [ -77.116310000115504, 38.928830999991192 ], [ -77.116331000115508, 38.928849999991144 ], [ -77.116338000115491, 38.928868999991153 ], [ -77.116322000115474, 38.928890999991097 ], [ -77.116315000115492, 38.928914999991093 ], [ -77.116322000115474, 38.92894399999102 ], [ -77.116328000115516, 38.928995999990946 ], [ -77.116351000115458, 38.929099999990797 ], [ -77.116365000115422, 38.929117999990751 ], [ -77.1163740001154, 38.929137999990701 ], [ -77.116388000115421, 38.929163999990692 ], [ -77.116407000115373, 38.929185999990636 ], [ -77.116421000115338, 38.92921099999063 ], [ -77.116435000115303, 38.929239999990557 ], [ -77.11644000011529, 38.929268999990541 ], [ -77.116437000115297, 38.929301999990457 ], [ -77.116442000115342, 38.929330999990441 ], [ -77.116453000115314, 38.929357999990373 ], [ -77.116444000115337, 38.929388999990351 ], [ -77.116439000115292, 38.929416999990281 ], [ -77.116434000115305, 38.929438999990282 ], [ -77.116409000115368, 38.929451999990249 ], [ -77.116408000115371, 38.929477999990183 ], [ -77.116415000115353, 38.92950199999018 ], [ -77.1164360001153, 38.929570999990062 ], [ -77.116466000115281, 38.929630999989968 ], [ -77.116513000115219, 38.929698999989853 ], [ -77.116524000115191, 38.929713999989815 ], [ -77.116542000115146, 38.929738999989809 ], [ -77.116558000115162, 38.929762999989748 ], [ -77.11657100011513, 38.929780999989703 ], [ -77.116587000115089, 38.929803999989701 ], [ -77.116598000115061, 38.929819999989661 ], [ -77.116608000115036, 38.929834999989623 ], [ -77.11662100011506, 38.929851999989637 ], [ -77.11663700011502, 38.929876999989574 ], [ -77.116654000114977, 38.929900999989513 ], [ -77.116670000114937, 38.929923999989512 ], [ -77.116689000114945, 38.929949999989446 ], [ -77.116706000114903, 38.929973999989443 ], [ -77.116717000114875, 38.929989999989402 ], [ -77.116728000114847, 38.930005999989362 ], [ -77.116744000114863, 38.930030999989356 ], [ -77.116756000114833, 38.930045999989318 ], [ -77.116768000114803, 38.930062999989275 ], [ -77.116783000114765, 38.930084999989276 ], [ -77.116794000114794, 38.930101999989233 ], [ -77.116802000114774, 38.930111999989208 ], [ -77.116818000114733, 38.93013499998915 ], [ -77.116830000114703, 38.930151999989164 ], [ -77.116841000114675, 38.930166999989126 ], [ -77.116872000114654, 38.930213999989064 ], [ -77.116884000114624, 38.930230999989021 ], [ -77.116906000114568, 38.930262999988997 ], [ -77.116917000114597, 38.930278999988957 ], [ -77.116931000114562, 38.930295999988914 ], [ -77.116942000114534, 38.930311999988874 ], [ -77.116954000114504, 38.930329999988885 ], [ -77.116969000114523, 38.930352999988827 ], [ -77.116980000114495, 38.930368999988787 ], [ -77.116997000114452, 38.930391999988785 ], [ -77.117010000114419, 38.930408999988742 ], [ -77.117021000114391, 38.930425999988699 ], [ -77.117038000114405, 38.930449999988696 ], [ -77.11704400011439, 38.930458999988673 ], [ -77.117055000114362, 38.930473999988635 ], [ -77.117075000114312, 38.930504999988614 ], [ -77.117087000114338, 38.930521999988571 ], [ -77.117104000114296, 38.930546999988564 ], [ -77.11712200011425, 38.930568999988509 ], [ -77.11713400011422, 38.930587999988461 ], [ -77.117144000114251, 38.930602999988423 ], [ -77.117151000114234, 38.930611999988457 ], [ -77.117164000114201, 38.930632999988404 ], [ -77.117178000114166, 38.930652999988354 ], [ -77.117189000114138, 38.93066899998837 ], [ -77.117207000114149, 38.930691999988312 ], [ -77.117224000114106, 38.930716999988249 ], [ -77.117237000114073, 38.930736999988255 ], [ -77.117245000114053, 38.930748999988225 ], [ -77.117252000114036, 38.930756999988205 ], [ -77.11726900011405, 38.930779999988147 ], [ -77.117289000113999, 38.930810999988125 ], [ -77.117308000113951, 38.93083699998806 ], [ -77.117324000113967, 38.930861999988053 ], [ -77.117336000113937, 38.930875999988018 ], [ -77.117348000113907, 38.930892999987975 ], [ -77.117359000113879, 38.930909999987989 ], [ -77.117368000113856, 38.930923999987954 ], [ -77.11738100011388, 38.930941999987908 ], [ -77.117398000113837, 38.930965999987905 ], [ -77.117419000113784, 38.930996999987826 ], [ -77.117436000113798, 38.93102199998782 ], [ -77.117449000113766, 38.931038999987777 ], [ -77.117460000113738, 38.931054999987737 ], [ -77.117480000113687, 38.931085999987715 ], [ -77.117494000113709, 38.93110399998767 ], [ -77.117507000113676, 38.931124999987617 ], [ -77.117522000113638, 38.931142999987628 ], [ -77.117539000113595, 38.931167999987565 ], [ -77.117560000113599, 38.931199999987541 ], [ -77.117578000113554, 38.931223999987481 ], [ -77.117595000113511, 38.931248999987474 ], [ -77.117606000113483, 38.931263999987436 ], [ -77.117623000113497, 38.931288999987373 ], [ -77.117643000113446, 38.931317999987357 ], [ -77.117663000113396, 38.931345999987286 ], [ -77.1176840001134, 38.931376999987265 ], [ -77.117702000113354, 38.931401999987202 ], [ -77.117718000113314, 38.931426999987195 ], [ -77.11773000011334, 38.931441999987157 ], [ -77.117745000113302, 38.931465999987097 ], [ -77.11775800011327, 38.931480999987059 ], [ -77.117772000113234, 38.931503999987058 ], [ -77.117784000113204, 38.931521999987012 ], [ -77.117802000113215, 38.931545999987009 ], [ -77.117815000113183, 38.931563999986963 ], [ -77.11783200011314, 38.931587999986903 ], [ -77.117854000113141, 38.931618999986881 ], [ -77.117875000113088, 38.931651999986798 ], [ -77.117888000113055, 38.931668999986812 ], [ -77.117903000113074, 38.931691999986754 ], [ -77.117918000113036, 38.931713999986698 ], [ -77.117933000112998, 38.931732999986707 ], [ -77.117949000112958, 38.931756999986646 ], [ -77.117961000112984, 38.931772999986606 ], [ -77.117972000112957, 38.931787999986625 ], [ -77.117986000112921, 38.931809999986569 ], [ -77.117998000112891, 38.931826999986527 ], [ -77.118009000112863, 38.93184399998654 ], [ -77.118027000112875, 38.931869999986475 ], [ -77.118045000112829, 38.931893999986471 ], [ -77.118057000112799, 38.931910999986428 ], [ -77.118074000112756, 38.93193399998637 ], [ -77.118094000112762, 38.931964999986349 ], [ -77.118111000112719, 38.931989999986286 ], [ -77.118130000112671, 38.932015999986277 ], [ -77.118147000112685, 38.932039999986216 ], [ -77.118158000112658, 38.932054999986178 ], [ -77.11817300011262, 38.932078999986174 ], [ -77.1181810001126, 38.932088999986149 ], [ -77.118197000112616, 38.932111999986091 ], [ -77.118214000112573, 38.932135999986087 ], [ -77.118230000112533, 38.932160999986024 ], [ -77.118242000112502, 38.932175999985986 ], [ -77.118258000112519, 38.93220099998598 ], [ -77.118275000112476, 38.932225999985917 ], [ -77.11829300011243, 38.932248999985916 ], [ -77.118304000112403, 38.932264999985875 ], [ -77.118321000112417, 38.932288999985815 ], [ -77.118336000112379, 38.932312999985811 ], [ -77.118349000112346, 38.932329999985768 ], [ -77.118371000112347, 38.932361999985744 ], [ -77.118383000112317, 38.932377999985704 ], [ -77.118394000112289, 38.932392999985666 ], [ -77.118408000112254, 38.932415999985608 ], [ -77.118422000112218, 38.932433999985619 ], [ -77.118434000112245, 38.932451999985574 ], [ -77.118451000112202, 38.93247599998557 ], [ -77.118466000112164, 38.932498999985512 ], [ -77.118477000112136, 38.932513999985474 ], [ -77.11849000011216, 38.932530999985431 ], [ -77.118504000112125, 38.932552999985433 ], [ -77.11852200011208, 38.932579999985364 ], [ -77.118535000112047, 38.932595999985381 ], [ -77.118551000112063, 38.932620999985318 ], [ -77.118562000112036, 38.932636999985277 ], [ -77.118575000112003, 38.932653999985291 ], [ -77.118586000111975, 38.932668999985253 ], [ -77.11859600011195, 38.932684999985213 ], [ -77.118611000111969, 38.932706999985157 ], [ -77.118629000111923, 38.932732999985149 ], [ -77.118645000111883, 38.932755999985091 ], [ -77.118653000111863, 38.932765999985065 ], [ -77.118673000111869, 38.932794999985049 ], [ -77.118687000111834, 38.932813999985001 ], [ -77.118704000111791, 38.932838999984995 ], [ -77.118721000111805, 38.932862999984934 ], [ -77.118737000111764, 38.93288699998493 ], [ -77.118746000111742, 38.932899999984897 ], [ -77.118758000111711, 38.932917999984852 ], [ -77.11878100011171, 38.932949999984828 ], [ -77.118800000111662, 38.932975999984762 ], [ -77.118817000111619, 38.933000999984699 ], [ -77.118834000111576, 38.933024999984696 ], [ -77.118850000111593, 38.933047999984637 ], [ -77.118862000111562, 38.933064999984651 ], [ -77.11887500011153, 38.933084999984601 ], [ -77.118890000111492, 38.93310499998455 ], [ -77.118910000111498, 38.933134999984532 ], [ -77.118924000111463, 38.933152999984486 ], [ -77.118938000111427, 38.933174999984431 ], [ -77.118951000111394, 38.933193999984439 ], [ -77.118963000111421, 38.933208999984402 ], [ -77.118983000111371, 38.93323999998438 ], [ -77.119002000111323, 38.933264999984317 ], [ -77.119014000111349, 38.933281999984274 ], [ -77.119029000111311, 38.93330599998427 ], [ -77.119047000111266, 38.93332999998421 ], [ -77.119070000111208, 38.933362999984183 ], [ -77.119081000111237, 38.933377999984145 ], [ -77.119092000111209, 38.933394999984102 ], [ -77.119104000111179, 38.933411999984116 ], [ -77.119119000111141, 38.933433999984061 ], [ -77.119137000111152, 38.933459999983995 ], [ -77.119154000111109, 38.933483999983991 ], [ -77.119162000111089, 38.933495999983961 ], [ -77.119181000111041, 38.93352399998389 ], [ -77.119198000111055, 38.933546999983889 ], [ -77.119211000111022, 38.933565999983841 ], [ -77.119228000110979, 38.93358899998384 ], [ -77.119244000110939, 38.933612999983779 ], [ -77.119261000110953, 38.933636999983719 ], [ -77.119280000110905, 38.933664999983705 ], [ -77.11929400011087, 38.933684999983655 ], [ -77.119310000110886, 38.933706999983656 ], [ -77.119326000110846, 38.933730999983595 ], [ -77.11934000011081, 38.933750999983545 ], [ -77.119359000110762, 38.933777999983533 ], [ -77.119368000110796, 38.933790999983501 ], [ -77.119382000110761, 38.93381099998345 ], [ -77.119393000110733, 38.933826999983467 ], [ -77.119412000110685, 38.933853999983398 ], [ -77.119430000110697, 38.933878999983392 ], [ -77.119447000110654, 38.933903999983329 ], [ -77.119464000110611, 38.933928999983266 ], [ -77.119486000110612, 38.933959999983244 ], [ -77.119508000110557, 38.933991999983164 ], [ -77.119526000110511, 38.934016999983157 ], [ -77.119543000110525, 38.934041999983094 ], [ -77.119560000110482, 38.93406599998309 ], [ -77.119580000110432, 38.934094999983017 ], [ -77.119593000110399, 38.934113999983026 ], [ -77.119610000110413, 38.934137999982966 ], [ -77.11962700011037, 38.934161999982905 ], [ -77.119646000110322, 38.934186999982899 ], [ -77.119672000110313, 38.93421799998282 ], [ -77.119690000110268, 38.934235999982832 ], [ -77.11975900011015, 38.934342999982618 ], [ -77.11975100011017, 38.934349999982658 ] ] ] } }
]
}
