{
"type": "FeatureCollection",
"name": "GU_CountyOrEquivalent",
"crs": { "type": "name", "properties": { "name": "urn:ogc:def:crs:EPSG::4269" } },
"features": [
{ "type": "Feature", "properties": { "permanent_": "0303c9f3-4708-4bff-aced-d5a2835bede2", "source_fea": "44009", "source_dat": "ccda6193-1739-4dd9-aa2b-1f14c80bcca4", "source_d_1": "2022 TIGER/Line Shapefile, Current County and Equivalent", "source_ori": "U.S. Census Bureau", "loaddate": "2022-11-30", "fcode": 61200, "state_fips": "44", "state_name": "Rhode Island", "county_fip": "009", "county_nam": "Washington", "stco_fipsc": "44009", "population": 129839, "areasqkm": 1457.59730567, "gnis_id": "1219782", "gnis_name": "Washington County", "shape_Leng": null, "shape_Area": null, "ObjectID": 1 }, "geometry": { "type": "MultiPolygon", "coordinates": [ [ [ [ -71.575199000383122, 41.320941000444861 ], [ -71.575253000383043, 41.320955000444826 ], [ -71.584452000368742, 41.31703700045091 ], [ -71.585067000367758, 41.316775000451287 ], [ -71.594239000353525, 41.313844000455845 ], [ -71.598151000347457, 41.312594000457807 ], [ -71.602518000340694, 41.311501000459486 ], [ -71.624504000306558, 41.305997000468039 ], [ -71.624504000306558, 41.306143000467785 ], [ -71.632188000294661, 41.304842000469819 ], [ -71.634503000291033, 41.303756000471481 ], [ -71.63612900028852, 41.303157000472424 ], [ -71.637705000286076, 41.302691000473146 ], [ -71.640720000281419, 41.30182100047449 ], [ -71.645638000273777, 41.300124000477126 ], [ -71.651523000264604, 41.298362000479869 ], [ -71.6516710002644, 41.298318000479924 ], [ -71.656976000256179, 41.296897000482147 ], [ -71.659565000252144, 41.296653000482536 ], [ -71.666319000241685, 41.292487000489018 ], [ -71.672595000231922, 41.289079000494269 ], [ -71.678979000222, 41.287346000496996 ], [ -71.685861000211332, 41.285390000500001 ], [ -71.686453000210406, 41.285213000500278 ], [ -71.690940000203454, 41.283874000502351 ], [ -71.691397000202755, 41.283738000502581 ], [ -71.695043000197074, 41.282647000504255 ], [ -71.700775000188173, 41.281601000505873 ], [ -71.705744000180459, 41.280739000507253 ], [ -71.711661000171262, 41.280601000507431 ], [ -71.718225000161112, 41.280943000506909 ], [ -71.719994000158351, 41.281149000506616 ], [ -71.723435000153017, 41.279617000508949 ], [ -71.728969000144389, 41.277964000511531 ], [ -71.729228000144019, 41.277891000511659 ], [ -71.732835000138436, 41.276876000513255 ], [ -71.739560000127994, 41.275449000515437 ], [ -71.742096000124036, 41.275369000515582 ], [ -71.747045000116373, 41.274974000516181 ], [ -71.749509000112539, 41.274999000516118 ], [ -71.753558000106239, 41.274830000516431 ], [ -71.759286000097347, 41.27459100051675 ], [ -71.765812000087237, 41.27424500051734 ], [ -71.772773000076427, 41.274765000516481 ], [ -71.778430000067658, 41.275111000515949 ], [ -71.785748000056287, 41.273459000518528 ], [ -71.791480000047386, 41.272165000520545 ], [ -71.791480000047386, 41.271921999479275 ], [ -71.791480000047386, 41.250099999513111 ], [ -71.790974000048152, 41.184381999615141 ], [ -71.790972000048157, 41.184100999615566 ], [ -71.791151000047876, 41.184280999615282 ], [ -71.809384000019577, 41.203234999585845 ], [ -71.854461999949649, 41.250099999513111 ], [ -71.858424999943452, 41.25361799950764 ], [ -71.858512999943343, 41.253696999507554 ], [ -71.874512999918522, 41.270685999481145 ], [ -71.879846999910228, 41.27624600051422 ], [ -71.907257999867682, 41.304483000470384 ], [ -71.907220999867718, 41.30453500047031 ], [ -71.907112999867877, 41.304694000470079 ], [ -71.907076999867968, 41.304747000469945 ], [ -71.90558399987026, 41.306933000466586 ], [ -71.901657999876363, 41.312683000457639 ], [ -71.901290999876949, 41.313591000456256 ], [ -71.900300999878482, 41.316046000452445 ], [ -71.898806999880776, 41.318397000448783 ], [ -71.894324999887772, 41.325454000437844 ], [ -71.893656999888776, 41.326504000436216 ], [ -71.893104999889658, 41.327373000434875 ], [ -71.89235599989081, 41.329218000431979 ], [ -71.892066999891256, 41.330075000430668 ], [ -71.891858999891554, 41.330036000430709 ], [ -71.891749999891772, 41.329973000430812 ], [ -71.891590999892003, 41.32987700043094 ], [ -71.891466999892202, 41.329834000431049 ], [ -71.891343999892399, 41.329772000431149 ], [ -71.891264999892485, 41.329714000431238 ], [ -71.88929199989559, 41.328975000432365 ], [ -71.883920999903921, 41.326498000436231 ], [ -71.882130999906678, 41.325673000437462 ], [ -71.880706999908909, 41.324961000438577 ], [ -71.878285999912634, 41.323752000440493 ], [ -71.876434999915546, 41.322827000441919 ], [ -71.87501099991772, 41.322117000443029 ], [ -71.874512999918522, 41.321868000443374 ], [ -71.873617999919873, 41.321567000443849 ], [ -71.869352999926491, 41.320132000446108 ], [ -71.867931999928715, 41.319654000446803 ], [ -71.867501999929402, 41.319509000447056 ], [ -71.86653799993087, 41.319185000447533 ], [ -71.866199999931382, 41.319244000447441 ], [ -71.86575399993211, 41.319324000447352 ], [ -71.864581999933932, 41.319530000447003 ], [ -71.861066999939396, 41.320150000446063 ], [ -71.859895999941216, 41.320358000445765 ], [ -71.859714999941446, 41.320389000445687 ], [ -71.859174999942297, 41.320485000445558 ], [ -71.858994999942581, 41.320518000445475 ], [ -71.857457999944984, 41.320789000445075 ], [ -71.856247999946845, 41.321636000443732 ], [ -71.854806999949119, 41.322643000442213 ], [ -71.854176999950084, 41.323085000441495 ], [ -71.851922999953558, 41.324664000439043 ], [ -71.848828999958357, 41.32829100043341 ], [ -71.847708999960105, 41.329604000431402 ], [ -71.844939999964424, 41.330610000429829 ], [ -71.844610999964914, 41.330730000429639 ], [ -71.841291999970053, 41.332694000426613 ], [ -71.841034999970475, 41.332845000426346 ], [ -71.840043999972011, 41.333432000425432 ], [ -71.838796999973965, 41.334170000424308 ], [ -71.837279999976317, 41.335068000422893 ], [ -71.836399999977687, 41.335887000421621 ], [ -71.836312999977793, 41.335967000421533 ], [ -71.836226999977953, 41.336048000421385 ], [ -71.835244999979466, 41.33696100041999 ], [ -71.833426999982294, 41.338653000417366 ], [ -71.831780999984858, 41.340183000414982 ], [ -71.830626999986634, 41.341258000413291 ], [ -71.830454999986898, 41.341418000413057 ], [ -71.829938999987689, 41.3418980004123 ], [ -71.829766999987953, 41.342058000412067 ], [ -71.829708999988043, 41.34211100041199 ], [ -71.829535999988309, 41.342272000411697 ], [ -71.829478999988396, 41.342326000411617 ], [ -71.829383999988579, 41.342413000411511 ], [ -71.82936499998857, 41.342432000411463 ], [ -71.829403999988529, 41.342788000410906 ], [ -71.829417999988493, 41.342916000410696 ], [ -71.829766999987953, 41.346120000405733 ], [ -71.829778999987923, 41.346229000405572 ], [ -71.829901999987726, 41.346636000404942 ], [ -71.830168999987336, 41.347526000403548 ], [ -71.830608999986623, 41.348989000401275 ], [ -71.8311599999858, 41.350818000398476 ], [ -71.831185999985735, 41.350903000398318 ], [ -71.831302999985553, 41.351295000397727 ], [ -71.833900999981552, 41.352770000395424 ], [ -71.836043999978187, 41.353988000393542 ], [ -71.836767999977098, 41.355103000391807 ], [ -71.837285999976302, 41.35670800038929 ], [ -71.837331999976243, 41.356910000389007 ], [ -71.837653999975714, 41.358324000386801 ], [ -71.837806999975498, 41.358994000385792 ], [ -71.837872999975389, 41.360145000383966 ], [ -71.837776999975517, 41.362823000379819 ], [ -71.83776799997554, 41.362991000379566 ], [ -71.837765999975545, 41.363027000379532 ], [ -71.837758999975563, 41.363136000379313 ], [ -71.837757999975565, 41.363173000379277 ], [ -71.83775599997557, 41.363197000379216 ], [ -71.837753999975575, 41.363243000379157 ], [ -71.83775199997558, 41.363271000379143 ], [ -71.837750999975583, 41.36329600037908 ], [ -71.837743999975601, 41.363442000378882 ], [ -71.837740999975608, 41.363478000378791 ], [ -71.837730999975577, 41.363672000378529 ], [ -71.837721999975599, 41.363838000378223 ], [ -71.837710999975627, 41.364027000377973 ], [ -71.837700999975652, 41.364210000377682 ], [ -71.837696999975662, 41.364286000377547 ], [ -71.837684999975693, 41.364516000377193 ], [ -71.8376819999757, 41.364593000377056 ], [ -71.837673999975664, 41.364728000376886 ], [ -71.837666999975681, 41.364863000376658 ], [ -71.837634999975762, 41.365458000375725 ], [ -71.837632999975767, 41.365499000375678 ], [ -71.837535999975898, 41.365626000375471 ], [ -71.837033999976654, 41.36628600037443 ], [ -71.836970999976757, 41.366328000374381 ], [ -71.836535999977457, 41.36662300037392 ], [ -71.835731999978691, 41.367163000373068 ], [ -71.835012999979824, 41.367647000372358 ], [ -71.83437499998081, 41.368083000371655 ], [ -71.834336999980849, 41.368110000371644 ], [ -71.833868999981576, 41.368427000371128 ], [ -71.833178999982636, 41.368895000370401 ], [ -71.832775999983312, 41.369169000369993 ], [ -71.832540999983678, 41.369400000369637 ], [ -71.832498999983727, 41.369440000369536 ], [ -71.832068999984358, 41.369863000368923 ], [ -71.831996999984483, 41.370017000368648 ], [ -71.831953999984592, 41.370109000368529 ], [ -71.831843999984756, 41.370344000368164 ], [ -71.831680999984997, 41.371152000366919 ], [ -71.831664999985037, 41.371230000366779 ], [ -71.831659999984993, 41.371258000366709 ], [ -71.831656999985, 41.371472000366396 ], [ -71.831655999985003, 41.37168300036609 ], [ -71.83165299998501, 41.372088000365466 ], [ -71.831651999985013, 41.372226000365231 ], [ -71.831711999984918, 41.372417000364919 ], [ -71.831774999984816, 41.372615000364647 ], [ -71.831778999984863, 41.372628000364614 ], [ -71.832373999983929, 41.37447600036171 ], [ -71.832467999983749, 41.374768000361257 ], [ -71.832507999983704, 41.374893000361112 ], [ -71.832530999983646, 41.374963000360992 ], [ -71.832622999983528, 41.375151000360688 ], [ -71.832698999983393, 41.37530900036046 ], [ -71.832673999983456, 41.375621000359956 ], [ -71.832655999983501, 41.375850000359605 ], [ -71.832435999983829, 41.376462000358629 ], [ -71.832133999984308, 41.377059000357747 ], [ -71.831463999985317, 41.377654000356813 ], [ -71.831355999985476, 41.377752000356679 ], [ -71.831296999985568, 41.377796000356568 ], [ -71.831096999985903, 41.37801600035624 ], [ -71.830796999986376, 41.378348000355743 ], [ -71.830665999986536, 41.378581000355382 ], [ -71.830636999986609, 41.37877200035507 ], [ -71.830731999986483, 41.378952000354786 ], [ -71.83083099998629, 41.37913700035449 ], [ -71.830966999986117, 41.379224000354384 ], [ -71.831128999985822, 41.379328000354178 ], [ -71.83144299998537, 41.379530000353896 ], [ -71.83159099998511, 41.379671000353653 ], [ -71.831730999984927, 41.379805000353485 ], [ -71.831743999984894, 41.379817000353455 ], [ -71.831782999984853, 41.379853000353364 ], [ -71.83179599998482, 41.379866000353388 ], [ -71.83195199998454, 41.380015000353126 ], [ -71.832081999984382, 41.380139000352926 ], [ -71.832338999983961, 41.380534000352327 ], [ -71.832368999983942, 41.380580000352268 ], [ -71.832455999983779, 41.380718000352033 ], [ -71.832527999983654, 41.380834000351854 ], [ -71.832735999983356, 41.381164000351362 ], [ -71.832750999983318, 41.381180000351321 ], [ -71.832845999983192, 41.381280000351182 ], [ -71.832909999983087, 41.38134700035107 ], [ -71.833102999982771, 41.381551000350782 ], [ -71.833167999982663, 41.381619000350668 ], [ -71.833231999982559, 41.381686000350555 ], [ -71.833359999982406, 41.381935000350154 ], [ -71.833402999982297, 41.382019000350056 ], [ -71.833430999982284, 41.382075000349914 ], [ -71.833516999982123, 41.382244000349658 ], [ -71.833526999982098, 41.382264000349664 ], [ -71.833528999982093, 41.382305000349561 ], [ -71.833530999982088, 41.382368000349459 ], [ -71.833539999982122, 41.382560000349201 ], [ -71.833542999982114, 41.382624000349097 ], [ -71.833544999982109, 41.382682000349007 ], [ -71.833552999982089, 41.382846000348763 ], [ -71.833549999982097, 41.382856000348738 ], [ -71.833538999982125, 41.382914000348649 ], [ -71.833526999982098, 41.382973000348557 ], [ -71.833491999982186, 41.383149000348283 ], [ -71.833480999982214, 41.383209000348188 ], [ -71.833464999982198, 41.383289000348043 ], [ -71.833448999982238, 41.383369000347955 ], [ -71.833394999982318, 41.383830000347245 ], [ -71.833165999982668, 41.384731000345823 ], [ -71.832969999982993, 41.385242000345045 ], [ -71.832954999983031, 41.385257000345007 ], [ -71.832957999983023, 41.385275000344961 ], [ -71.832923999983052, 41.38536400034485 ], [ -71.83291299998308, 41.385391000344782 ], [ -71.832881999983101, 41.385471000344694 ], [ -71.832871999983126, 41.385499000344623 ], [ -71.832665999983476, 41.386036000343779 ], [ -71.832590999983552, 41.386385000343239 ], [ -71.832599999983586, 41.38650100034306 ], [ -71.832654999983504, 41.387156000342031 ], [ -71.833129999982759, 41.387839000340989 ], [ -71.833674999981895, 41.388396000340151 ], [ -71.834331999980861, 41.388981000339243 ], [ -71.834556999980521, 41.389181000338908 ], [ -71.835203999979512, 41.389558000338354 ], [ -71.835239999979478, 41.389579000338301 ], [ -71.835347999979319, 41.389642000338199 ], [ -71.835383999979229, 41.389663000338146 ], [ -71.835707999978752, 41.389852000337896 ], [ -71.836056999978211, 41.389948000337711 ], [ -71.836715999977173, 41.390130000337422 ], [ -71.838117999974997, 41.390554000336806 ], [ -71.838169999974923, 41.390595000336702 ], [ -71.83874899997403, 41.391054000335998 ], [ -71.839622999972676, 41.392168000334266 ], [ -71.839986999972098, 41.39268600033347 ], [ -71.840607999971155, 41.393622000332016 ], [ -71.840967999970587, 41.394004000331449 ], [ -71.840990999970529, 41.394024000331399 ], [ -71.84103299997048, 41.394075000331327 ], [ -71.841041999970457, 41.394089000331292 ], [ -71.841123999970307, 41.394169000331146 ], [ -71.841371999969965, 41.394432000330767 ], [ -71.841413999969859, 41.394455000330709 ], [ -71.841721999969423, 41.39462500033045 ], [ -71.842197999968676, 41.395363000329326 ], [ -71.842208999968648, 41.395380000329283 ], [ -71.842210999968643, 41.395771000328693 ], [ -71.842256999968583, 41.396162000328047 ], [ -71.842243999968616, 41.396879000326976 ], [ -71.842003999968938, 41.397496000325987 ], [ -71.841955999969059, 41.397636000325804 ], [ -71.841149999970298, 41.399230000323314 ], [ -71.841067999970392, 41.399658000322631 ], [ -71.841218999970181, 41.400404000321487 ], [ -71.841379999969945, 41.401439000319897 ], [ -71.841505999969741, 41.40267100031798 ], [ -71.841552999969679, 41.403046000317374 ], [ -71.841725999969412, 41.403241000317109 ], [ -71.84173899996938, 41.403267000317044 ], [ -71.842195999968681, 41.403664000316439 ], [ -71.842325999968466, 41.403817000316167 ], [ -71.842799999967724, 41.40413300031571 ], [ -71.843255999967027, 41.404461000315166 ], [ -71.843459999966683, 41.405166000314125 ], [ -71.843590999966523, 41.405331000313822 ], [ -71.843375999966838, 41.405890000312979 ], [ -71.843228999967039, 41.406181000312529 ], [ -71.842934999967497, 41.407151000311046 ], [ -71.842445999968277, 41.407830000309957 ], [ -71.8423519999684, 41.408084000309543 ], [ -71.842487999968228, 41.408714000308578 ], [ -71.842489999968222, 41.40872500030855 ], [ -71.842495999968207, 41.408760000308519 ], [ -71.8424989999682, 41.408772000308488 ], [ -71.842575999968062, 41.409372000307599 ], [ -71.842606999968041, 41.409605000307181 ], [ -71.84262699996799, 41.409757000306968 ], [ -71.842425999968327, 41.410260000306209 ], [ -71.842028999968932, 41.410706000305481 ], [ -71.841770999969299, 41.410839000305316 ], [ -71.841631999969536, 41.410912000305188 ], [ -71.841234999970141, 41.411119000304836 ], [ -71.841062999970404, 41.411208000304725 ], [ -71.84054799997125, 41.411475000304279 ], [ -71.840439999971409, 41.411532000304192 ], [ -71.840387999971483, 41.411580000304127 ], [ -71.839696999972546, 41.412222000303132 ], [ -71.839397999973016, 41.412336000302957 ], [ -71.839257999973199, 41.412390000302878 ], [ -71.837889999975346, 41.412483000302757 ], [ -71.836882999976922, 41.412228000303116 ], [ -71.836384999977668, 41.412234000303101 ], [ -71.835796999978584, 41.412232000303106 ], [ -71.835670999978788, 41.412167000303214 ], [ -71.835237999979483, 41.411946000303601 ], [ -71.834985999979835, 41.411801000303797 ], [ -71.834657999980379, 41.411597000304141 ], [ -71.834559999980513, 41.411594000304149 ], [ -71.834106999981202, 41.411582000304122 ], [ -71.833415999982321, 41.411946000303601 ], [ -71.831842999984758, 41.412620000302525 ], [ -71.831411999985392, 41.412793000302258 ], [ -71.830627999986632, 41.413180000301679 ], [ -71.829287999988708, 41.413782000300728 ], [ -71.827901999990843, 41.414334000299846 ], [ -71.827217999991888, 41.414492000299617 ], [ -71.826127999993616, 41.41456500029949 ], [ -71.825935999993931, 41.414596000299468 ], [ -71.825383999994756, 41.414687000299296 ], [ -71.824919999995473, 41.414961000298888 ], [ -71.824572999996008, 41.41523500029848 ], [ -71.824383999996314, 41.415461000298137 ], [ -71.824303999996459, 41.415833000297539 ], [ -71.824272999996481, 41.416257000296866 ], [ -71.824145999996688, 41.416764000296098 ], [ -71.823980999996934, 41.417028000295659 ], [ -71.823872999997093, 41.417164000295486 ], [ -71.823730999997338, 41.417282000295302 ], [ -71.823417999997787, 41.417470000294998 ], [ -71.823368999997911, 41.417520000294928 ], [ -71.822766999998805, 41.417860000294411 ], [ -71.821765000000369, 41.418248000293772 ], [ -71.821042000001512, 41.418792000292967 ], [ -71.820974000001627, 41.418847000292885 ], [ -71.820773000001907, 41.419015000292575 ], [ -71.820706000002019, 41.41907100029249 ], [ -71.820330000002627, 41.419382000292046 ], [ -71.819716000003552, 41.419528000291791 ], [ -71.819389000004094, 41.419606000291708 ], [ -71.818088000006071, 41.419852000291314 ], [ -71.816904000007924, 41.419927000291182 ], [ -71.816411000008713, 41.419795000291401 ], [ -71.816120000009164, 41.419717000291541 ], [ -71.815315000010401, 41.419576000291727 ], [ -71.81527300001045, 41.419569000291744 ], [ -71.815224000010517, 41.419558000291772 ], [ -71.814953000010973, 41.419500000291862 ], [ -71.814889000011078, 41.419487000291895 ], [ -71.814863000011087, 41.4194850002919 ], [ -71.814004000012403, 41.419423000291943 ], [ -71.813798000012753, 41.419419000291953 ], [ -71.812900000014167, 41.419404000291991 ], [ -71.812150000015322, 41.419213000292302 ], [ -71.811454000016397, 41.418950000292682 ], [ -71.810737000017468, 41.418627000293213 ], [ -71.810500000017839, 41.418521000293367 ], [ -71.809791000018947, 41.418136000293941 ], [ -71.809212000019841, 41.41782200029445 ], [ -71.809087000020043, 41.417766000294534 ], [ -71.808576000020878, 41.417540000294878 ], [ -71.808052000021689, 41.41738700029515 ], [ -71.807754000022101, 41.417188000295425 ], [ -71.807237000022951, 41.416834000295978 ], [ -71.806960000023366, 41.416729000296129 ], [ -71.806812000023569, 41.416673000296214 ], [ -71.806185000024584, 41.416784000296047 ], [ -71.806108000024665, 41.416797000296071 ], [ -71.805895000025032, 41.416836000295973 ], [ -71.805881000025011, 41.41684100029596 ], [ -71.805810000025133, 41.416871000295941 ], [ -71.805177000026106, 41.417134000295505 ], [ -71.804348000027403, 41.417309000295234 ], [ -71.803684000028454, 41.417428000295047 ], [ -71.803253000029088, 41.417307000295239 ], [ -71.802907000029677, 41.416946000295809 ], [ -71.802497000030314, 41.416463000296574 ], [ -71.802083000030905, 41.416103000297142 ], [ -71.80206500003095, 41.41595300029735 ], [ -71.801726000031465, 41.41565800029781 ], [ -71.801693000031548, 41.415645000297843 ], [ -71.801439000031905, 41.415545000297982 ], [ -71.800739000032991, 41.415533000298012 ], [ -71.800236000033806, 41.415657000297813 ], [ -71.799852000034377, 41.415753000297684 ], [ -71.799513000034892, 41.415838000297526 ], [ -71.799268000035283, 41.415971000297304 ], [ -71.798391000036645, 41.416447000296614 ], [ -71.798120000037102, 41.416674000296211 ], [ -71.797745000037651, 41.416727000296135 ], [ -71.797747000037646, 41.416834000295978 ], [ -71.797744000037653, 41.416910000295843 ], [ -71.797742000037658, 41.416944000295814 ], [ -71.797738000037668, 41.417018000295684 ], [ -71.797723000037706, 41.417336000295222 ], [ -71.797720000037714, 41.417408000295097 ], [ -71.797716000037724, 41.417500000294979 ], [ -71.797655000037821, 41.418751000293014 ], [ -71.797462000038081, 41.422783000286756 ], [ -71.797398000038186, 41.42412700028467 ], [ -71.797386000038216, 41.424382000284254 ], [ -71.797380000038231, 41.424511000284099 ], [ -71.797361000038279, 41.42489500028347 ], [ -71.797360000038282, 41.424919000283467 ], [ -71.797349000038253, 41.425147000283062 ], [ -71.797337000038283, 41.425403000282699 ], [ -71.797326000038311, 41.425602000282367 ], [ -71.797296000038386, 41.426199000281429 ], [ -71.797287000038352, 41.426376000281152 ], [ -71.797287000038352, 41.426399000281151 ], [ -71.797286000038355, 41.426463000281046 ], [ -71.797253000038438, 41.427219000279877 ], [ -71.797147000038592, 41.429679000276053 ], [ -71.797134000038625, 41.429982000275572 ], [ -71.797112000038624, 41.430500000274776 ], [ -71.797076000038714, 41.431364000273447 ], [ -71.796979000038846, 41.433703000269816 ], [ -71.796971000038866, 41.433957000269402 ], [ -71.796948000038924, 41.43482200026807 ], [ -71.796938000038892, 41.435154000267573 ], [ -71.796910000038963, 41.436151000266022 ], [ -71.796902000038983, 41.436484000265466 ], [ -71.796880000038982, 41.437294000264217 ], [ -71.796872000039002, 41.437587000263761 ], [ -71.796825000039064, 41.438705000262019 ], [ -71.796813000039094, 41.438988000261588 ], [ -71.796778000039183, 41.43984000026029 ], [ -71.796767000039154, 41.440124000259857 ], [ -71.796765000039159, 41.440166000259751 ], [ -71.796759000039174, 41.440295000259596 ], [ -71.796758000039176, 41.440339000259485 ], [ -71.796752000039191, 41.440464000259283 ], [ -71.796737000039229, 41.440838000258736 ], [ -71.796732000039242, 41.440964000258532 ], [ -71.796731000039244, 41.440974000258507 ], [ -71.796730000039247, 41.44100700025848 ], [ -71.796730000039247, 41.441018000258453 ], [ -71.796724000039262, 41.441144000258248 ], [ -71.796708000039246, 41.441521000257694 ], [ -71.796703000039258, 41.441648000257487 ], [ -71.796702000039261, 41.441672000257427 ], [ -71.796699000039268, 41.441747000257294 ], [ -71.796699000039268, 41.441772000257288 ], [ -71.796695000039279, 41.441858000257128 ], [ -71.796684000039306, 41.442115000256763 ], [ -71.796681000039314, 41.4422020002566 ], [ -71.796678000039321, 41.44226000025651 ], [ -71.796671000039339, 41.442435000256239 ], [ -71.796670000039342, 41.442474000256198 ], [ -71.796669000039344, 41.442494000256147 ], [ -71.796664000039357, 41.442612000255963 ], [ -71.796649000039338, 41.442967000255408 ], [ -71.796645000039348, 41.443086000255221 ], [ -71.796609000039439, 41.443938000253922 ], [ -71.796503000039593, 41.446497000249963 ], [ -71.796468000039624, 41.447350000248605 ], [ -71.796388000039769, 41.449255000245671 ], [ -71.796363000039833, 41.449880000244718 ], [ -71.796296000039888, 41.451516000242179 ], [ -71.795840000040641, 41.457458000232918 ], [ -71.795647000040901, 41.459984000228985 ], [ -71.79560000004102, 41.460774000227786 ], [ -71.7954610000412, 41.463147000224126 ], [ -71.79541500004126, 41.463938000222868 ], [ -71.7953370000414, 41.465300000220736 ], [ -71.795103000041763, 41.469386000214399 ], [ -71.795025000041903, 41.470748000212325 ], [ -71.794963000042003, 41.471834000210606 ], [ -71.794778000042243, 41.475093000205561 ], [ -71.79471700004234, 41.476180000203897 ], [ -71.794679000042436, 41.476855000202818 ], [ -71.794538000042621, 41.479338000198993 ], [ -71.79427000004307, 41.484049000191646 ], [ -71.79423200004311, 41.484720000190634 ], [ -71.794147000043267, 41.486219000188271 ], [ -71.794052000043393, 41.48790200018567 ], [ -71.794018000043422, 41.488586000184625 ], [ -71.79400700004345, 41.488814000184277 ], [ -71.793963000043561, 41.489734000182807 ], [ -71.793853000043725, 41.491974000179368 ], [ -71.793814000043767, 41.492763000178115 ], [ -71.793775000043809, 41.493558000176904 ], [ -71.793698000043946, 41.495131000174467 ], [ -71.793660000043985, 41.495921000173212 ], [ -71.793628000044066, 41.496567000172206 ], [ -71.793533000044192, 41.498506000169243 ], [ -71.79351000004425, 41.498985000168489 ], [ -71.793502000044271, 41.499153000168235 ], [ -71.793439000044373, 41.500464000166176 ], [ -71.793416000044374, 41.500958000165383 ], [ -71.793358000044464, 41.502251000163426 ], [ -71.793266000044639, 41.504399000160049 ], [ -71.793224000044688, 41.505393000158506 ], [ -71.793222000044693, 41.505439000158447 ], [ -71.793160000044793, 41.505704000158062 ], [ -71.793150000044818, 41.505747000157953 ], [ -71.793046000044967, 41.50776400015485 ], [ -71.792994000045042, 41.508777000153259 ], [ -71.792989000045054, 41.508890000153087 ], [ -71.79276600004539, 41.513951000145255 ], [ -71.792761000045402, 41.514078000145048 ], [ -71.792667000045526, 41.516013000142038 ], [ -71.792606000045623, 41.517260000140084 ], [ -71.792550000045708, 41.518422000138287 ], [ -71.792485000045815, 41.519772000136186 ], [ -71.792445000045916, 41.521002000134274 ], [ -71.79240500004596, 41.522251000132371 ], [ -71.792375000045979, 41.523157000130936 ], [ -71.792373000045984, 41.523247000130823 ], [ -71.792248000046186, 41.525876000126743 ], [ -71.792206000046235, 41.526783000125306 ], [ -71.792053000046508, 41.530457000119611 ], [ -71.79193600004669, 41.533308000115198 ], [ -71.79165300004712, 41.539719000105265 ], [ -71.79158300004724, 41.541481000102522 ], [ -71.79144000004743, 41.545157000096822 ], [ -71.791435000047443, 41.545277000096632 ], [ -71.791420000047481, 41.545637000096065 ], [ -71.791416000047491, 41.545758000095873 ], [ -71.791411000047503, 41.545893000095646 ], [ -71.791402000047526, 41.546092000095371 ], [ -71.791391000047554, 41.546376000094938 ], [ -71.7913900000475, 41.546392000094897 ], [ -71.791318000047625, 41.548232000092014 ], [ -71.791294000047685, 41.548851000091076 ], [ -71.791276000047731, 41.549322000090342 ], [ -71.791221000047813, 41.550737000088134 ], [ -71.791204000047799, 41.551209000087397 ], [ -71.791199000047811, 41.551331000087202 ], [ -71.791192000047829, 41.55153700008691 ], [ -71.791186000047844, 41.551699000086671 ], [ -71.791182000047854, 41.551822000086474 ], [ -71.791173000047877, 41.552061000086098 ], [ -71.791146000047888, 41.552781000084963 ], [ -71.791138000047908, 41.553021000084584 ], [ -71.791129000047931, 41.553260000084208 ], [ -71.791118000047959, 41.553574000083756 ], [ -71.791104000047994, 41.553979000083132 ], [ -71.791096000047958, 41.554219000082753 ], [ -71.79108300004799, 41.554610000082107 ], [ -71.791045000048086, 41.555785000080334 ], [ -71.79103300004806, 41.556177000079686 ], [ -71.791020000048093, 41.557231000078048 ], [ -71.790983000048186, 41.560396000073126 ], [ -71.790972000048157, 41.561451000071486 ], [ -71.790978000048142, 41.561551000071347 ], [ -71.790956000048197, 41.561843000070894 ], [ -71.790936000048248, 41.562000000070668 ], [ -71.790884000048322, 41.562416000070016 ], [ -71.790813000048445, 41.563371000068514 ], [ -71.790798000048426, 41.563649000068096 ], [ -71.790777000048479, 41.564073000067424 ], [ -71.790783000048464, 41.564200000067274 ], [ -71.790760000048522, 41.564571000066678 ], [ -71.790693000048634, 41.565686000064943 ], [ -71.79067200004863, 41.566058000064345 ], [ -71.790677000048618, 41.566104000064286 ], [ -71.790682000048605, 41.566149000064229 ], [ -71.790691000048639, 41.566242000064051 ], [ -71.790696000048627, 41.566289000063989 ], [ -71.790656000048671, 41.567004000062923 ], [ -71.790537000048857, 41.569151000059549 ], [ -71.790498000048899, 41.569867000058423 ], [ -71.790495000048907, 41.569918000058351 ], [ -71.790490000048919, 41.570067000058145 ], [ -71.790472000048965, 41.570670000057191 ], [ -71.790467000048977, 41.570872000056909 ], [ -71.790460000048995, 41.571069000056582 ], [ -71.790452000048958, 41.571352000056152 ], [ -71.790442000048984, 41.571660000055658 ], [ -71.790437000048996, 41.571832000055394 ], [ -71.790436000048999, 41.571858000055386 ], [ -71.790434000049004, 41.571883000055323 ], [ -71.790432000049009, 41.571960000055185 ], [ -71.790432000049009, 41.571986000055176 ], [ -71.790431000049011, 41.572002000055136 ], [ -71.790430000049014, 41.572052000055066 ], [ -71.790430000049014, 41.572069000055023 ], [ -71.790428000049019, 41.572105000054989 ], [ -71.790396000049043, 41.57286100005382 ], [ -71.790391000049055, 41.572976000053643 ], [ -71.790364000049124, 41.573616000052652 ], [ -71.790300000049228, 41.575112000050297 ], [ -71.790274000049237, 41.57570000004938 ], [ -71.790235000049336, 41.576608000047997 ], [ -71.790227000049356, 41.576788000047713 ], [ -71.790219000049319, 41.576969000047427 ], [ -71.7901870000494, 41.57770000004632 ], [ -71.79012100004951, 41.579227000043943 ], [ -71.790043000049593, 41.580978000041227 ], [ -71.790000000049702, 41.581952000039678 ], [ -71.789995000049714, 41.582071000039491 ], [ -71.789992000049722, 41.582122000039419 ], [ -71.78998600004968, 41.582279000039193 ], [ -71.789984000049685, 41.582331000039119 ], [ -71.789975000049708, 41.582507000038845 ], [ -71.789952000049766, 41.583036000038021 ], [ -71.789944000049786, 41.583213000037745 ], [ -71.789937000049804, 41.583366000037472 ], [ -71.789919000049792, 41.583771000036847 ], [ -71.789905000049828, 41.584093000036376 ], [ -71.789879000049893, 41.584685000035449 ], [ -71.789867000049867, 41.584965000035027 ], [ -71.789845000049922, 41.585445000034269 ], [ -71.789821000049983, 41.586004000033427 ], [ -71.789788000050009, 41.58674800003223 ], [ -71.789708000050155, 41.588557000029425 ], [ -71.78970600005016, 41.588594000029389 ], [ -71.789688000050148, 41.588982000028807 ], [ -71.789656000050229, 41.589727000027608 ], [ -71.789635000050225, 41.590203000026861 ], [ -71.789602000050309, 41.590996000025655 ], [ -71.78957500005032, 41.591634000024669 ], [ -71.78955500005037, 41.59211100002392 ], [ -71.789536000050418, 41.592554000023256 ], [ -71.78950100005045, 41.593403000021908 ], [ -71.789480000050503, 41.593884000021148 ], [ -71.789462000050491, 41.594328000020482 ], [ -71.789424000050587, 41.594832000019721 ], [ -71.789417000050605, 41.594926000019541 ], [ -71.78929100005081, 41.596343000017328 ], [ -71.789247000050864, 41.596847000016567 ], [ -71.785882000056063, 41.596982000016339 ], [ -71.781354000063118, 41.597161000016058 ], [ -71.777408000069215, 41.597322000015822 ], [ -71.772647000076631, 41.59752400001554 ], [ -71.771409000078563, 41.597579000015457 ], [ -71.76477600008883, 41.597870000015007 ], [ -71.763108000091449, 41.597944000014877 ], [ -71.760811000094975, 41.598044000014738 ], [ -71.750205000111464, 41.598366000014209 ], [ -71.749826000112023, 41.598375000014187 ], [ -71.749580000112417, 41.598385000014162 ], [ -71.748650000113855, 41.598413000014148 ], [ -71.746456000117291, 41.598510000014016 ], [ -71.745525000118732, 41.598554000013905 ], [ -71.745408000118914, 41.598559000013893 ], [ -71.744672000120033, 41.598594000013861 ], [ -71.743526000121847, 41.598647000013784 ], [ -71.743320000122139, 41.598657000013759 ], [ -71.742428000123539, 41.598668000013731 ], [ -71.735075000134941, 41.598721000013654 ], [ -71.734643000135634, 41.598720000013657 ], [ -71.732201000139412, 41.598718000013662 ], [ -71.729351000143822, 41.598710000013682 ], [ -71.728865000144594, 41.598709000013685 ], [ -71.726869000147701, 41.5987030000137 ], [ -71.724478000151407, 41.598696000013717 ], [ -71.724228000151754, 41.59869500001372 ], [ -71.7198280001586, 41.598711000013679 ], [ -71.717464000162295, 41.598719000013659 ], [ -71.714020000167636, 41.59875700001362 ], [ -71.710527000173045, 41.598796000013522 ], [ -71.710436000173161, 41.598797000013519 ], [ -71.709783000174184, 41.598804000013558 ], [ -71.707187000178237, 41.598832000013488 ], [ -71.703880000183347, 41.598868000013454 ], [ -71.703835000183403, 41.598868000013454 ], [ -71.703409000184081, 41.598869000013451 ], [ -71.699088000190784, 41.598869000013451 ], [ -71.693130000200028, 41.598867000013456 ], [ -71.692908000200418, 41.598868000013454 ], [ -71.692842000200471, 41.598869000013451 ], [ -71.69016600020467, 41.598840000013467 ], [ -71.688444000207312, 41.598822000013513 ], [ -71.685951000211162, 41.598736000013616 ], [ -71.683884000214391, 41.598735000013619 ], [ -71.682079000217186, 41.598734000013621 ], [ -71.676448000225946, 41.598731000013629 ], [ -71.674622000228794, 41.598730000013632 ], [ -71.672127000232649, 41.598731000013629 ], [ -71.671839000233092, 41.598731000013629 ], [ -71.670068000235858, 41.598720000013657 ], [ -71.669415000236881, 41.598711000013679 ], [ -71.668099000238897, 41.598672000013721 ], [ -71.66605400024207, 41.598616000013806 ], [ -71.665003000243701, 41.598616000013806 ], [ -71.664217000244946, 41.598612000013816 ], [ -71.663177000246549, 41.598690000013733 ], [ -71.662263000247947, 41.598690000013733 ], [ -71.662229000248033, 41.598690000013733 ], [ -71.661475000249197, 41.598690000013733 ], [ -71.659704000251907, 41.598689000013735 ], [ -71.659395000252402, 41.598692000013727 ], [ -71.659074000252929, 41.598694000013722 ], [ -71.658757000253388, 41.598693000013725 ], [ -71.65862400025361, 41.598693000013725 ], [ -71.658387000253981, 41.598692000013727 ], [ -71.658328000254073, 41.59869100001373 ], [ -71.65751100025534, 41.598693000013725 ], [ -71.655686000258186, 41.598697000013715 ], [ -71.65530500025875, 41.598698000013712 ], [ -71.654787000259546, 41.59869900001371 ], [ -71.654634000259819, 41.59869900001371 ], [ -71.653693000261285, 41.598701000013705 ], [ -71.653570000261425, 41.598701000013705 ], [ -71.653173000262086, 41.598796000013522 ], [ -71.653019000262304, 41.598828000013498 ], [ -71.651590000264548, 41.599163000012993 ], [ -71.651411000264829, 41.599206000012884 ], [ -71.65119400026515, 41.59925800001281 ], [ -71.64953500026769, 41.599653000012211 ], [ -71.649079000268443, 41.599761000012052 ], [ -71.648805000268851, 41.599831000011932 ], [ -71.64821200026978, 41.5999680000117 ], [ -71.648045000270031, 41.60000600001166 ], [ -71.647732000270537, 41.600079000011533 ], [ -71.647516000270855, 41.600129000011464 ], [ -71.6468940002718, 41.600275000011266 ], [ -71.646222000272871, 41.600434000010978 ], [ -71.645242000274379, 41.600664000010624 ], [ -71.643983000276307, 41.60097900001017 ], [ -71.643726000276729, 41.600981000010165 ], [ -71.643603000276926, 41.60098300001016 ], [ -71.643354000277327, 41.600962000010213 ], [ -71.642526000278622, 41.600960000010161 ], [ -71.642279000278961, 41.600960000010161 ], [ -71.641910000279552, 41.600959000010164 ], [ -71.64159600028006, 41.600959000010164 ], [ -71.637813000285917, 41.600951000010184 ], [ -71.637321000286647, 41.600948000010192 ], [ -71.636984000287214, 41.600948000010192 ], [ -71.627476000301954, 41.600915000010275 ], [ -71.620732000312444, 41.600896000010266 ], [ -71.620461000312844, 41.600896000010266 ], [ -71.618256000316251, 41.600890000010281 ], [ -71.616306000319298, 41.600884000010296 ], [ -71.613725000323313, 41.600876000010317 ], [ -71.613553000323577, 41.600876000010317 ], [ -71.610305000328594, 41.600866000010342 ], [ -71.607932000332312, 41.60085500001037 ], [ -71.604941000336908, 41.600875000010319 ], [ -71.604801000337147, 41.600879000010309 ], [ -71.604687000337321, 41.600883000010299 ], [ -71.602638000340505, 41.600946000010197 ], [ -71.601799000341828, 41.600972000010188 ], [ -71.596779000349613, 41.60112700000991 ], [ -71.596034000350755, 41.601149000009912 ], [ -71.59590000035098, 41.601150000009909 ], [ -71.594190000353649, 41.601165000009871 ], [ -71.591374000357973, 41.601188000009813 ], [ -71.59041300035949, 41.60119600000985 ], [ -71.583158000370759, 41.601257000009753 ], [ -71.578016000378739, 41.601299000009647 ], [ -71.577125000380136, 41.601307000009626 ], [ -71.574285000384521, 41.601351000009572 ], [ -71.571753000388469, 41.601391000009528 ], [ -71.569257000392327, 41.601443000009453 ], [ -71.569152000392478, 41.601443000009453 ], [ -71.567392000395216, 41.601448000009441 ], [ -71.564705000399385, 41.601443000009453 ], [ -71.563853000400684, 41.601462000009406 ], [ -71.557869000409994, 41.601595000009183 ], [ -71.552429000418442, 41.60174700000897 ], [ -71.551279000420209, 41.601774000008902 ], [ -71.550504000421427, 41.601796000008903 ], [ -71.547388000426281, 41.601874000008763 ], [ -71.546147000428221, 41.60189100000872 ], [ -71.545013000429947, 41.601916000008714 ], [ -71.544807000430296, 41.601993000008576 ], [ -71.543884000431717, 41.602016000008575 ], [ -71.543793000431833, 41.60201800000857 ], [ -71.533326000448085, 41.602276000008146 ], [ -71.533280000448144, 41.602277000008144 ], [ -71.531380000451122, 41.602323000008084 ], [ -71.529266000454413, 41.602376000008007 ], [ -71.528305000455873, 41.602406000007932 ], [ -71.527930000456479, 41.602418000007901 ], [ -71.522770000464504, 41.602550000007739 ], [ -71.522429000465024, 41.602566000007698 ], [ -71.522076000465574, 41.602583000007655 ], [ -71.520710000467659, 41.602617000007626 ], [ -71.520491000468041, 41.602616000007629 ], [ -71.520447000468096, 41.602616000007629 ], [ -71.520295000468309, 41.602617000007626 ], [ -71.519386000469751, 41.602623000007611 ], [ -71.517761000472262, 41.602629000007596 ], [ -71.51575000047535, 41.602628000007599 ], [ -71.510712000483181, 41.602625000007606 ], [ -71.506515000489685, 41.602623000007611 ], [ -71.499588000500466, 41.602647000007551 ], [ -71.498518000502145, 41.602656000007528 ], [ -71.498405000502316, 41.60265500000753 ], [ -71.498095000502758, 41.602653000007535 ], [ -71.497851000503147, 41.60265100000754 ], [ -71.496460000505294, 41.602640000007568 ], [ -71.495838000506296, 41.602636000007578 ], [ -71.495697000506482, 41.602634000007583 ], [ -71.495541000506762, 41.602633000007586 ], [ -71.494662000508129, 41.602627000007601 ], [ -71.494466000508396, 41.602625000007606 ], [ -71.491614000512811, 41.602603000007662 ], [ -71.491245000513402, 41.602600000007669 ], [ -71.490892000513952, 41.60259700000762 ], [ -71.490538000514505, 41.602595000007625 ], [ -71.490141000515109, 41.602592000007633 ], [ -71.488451000517728, 41.602579000007665 ], [ -71.487810000518721, 41.602574000007678 ], [ -71.48607099947975, 41.602568000007693 ], [ -71.485452999480742, 41.602566000007698 ], [ -71.485360999480861, 41.602574000007678 ], [ -71.485271999481029, 41.602583000007655 ], [ -71.484426999482309, 41.602591000007635 ], [ -71.484453999482298, 41.603678000005971 ], [ -71.484457999482288, 41.603739000005874 ], [ -71.484580999482091, 41.604631000004474 ], [ -71.484649999481974, 41.605367000003355 ], [ -71.484785999481744, 41.606826000001092 ], [ -71.484862999481663, 41.607649999999808 ], [ -71.484964999481519, 41.608671999998194 ], [ -71.48503099948141, 41.609339999997189 ], [ -71.485091999481313, 41.609959999996192 ], [ -71.485137999481196, 41.610413999995501 ], [ -71.485282999481001, 41.611832999993283 ], [ -71.485389999480844, 41.611916999993184 ], [ -71.485450999480747, 41.61202299999303 ], [ -71.485419999480769, 41.612158999992801 ], [ -71.485378999480872, 41.612417999992431 ], [ -71.485385999480854, 41.612432999992393 ], [ -71.485370999480836, 41.612491999992301 ], [ -71.485402999480812, 41.612571999992156 ], [ -71.485442999480767, 41.612630999992064 ], [ -71.485460999480722, 41.612691999991966 ], [ -71.485435999480785, 41.612754999991864 ], [ -71.485398999480822, 41.612816999991765 ], [ -71.48538399948086, 41.612871999991683 ], [ -71.485402999480812, 41.612929999991593 ], [ -71.485450999480747, 41.612973999991539 ], [ -71.485537999480584, 41.612986999991506 ], [ -71.48565199948041, 41.612985999991508 ], [ -71.485764999480239, 41.612986999991506 ], [ -71.48587299948008, 41.612999999991473 ], [ -71.485984999479911, 41.613030999991452 ], [ -71.486068999479755, 41.61306999999141 ], [ -71.48614799947967, 41.613122999991333 ], [ -71.486214999479557, 41.613183999991236 ], [ -71.486272999479468, 41.613240999991149 ], [ -71.486331999479376, 41.61327599999106 ], [ -71.486412999479228, 41.613288999991028 ], [ -71.48651100052075, 41.613295999991067 ], [ -71.486624000520578, 41.613299999991057 ], [ -71.486746000520384, 41.613315999991016 ], [ -71.486851000520232, 41.613344999990943 ], [ -71.486925000520102, 41.613379999990912 ], [ -71.487005000520014, 41.613406999990843 ], [ -71.487094000519846, 41.61343099999084 ], [ -71.487175000519755, 41.613458999990769 ], [ -71.48727900051955, 41.613459999990766 ], [ -71.487358000519464, 41.61342699999085 ], [ -71.487443000519306, 41.613443999990807 ], [ -71.487503000519212, 41.613486999990755 ], [ -71.487515000519181, 41.613535999990688 ], [ -71.487479000519272, 41.613590999990606 ], [ -71.487419000519367, 41.613653999990504 ], [ -71.487356000519469, 41.613720999990392 ], [ -71.487286000519532, 41.613785999990284 ], [ -71.487223000519634, 41.613846999990187 ], [ -71.487178000519748, 41.613910999990082 ], [ -71.487161000519734, 41.613979999989965 ], [ -71.487195000519705, 41.614036999989878 ], [ -71.487264000519588, 41.614069999989852 ], [ -71.487355000519472, 41.614094999989788 ], [ -71.487456000519273, 41.61412099998978 ], [ -71.48754600051916, 41.614153999989696 ], [ -71.487610000519055, 41.614200999989635 ], [ -71.487631000519002, 41.61426499998953 ], [ -71.487632000519, 41.61433499998941 ], [ -71.487609000519058, 41.614404999989347 ], [ -71.487567000519107, 41.614478999989217 ], [ -71.487559000519127, 41.614553999989084 ], [ -71.487567000519107, 41.614629999988949 ], [ -71.487559000519127, 41.614700999988884 ], [ -71.487556000519135, 41.614768999988769 ], [ -71.487569000519102, 41.614828999988674 ], [ -71.487613000519048, 41.614878999988605 ], [ -71.48768600051892, 41.614916999988509 ], [ -71.487765000518834, 41.614943999988498 ], [ -71.487831000518725, 41.614986999988389 ], [ -71.487888000518637, 41.615041999988307 ], [ -71.487944000518553, 41.615099999988217 ], [ -71.488005000518456, 41.615168999988157 ], [ -71.48803100051839, 41.615212999988046 ], [ -71.488036000518377, 41.615271999987954 ], [ -71.488021000518415, 41.615336999987846 ], [ -71.487999000518471, 41.615399999987801 ], [ -71.4879650005185, 41.61545599998766 ], [ -71.487912000518577, 41.615502999987598 ], [ -71.487844000518692, 41.615534999987574 ], [ -71.487777000518804, 41.615563999987501 ], [ -71.487724000518881, 41.615626999987398 ], [ -71.487771000518819, 41.615729999987252 ], [ -71.487826000518737, 41.615789999987157 ], [ -71.487889000518635, 41.615853999987053 ], [ -71.487947000518545, 41.615923999986933 ], [ -71.48803900051837, 41.61604799998679 ], [ -71.488065000518361, 41.616105999986701 ], [ -71.488077000518331, 41.616173999986586 ], [ -71.488070000518348, 41.616251999986446 ], [ -71.48803900051837, 41.616333999986352 ], [ -71.487989000518439, 41.616410999986215 ], [ -71.487926000518542, 41.616489999986072 ], [ -71.487854000518666, 41.616566999985935 ], [ -71.487788000518776, 41.616638999985867 ], [ -71.487726000518876, 41.616707999985749 ], [ -71.487663000518978, 41.616772999985642 ], [ -71.487591000519103, 41.616829999985555 ], [ -71.487515000519181, 41.616879999985485 ], [ -71.487441000519311, 41.616904999985422 ], [ -71.487361000519456, 41.616894999985448 ], [ -71.48727900051955, 41.616855999985489 ], [ -71.487196000519702, 41.616798999985576 ], [ -71.487117000519845, 41.616735999985679 ], [ -71.487048000519906, 41.616684999985807 ], [ -71.487005000520014, 41.616666999985796 ], [ -71.486970000520046, 41.616652999985831 ], [ -71.486873000520177, 41.616636999985872 ], [ -71.486762000520343, 41.616649999985839 ], [ -71.486651000520567, 41.616689999985795 ], [ -71.486534000520749, 41.616739999985668 ], [ -71.486413999479225, 41.616785999985609 ], [ -71.486290999479422, 41.61682799998556 ], [ -71.486172999479606, 41.616868999985513 ], [ -71.486069999479753, 41.616902999985427 ], [ -71.48600099947987, 41.616934999985403 ], [ -71.48600899947985, 41.617050999985224 ], [ -71.486065999479763, 41.617123999985097 ], [ -71.486138999479692, 41.617199999984962 ], [ -71.486212999479562, 41.617278999984876 ], [ -71.486272999479468, 41.617359999984728 ], [ -71.486309999479431, 41.617446999984622 ], [ -71.486303999479389, 41.61753399998446 ], [ -71.486266999479483, 41.617629999984331 ], [ -71.486234999479507, 41.617730999984133 ], [ -71.486211999479565, 41.617836999983979 ], [ -71.486199999479595, 41.617891999983897 ], [ -71.486191999479615, 41.617945999983817 ], [ -71.486188999479566, 41.618000999983735 ], [ -71.486189999479564, 41.618054999983656 ], [ -71.486189999479564, 41.618170999983477 ], [ -71.486190999479618, 41.618230999983382 ], [ -71.486195999479605, 41.618290999983287 ], [ -71.486207999479575, 41.618350999983193 ], [ -71.486224999479532, 41.618409999983101 ], [ -71.486244999479482, 41.618465999983016 ], [ -71.48626399947949, 41.618521999982931 ], [ -71.486281999479445, 41.618580999982839 ], [ -71.486298999479402, 41.618637999982752 ], [ -71.486316999479413, 41.618694999982665 ], [ -71.486326999479388, 41.618731999982629 ], [ -71.486333999479371, 41.61875899998256 ], [ -71.486294999479412, 41.618843999982403 ], [ -71.48628799947943, 41.618897999982323 ], [ -71.486302999479392, 41.618941999982269 ], [ -71.486298999479402, 41.619009999982154 ], [ -71.486278999479453, 41.619063999982075 ], [ -71.486244999479482, 41.619090999982063 ], [ -71.486172999479606, 41.619066999982067 ], [ -71.486158999479642, 41.619088999982068 ], [ -71.486142999479682, 41.619152999981964 ], [ -71.486208999479572, 41.619182999981888 ], [ -71.486233999479509, 41.619240999981798 ], [ -71.486212999479562, 41.619300999981704 ], [ -71.486198999479598, 41.619354999981624 ], [ -71.486196999479603, 41.619418999981519 ], [ -71.486195999479605, 41.619495999981439 ], [ -71.486194999479608, 41.619574999981296 ], [ -71.486182999479581, 41.619628999981217 ], [ -71.486146999479672, 41.619703999981084 ], [ -71.486110999479706, 41.619773999980964 ], [ -71.486072999479745, 41.619832999980872 ], [ -71.486016999479887, 41.619873999980825 ], [ -71.485949999479942, 41.619900999980814 ], [ -71.48587299948008, 41.619931999980736 ], [ -71.485814999480169, 41.619985999980656 ], [ -71.485709999480321, 41.619972999980689 ], [ -71.485626999480473, 41.619970999980694 ], [ -71.485570999480558, 41.620012999980588 ], [ -71.485510999480653, 41.620056999980534 ], [ -71.485429999480743, 41.620094999980495 ], [ -71.485344999480901, 41.620132999980456 ], [ -71.485260999481056, 41.620175999980347 ], [ -71.485184999481135, 41.62022099998029 ], [ -71.485114999481254, 41.620265999980234 ], [ -71.485046999481369, 41.620314999980167 ], [ -71.484992999481449, 41.620360999980051 ], [ -71.48495399948149, 41.620410999979981 ], [ -71.484918999481579, 41.620470999979887 ], [ -71.48488399948161, 41.620542999979818 ], [ -71.484855999481681, 41.620594999979687 ], [ -71.484822999481707, 41.620645999979615 ], [ -71.484770999481782, 41.620712999979503 ], [ -71.484723999481844, 41.620773999979406 ], [ -71.484684999481942, 41.620828999979324 ], [ -71.484645999481984, 41.620879999979252 ], [ -71.484600999482041, 41.620939999979157 ], [ -71.484556999482152, 41.62099699997907 ], [ -71.484507999482219, 41.62105899997897 ], [ -71.48445699948229, 41.621123999978863 ], [ -71.484417999482332, 41.621173999978794 ], [ -71.484378999482431, 41.621227999978714 ], [ -71.484337999482477, 41.621285999978625 ], [ -71.484301999482511, 41.621344999978533 ], [ -71.484269999482592, 41.621406999978433 ], [ -71.484227999482641, 41.621460999978353 ], [ -71.484174999482718, 41.621503999978302 ], [ -71.484120999482798, 41.621545999978252 ], [ -71.484066999482877, 41.621586999978149 ], [ -71.484007999482969, 41.621623999978112 ], [ -71.483938999483087, 41.621652999978096 ], [ -71.483867999483209, 41.621676999978035 ], [ -71.483751999483388, 41.621697999977982 ], [ -71.483697999483468, 41.621664999978066 ], [ -71.483701999483458, 41.621609999978148 ], [ -71.483725999483397, 41.621537999978273 ], [ -71.483721999483407, 41.621479999978362 ], [ -71.483681999483508, 41.621406999978433 ], [ -71.483599999483602, 41.621372999978519 ], [ -71.483496999483748, 41.621374999978514 ], [ -71.483402999483928, 41.621410999978423 ], [ -71.483338999484033, 41.621471999978326 ], [ -71.48330599948406, 41.62154699997825 ], [ -71.483296999484082, 41.621603999978163 ], [ -71.483292999484092, 41.621665999978063 ], [ -71.48329399948409, 41.621726999977966 ], [ -71.48330199948407, 41.621785999977874 ], [ -71.483317999484029, 41.621847999977774 ], [ -71.483333999484046, 41.621912999977667 ], [ -71.483354999483993, 41.621975999977565 ], [ -71.483354999483993, 41.622057999977415 ], [ -71.483320999484022, 41.62211799997732 ], [ -71.483240999484167, 41.622147999977301 ], [ -71.483169999484289, 41.622159999977271 ], [ -71.483093999484424, 41.622172999977238 ], [ -71.483016999484505, 41.622190999977249 ], [ -71.482915999484646, 41.622221999977171 ], [ -71.482850999484754, 41.622249999977157 ], [ -71.482788999484853, 41.622283999977071 ], [ -71.482734999484933, 41.62232699997702 ], [ -71.482692999485039, 41.622375999976953 ], [ -71.48266199948506, 41.62245499997681 ], [ -71.482648999485093, 41.622510999976726 ], [ -71.482634999485128, 41.622571999976628 ], [ -71.482612999485127, 41.622637999976519 ], [ -71.482592999485178, 41.62270999997645 ], [ -71.482575999485221, 41.622783999976321 ], [ -71.482565999485189, 41.622857999976191 ], [ -71.482562999485197, 41.622924999976078 ], [ -71.482553999485219, 41.622982999975989 ], [ -71.482461999485395, 41.623115999975823 ], [ -71.482442999485386, 41.623190999975691 ], [ -71.482421999485439, 41.623269999975548 ], [ -71.482442999485386, 41.623320999975476 ], [ -71.482490999485321, 41.623366999975417 ], [ -71.482511999485325, 41.623420999975338 ], [ -71.482474999485362, 41.623469999975271 ], [ -71.482461999485395, 41.623516999975152 ], [ -71.482481999485344, 41.62357999997505 ], [ -71.482416999485451, 41.623609999975031 ], [ -71.482319999485583, 41.62362999997498 ], [ -71.482233999485743, 41.623624999974993 ], [ -71.482173999485838, 41.623590999975079 ], [ -71.48211499948593, 41.623546999975133 ], [ -71.482022999486048, 41.623532999975168 ], [ -71.481952999486168, 41.623545999975136 ], [ -71.481896999486253, 41.623562999975093 ], [ -71.481854999486302, 41.623583999975097 ], [ -71.481849999486315, 41.623673999974926 ], [ -71.481874999486308, 41.623718999974869 ], [ -71.48185199948631, 41.623726999974849 ], [ -71.481810999486413, 41.623736999974824 ], [ -71.481737999486484, 41.6237689999748 ], [ -71.481627999486648, 41.623781999974767 ], [ -71.481529999486838, 41.623789999974747 ], [ -71.481324999487128, 41.623802999974714 ], [ -71.480815999487959, 41.623876999974641 ], [ -71.480653999488197, 41.623913999974548 ], [ -71.480577999488276, 41.623931999974559 ], [ -71.480474999488479, 41.623955999974498 ], [ -71.48037799948861, 41.623976999974445 ], [ -71.48030399948874, 41.623996999974452 ], [ -71.480235999488855, 41.624020999974391 ], [ -71.480166999488915, 41.624059999974349 ], [ -71.480103999489017, 41.624106999974231 ], [ -71.480059999489129, 41.624158999974156 ], [ -71.480017999489178, 41.624224999974103 ], [ -71.479984999489204, 41.62427799997397 ], [ -71.479957999489272, 41.62433199997389 ], [ -71.479922999489304, 41.624390999973798 ], [ -71.479838999489459, 41.624451999973701 ], [ -71.479769999489577, 41.624477999973692 ], [ -71.479357999490219, 41.62419999997411 ], [ -71.476301999494922, 41.626036999971291 ], [ -71.476127999495191, 41.626139999971087 ], [ -71.476022999495399, 41.626203999970983 ], [ -71.476006999495382, 41.626213999971014 ], [ -71.471909999501747, 41.628677999967181 ], [ -71.471319999502668, 41.629075999966574 ], [ -71.471743999501996, 41.629989999965119 ], [ -71.471889999501798, 41.630365999964567 ], [ -71.471960999501675, 41.630548999964276 ], [ -71.472091999501458, 41.630897999963736 ], [ -71.472534999500795, 41.632076999961896 ], [ -71.472522999500825, 41.632085999961873 ], [ -71.472453999500885, 41.632142999961786 ], [ -71.47239399950098, 41.632198999961702 ], [ -71.472336999501067, 41.63224199996165 ], [ -71.472266999501187, 41.632296999961568 ], [ -71.47224199950125, 41.632348999961494 ], [ -71.47223799950126, 41.632487999961256 ], [ -71.472228999501283, 41.632556999961139 ], [ -71.472209999501274, 41.632623999961027 ], [ -71.472176999501357, 41.632687999960922 ], [ -71.472134999501407, 41.63274699996083 ], [ -71.472076999501496, 41.632795999960763 ], [ -71.472001999501629, 41.632839999960709 ], [ -71.47191699950173, 41.632879999960664 ], [ -71.47182299950191, 41.632913999960579 ], [ -71.471717999502062, 41.632944999960557 ], [ -71.471611999502215, 41.632974999960481 ], [ -71.471520999502388, 41.63300199996047 ], [ -71.471444999502467, 41.633026999960407 ], [ -71.471372999502591, 41.633049999960406 ], [ -71.471301999502714, 41.63307999996033 ], [ -71.471238999502816, 41.633119999960286 ], [ -71.471181999502903, 41.633164999960172 ], [ -71.471133999502968, 41.633207999960121 ], [ -71.471080999503044, 41.633248999960074 ], [ -71.470998999503195, 41.633282999959988 ], [ -71.470902999503323, 41.633318999959954 ], [ -71.470806999503452, 41.633361999959902 ], [ -71.47072199950361, 41.63341699995982 ], [ -71.47065199950373, 41.633475999959728 ], [ -71.470589999503829, 41.633537999959628 ], [ -71.470529999503924, 41.633597999959534 ], [ -71.470474999504006, 41.633660999959432 ], [ -71.47042699950407, 41.633727999959319 ], [ -71.470379999504132, 41.633799999959194 ], [ -71.470268999504299, 41.633947999958991 ], [ -71.470212999504383, 41.634010999958889 ], [ -71.47010999950453, 41.634145999958662 ], [ -71.470057999504604, 41.634206999958565 ], [ -71.470016999504708, 41.6342549999585 ], [ -71.469963999504785, 41.634304999958431 ], [ -71.469904999504877, 41.634355999958359 ], [ -71.469844999504971, 41.634406999958287 ], [ -71.469805999505013, 41.634437999958209 ], [ -71.469786999505061, 41.634452999958228 ], [ -71.469726999505156, 41.634498999958112 ], [ -71.469665999505253, 41.634535999958075 ], [ -71.469566999505389, 41.634562999958007 ], [ -71.469460999505543, 41.634565999957999 ], [ -71.469386999505673, 41.634572999958039 ], [ -71.469304999505823, 41.634587999958001 ], [ -71.469215999505934, 41.63459599995798 ], [ -71.46912099950606, 41.63459599995798 ], [ -71.469033999506223, 41.63459599995798 ], [ -71.468960999506351, 41.634592999957988 ], [ -71.468869999506467, 41.634584999958008 ], [ -71.468786999506619, 41.634568999957992 ], [ -71.46870199950672, 41.634544999958052 ], [ -71.468613999506886, 41.634516999958123 ], [ -71.468551999506985, 41.634490999958132 ], [ -71.468463999507094, 41.634441999958199 ], [ -71.468402999507191, 41.634396999958312 ], [ -71.468371999507269, 41.634373999958314 ], [ -71.468334999507306, 41.634344999958387 ], [ -71.468265999507423, 41.634290999958466 ], [ -71.468202999507525, 41.634241999958533 ], [ -71.468140999507625, 41.634206999958565 ], [ -71.46807699950773, 41.634164999958671 ], [ -71.46800799950779, 41.634143999958667 ], [ -71.467927999507936, 41.634147999958657 ], [ -71.467843999508091, 41.634164999958671 ], [ -71.467742999508232, 41.63419699995859 ], [ -71.467649999508353, 41.634221999958584 ], [ -71.467610999508452, 41.634230999958561 ], [ -71.467541999508512, 41.634247999958518 ], [ -71.46745699950867, 41.634277999958499 ], [ -71.467387999508787, 41.634308999958421 ], [ -71.467325999508887, 41.634376999958306 ], [ -71.467283999508936, 41.634426999958237 ], [ -71.467197999509096, 41.634469999958185 ], [ -71.467108999509207, 41.634496999958117 ], [ -71.467047999509305, 41.634539999958065 ], [ -71.466996999509377, 41.63459599995798 ], [ -71.466951999509433, 41.634658999957878 ], [ -71.466901999509503, 41.634723999957771 ], [ -71.466845999509644, 41.634782999957679 ], [ -71.466798999509706, 41.634841999957587 ], [ -71.466749999509773, 41.634895999957507 ], [ -71.46669299950986, 41.634941999957448 ], [ -71.466562999510074, 41.635017999957313 ], [ -71.466510999510149, 41.635062999957256 ], [ -71.46647199951019, 41.635117999957174 ], [ -71.466432999510232, 41.635178999957077 ], [ -71.466389999510341, 41.635244999956967 ], [ -71.466349999510385, 41.63530999995686 ], [ -71.466324999510448, 41.635374999956753 ], [ -71.466307999510434, 41.63543799995665 ], [ -71.466245999510534, 41.635487999956581 ], [ -71.466162999510686, 41.635523999956547 ], [ -71.46606499951082, 41.635546999956489 ], [ -71.465965999510956, 41.63557699995647 ], [ -71.465881999511112, 41.635607999956392 ], [ -71.465813999511226, 41.635645999956353 ], [ -71.465741999511351, 41.635682999956316 ], [ -71.46566599951143, 41.63571299995624 ], [ -71.465585999511575, 41.635730999956195 ], [ -71.465510999511707, 41.635759999956178 ], [ -71.465447999511809, 41.635795999956088 ], [ -71.465394999511886, 41.635862999956032 ], [ -71.465344999511956, 41.635911999955908 ], [ -71.465286999512045, 41.635960999955842 ], [ -71.465216999512165, 41.636012999955767 ], [ -71.465145999512231, 41.636063999955695 ], [ -71.465082999512333, 41.636103999955651 ], [ -71.465018999512438, 41.636132999955578 ], [ -71.464957999512535, 41.636166999955549 ], [ -71.464896999512632, 41.63620199995546 ], [ -71.464798999512823, 41.636234999955434 ], [ -71.464725999512893, 41.636245999955406 ], [ -71.464648999513031, 41.636267999955408 ], [ -71.464575999513158, 41.636295999955337 ], [ -71.464511999513263, 41.636326999955315 ], [ -71.46445499951335, 41.636357999955237 ], [ -71.464384999513413, 41.63639899995519 ], [ -71.464311999513541, 41.636448999955121 ], [ -71.464238999513668, 41.63648099995504 ], [ -71.464158999513813, 41.636521999954994 ], [ -71.464094999513861, 41.63655099995492 ], [ -71.464021999513989, 41.636569999954929 ], [ -71.463948999514116, 41.636575999954914 ], [ -71.46385099951425, 41.636573999954919 ], [ -71.4637689995144, 41.636569999954929 ], [ -71.463681999514506, 41.636559999954954 ], [ -71.463599999514656, 41.636545999954933 ], [ -71.463523999514791, 41.636537999954953 ], [ -71.4634359995149, 41.636543999954938 ], [ -71.463372999515002, 41.636581999954899 ], [ -71.463319999515079, 41.636639999954809 ], [ -71.463296999515137, 41.636690999954737 ], [ -71.463272999515141, 41.636752999954638 ], [ -71.463250999515196, 41.636816999954533 ], [ -71.463230999515247, 41.636880999954428 ], [ -71.46322199951527, 41.636909999954412 ], [ -71.463211999515238, 41.636942999954329 ], [ -71.463187999515299, 41.637009999954216 ], [ -71.463159999515312, 41.637073999954112 ], [ -71.463125999515398, 41.637138999954004 ], [ -71.463088999515435, 41.637204999953951 ], [ -71.463044999515546, 41.637268999953847 ], [ -71.463031999515522, 41.637287999953799 ], [ -71.463001999515598, 41.637330999953747 ], [ -71.462962999515639, 41.637400999953627 ], [ -71.46293499951571, 41.637467999953515 ], [ -71.462914999515704, 41.637528999953417 ], [ -71.462891999515762, 41.637582999953338 ], [ -71.462861999515781, 41.637632999953269 ], [ -71.462829999515861, 41.637684999953194 ], [ -71.462787999515911, 41.637755999953072 ], [ -71.462757999515986, 41.637819999952967 ], [ -71.462730999515998, 41.637875999952882 ], [ -71.462690999516042, 41.637943999952768 ], [ -71.462664999516107, 41.637996999952691 ], [ -71.462628999516141, 41.638065999952573 ], [ -71.46259399951623, 41.638119999952494 ], [ -71.462556999516266, 41.638172999952417 ], [ -71.462530999516332, 41.638226999952337 ], [ -71.462524999516347, 41.638254999952323 ], [ -71.462465999516439, 41.638326999952199 ], [ -71.462353999516608, 41.638379999952122 ], [ -71.462246999516765, 41.638362999952108 ], [ -71.462211999516796, 41.638356999952123 ], [ -71.462180999516875, 41.63834999995214 ], [ -71.462107999516945, 41.638332999952183 ], [ -71.462022999517103, 41.638310999952239 ], [ -71.461931999517219, 41.638286999952243 ], [ -71.461834999517407, 41.638263999952301 ], [ -71.461740999517531, 41.638242999952297 ], [ -71.461648999517706, 41.638214999952368 ], [ -71.461576999517774, 41.638186999952381 ], [ -71.461500999517909, 41.638156999952457 ], [ -71.461432999518024, 41.638129999952469 ], [ -71.461350999518174, 41.638084999952582 ], [ -71.461294999518259, 41.638023999952679 ], [ -71.461253999518306, 41.637978999952736 ], [ -71.461186999518418, 41.637918999952831 ], [ -71.461107999518504, 41.637879999952872 ], [ -71.461002999518712, 41.637887999952852 ], [ -71.460931999518778, 41.637917999952833 ], [ -71.460867999518882, 41.637952999952745 ], [ -71.460797999519002, 41.637986999952716 ], [ -71.460718999519145, 41.638020999952687 ], [ -71.460634999519243, 41.638061999952583 ], [ -71.460551999519396, 41.638099999952544 ], [ -71.460460999519512, 41.638117999952499 ], [ -71.46035999951971, 41.638119999952494 ], [ -71.460251999519869, 41.638117999952499 ], [ -71.460152999520005, 41.638115999952504 ], [ -71.460068999520161, 41.638112999952511 ], [ -71.459974999520284, 41.638112999952511 ], [ -71.459901999520412, 41.638108999952522 ], [ -71.45981799952051, 41.638097999952549 ], [ -71.459723999520691, 41.638080999952592 ], [ -71.459649999520764, 41.638062999952581 ], [ -71.459559999520934, 41.638040999952636 ], [ -71.459463999521063, 41.638018999952692 ], [ -71.459369999521243, 41.638000999952681 ], [ -71.459278999521359, 41.637983999952723 ], [ -71.459193999521517, 41.637966999952766 ], [ -71.459122999521583, 41.637945999952763 ], [ -71.459046999521718, 41.637886999952855 ], [ -71.459034999521748, 41.637866999952905 ], [ -71.459008999521757, 41.637822999952959 ], [ -71.458968999521858, 41.637753999953077 ], [ -71.458920999521922, 41.637685999953192 ], [ -71.458869999521994, 41.637622999953294 ], [ -71.458819999522063, 41.637562999953388 ], [ -71.458767999522138, 41.637503999953481 ], [ -71.458721999522254, 41.637436999953593 ], [ -71.458672999522321, 41.637368999953651 ], [ -71.458619999522398, 41.637303999953758 ], [ -71.45856899952247, 41.637241999953858 ], [ -71.458524999522524, 41.637176999953965 ], [ -71.458500999522585, 41.637138999954004 ], [ -71.458484999522568, 41.63711299995407 ], [ -71.458444999522669, 41.63704699995418 ], [ -71.458410999522698, 41.636981999954287 ], [ -71.458383999522766, 41.636920999954384 ], [ -71.458366999522752, 41.636858999954484 ], [ -71.458350999522793, 41.636794999954589 ], [ -71.458340999522818, 41.636726999954647 ], [ -71.458336999522828, 41.636655999954769 ], [ -71.458336999522828, 41.636588999954881 ], [ -71.458336999522828, 41.636534999954961 ], [ -71.458336999522828, 41.636461999955088 ], [ -71.458323999522861, 41.636365999955217 ], [ -71.458254999522978, 41.636323999955323 ], [ -71.458190999523026, 41.636309999955301 ], [ -71.457877999523532, 41.636068999955683 ], [ -71.457666999523838, 41.635901999955934 ], [ -71.457496999524153, 41.635850999956006 ], [ -71.457298999524426, 41.635791999956098 ], [ -71.456512999525671, 41.635606999956394 ], [ -71.455996999526462, 41.635403999956736 ], [ -71.455579999527117, 41.635108999957197 ], [ -71.455235999527645, 41.634629999957951 ], [ -71.4546719995285, 41.63370799995937 ], [ -71.454229999529218, 41.632952999960537 ], [ -71.454169999529313, 41.632725999960883 ], [ -71.454058999529479, 41.63230799996154 ], [ -71.454083999529416, 41.631920999962119 ], [ -71.454230999529216, 41.63155199996271 ], [ -71.454387999528933, 41.631233999963172 ], [ -71.454403999528949, 41.631201999963253 ], [ -71.454329999529023, 41.630667999964089 ], [ -71.45420699952922, 41.630487999964373 ], [ -71.453971999529585, 41.630144999964898 ], [ -71.453962999529608, 41.630131999964931 ], [ -71.453954999529628, 41.630118999964907 ], [ -71.453942999529659, 41.630099999964955 ], [ -71.453909999529685, 41.630047999965029 ], [ -71.453891999529731, 41.630048999965027 ], [ -71.453667999530069, 41.630017999965105 ], [ -71.453403999530508, 41.629951999965215 ], [ -71.453263999530691, 41.62988899996526 ], [ -71.453240999530749, 41.62988099996528 ], [ -71.453109999530966, 41.629858999965336 ], [ -71.453072999531003, 41.629851999965354 ], [ -71.453055999531045, 41.629847999965364 ], [ -71.45299999953113, 41.629833999965342 ], [ -71.452927999531198, 41.62980299996542 ], [ -71.452847999531343, 41.629757999965477 ], [ -71.452787999531438, 41.629707999965547 ], [ -71.45271299953157, 41.629661999965663 ], [ -71.45264299953169, 41.629617999965717 ], [ -71.452586999531775, 41.629578999965759 ], [ -71.452506999531863, 41.629528999965828 ], [ -71.452425999532011, 41.6294779999659 ], [ -71.452350999532143, 41.629438999965998 ], [ -71.452339999532114, 41.629432999966014 ], [ -71.452269999532234, 41.629412999966007 ], [ -71.452188999532382, 41.629398999966043 ], [ -71.4520969995325, 41.629396999966048 ], [ -71.452007999532668, 41.629396999966048 ], [ -71.451929999532751, 41.629396999966048 ], [ -71.451857999532876, 41.629396999966048 ], [ -71.451781999533011, 41.629396999966048 ], [ -71.451696999533112, 41.629409999966015 ], [ -71.451613999533265, 41.629424999965977 ], [ -71.451538999533398, 41.629425999966031 ], [ -71.451365999533664, 41.629454999965958 ], [ -71.451312999533741, 41.629495999965911 ], [ -71.45128699953375, 41.629574999965769 ], [ -71.45127099953379, 41.629639999965661 ], [ -71.4512669995338, 41.629703999965557 ], [ -71.451271999533787, 41.629766999965454 ], [ -71.451280999533765, 41.62980699996541 ], [ -71.451284999533755, 41.629827999965357 ], [ -71.451304999533761, 41.629887999965263 ], [ -71.451338999533675, 41.62995099996516 ], [ -71.451383999533618, 41.630013999965115 ], [ -71.451431999533554, 41.630076999965013 ], [ -71.451477999533495, 41.630134999964923 ], [ -71.451511999533409, 41.630185999964851 ], [ -71.45153399953341, 41.630261999964716 ], [ -71.451534999533408, 41.630338999964579 ], [ -71.451504999533427, 41.630385999964517 ], [ -71.4514139995336, 41.630411999964451 ], [ -71.451306999533756, 41.630427999964468 ], [ -71.451218999533864, 41.630460999964384 ], [ -71.451142999534, 41.63050099996434 ], [ -71.451074999534114, 41.630535999964252 ], [ -71.450977999534246, 41.630564999964236 ], [ -71.45090599953437, 41.630569999964223 ], [ -71.450820999534471, 41.630568999964225 ], [ -71.450730999534642, 41.630568999964225 ], [ -71.450640999534755, 41.630571999964218 ], [ -71.450550999534926, 41.630587999964177 ], [ -71.450452999535059, 41.630611999964174 ], [ -71.450392999535154, 41.630630999964126 ], [ -71.450358999535183, 41.630641999964098 ], [ -71.450298999535278, 41.630666999964092 ], [ -71.450275999535336, 41.630676999964066 ], [ -71.450198999535473, 41.630716999964022 ], [ -71.450125999535544, 41.630753999963929 ], [ -71.450054999535666, 41.63078399996391 ], [ -71.449984999535786, 41.630812999963837 ], [ -71.449914999535906, 41.630844999963813 ], [ -71.449853999536003, 41.630884999963712 ], [ -71.449807999536063, 41.63093199996365 ], [ -71.449781999536128, 41.630987999963565 ], [ -71.449752999536145, 41.631051999963461 ], [ -71.449717999536176, 41.631117999963351 ], [ -71.449683999536262, 41.631176999963259 ], [ -71.44966099953632, 41.631230999963179 ], [ -71.449658999536268, 41.631305999963104 ], [ -71.449658999536268, 41.631361999963019 ], [ -71.449648999536294, 41.631435999962889 ], [ -71.449627999536347, 41.631494999962797 ], [ -71.449605999536402, 41.631556999962697 ], [ -71.449574999536424, 41.631620999962593 ], [ -71.449523999536495, 41.631678999962503 ], [ -71.44946399953659, 41.631737999962411 ], [ -71.449411999536665, 41.631801999962306 ], [ -71.44940199953669, 41.631817999962266 ], [ -71.449370999536768, 41.631868999962194 ], [ -71.449345999536774, 41.631935999962081 ], [ -71.449338999536792, 41.632004999962021 ], [ -71.449338999536792, 41.632087999961868 ], [ -71.44933199953681, 41.632178999961752 ], [ -71.44931999953684, 41.632194999961712 ], [ -71.449276999536892, 41.632255999961615 ], [ -71.449185999537008, 41.63231199996153 ], [ -71.449092999537186, 41.632361999961461 ], [ -71.449009999537282, 41.632416999961379 ], [ -71.448940999537399, 41.632472999961294 ], [ -71.448887999537476, 41.63252499996122 ], [ -71.448848999537574, 41.632588999961115 ], [ -71.448811999537611, 41.632659999960993 ], [ -71.44876999953766, 41.632732999960865 ], [ -71.448735999537746, 41.632816999960767 ], [ -71.448731999537756, 41.632905999960599 ], [ -71.448738999537738, 41.632987999960449 ], [ -71.448710999537752, 41.633057999960386 ], [ -71.448639999537875, 41.633118999960288 ], [ -71.448557999538025, 41.633176999960199 ], [ -71.448487999538088, 41.633235999960107 ], [ -71.448443999538199, 41.633299999960002 ], [ -71.448446999538191, 41.633376999959864 ], [ -71.448472999538126, 41.633463999959758 ], [ -71.448501999538109, 41.63356099995957 ], [ -71.448521999538059, 41.633657999959439 ], [ -71.448534999538026, 41.633741999959284 ], [ -71.448542999538006, 41.633815999959211 ], [ -71.448548999537991, 41.633885999959091 ], [ -71.44857199953799, 41.633956999958968 ], [ -71.448608999537953, 41.634032999958833 ], [ -71.448650999537847, 41.634112999958745 ], [ -71.448704999537767, 41.63418499995862 ], [ -71.448764999537673, 41.63425099995851 ], [ -71.448809999537616, 41.634295999958454 ], [ -71.448879999537496, 41.634351999958369 ], [ -71.44897099953738, 41.634392999958266 ], [ -71.44904099953726, 41.634415999958264 ], [ -71.449117999537123, 41.634440999958201 ], [ -71.449194999537042, 41.634470999958182 ], [ -71.449271999536904, 41.634500999958107 ], [ -71.449334999536802, 41.634531999958085 ], [ -71.44941399953666, 41.634574999958033 ], [ -71.449474999536562, 41.634625999957905 ], [ -71.449517999536511, 41.634686999957864 ], [ -71.44954199953645, 41.634741999957726 ], [ -71.449566999536444, 41.634809999957668 ], [ -71.449574999536424, 41.634879999957548 ], [ -71.449569999536436, 41.634950999957425 ], [ -71.449557999536466, 41.635023999957298 ], [ -71.449530999536478, 41.635102999957212 ], [ -71.449490999536579, 41.635179999957074 ], [ -71.449423999536634, 41.635245999956965 ], [ -71.449343999536779, 41.635306999956867 ], [ -71.449267999536914, 41.635361999956785 ], [ -71.449200999537027, 41.635405999956731 ], [ -71.44912299953711, 41.635449999956677 ], [ -71.449058999537215, 41.635479999956601 ], [ -71.448983999537347, 41.635484999956589 ], [ -71.448914999537465, 41.635512999956575 ], [ -71.448860999537544, 41.635552999956474 ], [ -71.448816999537598, 41.635605999956397 ], [ -71.448793999537656, 41.635660999956315 ], [ -71.448796999537649, 41.635718999956225 ], [ -71.448817999537596, 41.635772999956146 ], [ -71.448854999537559, 41.635824999956071 ], [ -71.448911999537472, 41.635882999955982 ], [ -71.448981999537352, 41.635940999955892 ], [ -71.449059999537212, 41.63599599995581 ], [ -71.449132999537085, 41.636048999955733 ], [ -71.449204999537017, 41.636101999955656 ], [ -71.449282999536877, 41.636150999955589 ], [ -71.449344999536777, 41.636203999955455 ], [ -71.449384999536733, 41.636267999955408 ], [ -71.449396999536702, 41.636341999955278 ], [ -71.449387999536725, 41.63641899995514 ], [ -71.449367999536719, 41.636498999955052 ], [ -71.449338999536792, 41.636580999954901 ], [ -71.449310999536863, 41.636660999954756 ], [ -71.449285999536869, 41.636729999954639 ], [ -71.449247999536908, 41.636793999954591 ], [ -71.449205999537014, 41.636851999954501 ], [ -71.449158999537076, 41.636902999954373 ], [ -71.449101999537163, 41.636939999954336 ], [ -71.448995999537317, 41.636942999954329 ], [ -71.448915999537462, 41.636924999954374 ], [ -71.448824999537578, 41.636906999954363 ], [ -71.448730999537759, 41.63689999995438 ], [ -71.448638999537877, 41.636919999954387 ], [ -71.448539999538013, 41.636955999954296 ], [ -71.448438999538212, 41.637000999954239 ], [ -71.448337999538353, 41.637044999954185 ], [ -71.448246999538469, 41.637086999954136 ], [ -71.448163999538622, 41.63712499995404 ], [ -71.448085999538762, 41.637161999954003 ], [ -71.448018999538817, 41.637199999953964 ], [ -71.447963999538899, 41.637249999953838 ], [ -71.447929999538985, 41.637310999953741 ], [ -71.44791999953901, 41.637380999953677 ], [ -71.447929999538985, 41.637454999953547 ], [ -71.447952999538927, 41.637530999953412 ], [ -71.447970999538938, 41.637594999953308 ], [ -71.447936999538967, 41.637656999953208 ], [ -71.447871999539075, 41.637723999953096 ], [ -71.447808999539177, 41.637801999953012 ], [ -71.447741999539289, 41.637871999952893 ], [ -71.447674999539402, 41.637924999952816 ], [ -71.447610999539449, 41.637961999952779 ], [ -71.447539999539572, 41.637990999952706 ], [ -71.447474999539679, 41.638017999952694 ], [ -71.447398999539814, 41.638047999952619 ], [ -71.447326999539939, 41.63808599995258 ], [ -71.447254999540007, 41.638127999952474 ], [ -71.447184999540127, 41.638172999952417 ], [ -71.447120999540232, 41.638215999952365 ], [ -71.447059999540329, 41.638249999952279 ], [ -71.446987999540454, 41.638297999952215 ], [ -71.446941999540513, 41.63834999995214 ], [ -71.44690899954054, 41.638409999952046 ], [ -71.44690499954055, 41.638466999951959 ], [ -71.446907999540542, 41.638528999951859 ], [ -71.446940999540516, 41.638590999951759 ], [ -71.447001999540419, 41.638649999951667 ], [ -71.447070999540301, 41.638679999951648 ], [ -71.4470939995403, 41.63871499995156 ], [ -71.447057999540334, 41.638789999951484 ], [ -71.447012999540391, 41.63884199995141 ], [ -71.446960999540465, 41.638886999951296 ], [ -71.4468849995406, 41.638922999951262 ], [ -71.446808999540735, 41.638935999951229 ], [ -71.446732999540814, 41.638953999951241 ], [ -71.446661999540936, 41.638967999951205 ], [ -71.446590999541058, 41.638999999951125 ], [ -71.446524999541168, 41.639023999951121 ], [ -71.446447999541306, 41.639046999951063 ], [ -71.446378999541366, 41.639065999951015 ], [ -71.446318999541461, 41.639095999950996 ], [ -71.446249999541578, 41.639111999950956 ], [ -71.446200999541645, 41.639139999950942 ], [ -71.446193999541663, 41.639074999951049 ], [ -71.446199999541648, 41.639012999951149 ], [ -71.446222999541646, 41.638951999951189 ], [ -71.446243999541593, 41.638906999951303 ], [ -71.446250999541576, 41.638892999951281 ], [ -71.446276999541567, 41.638836999951423 ], [ -71.446275999541569, 41.638762999951496 ], [ -71.446230999541626, 41.638742999951546 ], [ -71.446150999541715, 41.638769999951478 ], [ -71.446099999541843, 41.638809999951434 ], [ -71.446053999541903, 41.638854999951377 ], [ -71.446014999541944, 41.638901999951315 ], [ -71.445990999542005, 41.638956999951233 ], [ -71.445977999541981, 41.639012999951149 ], [ -71.445964999542014, 41.639073999951052 ], [ -71.445957999542031, 41.639135999950952 ], [ -71.445957999542031, 41.639158999950894 ], [ -71.445957999542031, 41.639199999950847 ], [ -71.445955999542036, 41.639261999950747 ], [ -71.445945999542062, 41.63931899995066 ], [ -71.445931999542097, 41.639377999950568 ], [ -71.445910999542093, 41.639441999950463 ], [ -71.445890999542144, 41.639507999950354 ], [ -71.445877999542176, 41.639571999950249 ], [ -71.445898999542123, 41.639634999950147 ], [ -71.445902999542113, 41.639689999950065 ], [ -71.445907999542101, 41.639744999949983 ], [ -71.445898999542123, 41.639806999949883 ], [ -71.445888999542149, 41.639860999949803 ], [ -71.445884999542159, 41.639916999949719 ], [ -71.445863999542212, 41.639980999949614 ], [ -71.44579199954228, 41.639989999949591 ], [ -71.445714999542417, 41.639990999949589 ], [ -71.445622999542536, 41.639988999949594 ], [ -71.445544999542676, 41.639987999949597 ], [ -71.445470999542806, 41.640022999949565 ], [ -71.445409999542903, 41.640072999949496 ], [ -71.445340999543021, 41.640108999949405 ], [ -71.445265999543096, 41.64015299994935 ], [ -71.445207999543186, 41.640201999949284 ], [ -71.445153999543265, 41.640250999949217 ], [ -71.445110999543374, 41.640301999949145 ], [ -71.445066999543428, 41.640346999949031 ], [ -71.445012999543508, 41.640389999948979 ], [ -71.44496199954358, 41.640428999948938 ], [ -71.444910999543652, 41.640469999948834 ], [ -71.444862999543716, 41.640520999948762 ], [ -71.444836999543782, 41.64057999994867 ], [ -71.444829999543799, 41.640640999948573 ], [ -71.444803999543808, 41.640693999948496 ], [ -71.444781999543864, 41.640752999948404 ], [ -71.444793999543833, 41.64080899994832 ], [ -71.444812999543842, 41.64087099994822 ], [ -71.444837999543779, 41.640922999948145 ], [ -71.444844999543761, 41.640935999948113 ], [ -71.44486799954376, 41.640980999948056 ], [ -71.444899999543679, 41.641036999947971 ], [ -71.444942999543628, 41.641093999947884 ], [ -71.444991999543561, 41.641140999947822 ], [ -71.445083999543385, 41.641372999947464 ], [ -71.445124999543339, 41.641418999947405 ], [ -71.445150999543273, 41.641468999947335 ], [ -71.44515199954327, 41.641525999947248 ], [ -71.445138999543303, 41.641590999947141 ], [ -71.445121999543346, 41.641643999947064 ], [ -71.445095999543355, 41.641705999946964 ], [ -71.445058999543448, 41.641762999946877 ], [ -71.445016999543498, 41.641807999946764 ], [ -71.444967999543564, 41.641851999946709 ], [ -71.444900999543677, 41.64189799994665 ], [ -71.444837999543779, 41.641931999946564 ], [ -71.444770999543891, 41.641965999946535 ], [ -71.444710999543986, 41.641995999946516 ], [ -71.444672999544025, 41.642009999946481 ], [ -71.444641999544103, 41.642020999946453 ], [ -71.444574999544159, 41.642046999946388 ], [ -71.444491999544312, 41.642081999946356 ], [ -71.444421999544431, 41.642109999946342 ], [ -71.444360999544529, 41.642140999946264 ], [ -71.444294999544638, 41.642173999946237 ], [ -71.444227999544751, 41.642210999946144 ], [ -71.44417399954483, 41.6422509999461 ], [ -71.44411999954491, 41.642289999946058 ], [ -71.444060999545002, 41.642327999945962 ], [ -71.444005999545084, 41.642365999945923 ], [ -71.443935999545204, 41.642411999945864 ], [ -71.443858999545284, 41.64245299994576 ], [ -71.443788999545404, 41.642487999945729 ], [ -71.443711999545542, 41.642520999945702 ], [ -71.443637999545615, 41.642542999945647 ], [ -71.443551999545775, 41.642543999945644 ], [ -71.443470999545923, 41.642540999945652 ], [ -71.443390999546011, 41.642536999945662 ], [ -71.443306999546166, 41.64252999994568 ], [ -71.443222999546265, 41.642524999945692 ], [ -71.443132999546435, 41.6425219999457 ], [ -71.443051999546526, 41.642524999945692 ], [ -71.442973999546666, 41.642542999945647 ], [ -71.442908999546773, 41.642576999945618 ], [ -71.442850999546863, 41.64261199994553 ], [ -71.44278599954697, 41.642643999945506 ], [ -71.442706999547113, 41.642668999945442 ], [ -71.442668999547152, 41.642670999945437 ], [ -71.442632999547186, 41.642671999945435 ], [ -71.442558999547316, 41.642671999945435 ], [ -71.442472999547476, 41.642676999945422 ], [ -71.442397999547552, 41.642689999945389 ], [ -71.442373999547613, 41.642729999945345 ], [ -71.44238699954758, 41.642783999945266 ], [ -71.442383999547587, 41.642845999945166 ], [ -71.442321999547687, 41.642892999945104 ], [ -71.442280999547734, 41.642920999945034 ], [ -71.442282999547729, 41.642945999945027 ], [ -71.442265999547772, 41.643020999944895 ], [ -71.442251999547807, 41.643051999944873 ], [ -71.442202999547874, 41.643095999944762 ], [ -71.442140999547973, 41.643139999944708 ], [ -71.442078999548073, 41.643185999944649 ], [ -71.44202999954814, 41.643228999944597 ], [ -71.441985999548194, 41.643274999944481 ], [ -71.44196399954825, 41.643327999944404 ], [ -71.441973999548225, 41.643389999944304 ], [ -71.442007999548196, 41.643440999944232 ], [ -71.442073999548086, 41.643489999944165 ], [ -71.442125999548011, 41.643548999944073 ], [ -71.442164999547913, 41.643594999944014 ], [ -71.442210999547854, 41.643637999943962 ], [ -71.442277999547741, 41.643701999943858 ], [ -71.4423169995477, 41.643751999943788 ], [ -71.442354999547661, 41.643809999943699 ], [ -71.442396999547555, 41.643872999943596 ], [ -71.4424409995475, 41.643934999943497 ], [ -71.442478999547461, 41.644000999943387 ], [ -71.44251099954738, 41.644063999943285 ], [ -71.442544999547351, 41.64412399994319 ], [ -71.442581999547258, 41.644177999943111 ], [ -71.442613999547234, 41.644229999943036 ], [ -71.442651999547195, 41.644280999942964 ], [ -71.442690999547096, 41.644334999942885 ], [ -71.442716999547088, 41.644397999942782 ], [ -71.442728999547057, 41.644474999942645 ], [ -71.442734999547042, 41.644541999942533 ], [ -71.442736999547037, 41.644609999942418 ], [ -71.442736999547037, 41.64467499994231 ], [ -71.442730999547052, 41.644738999942206 ], [ -71.442712999547098, 41.64480199994216 ], [ -71.442691999547094, 41.644857999942076 ], [ -71.442664999547162, 41.644922999941969 ], [ -71.442676999547132, 41.644991999941851 ], [ -71.442716999547088, 41.645059999941736 ], [ -71.442774999546998, 41.645122999941634 ], [ -71.442829999546916, 41.645189999941522 ], [ -71.442842999546883, 41.645245999941437 ], [ -71.442830999546914, 41.645308999941335 ], [ -71.442817999546889, 41.645371999941233 ], [ -71.44279799954694, 41.645431999941138 ], [ -71.442770999547008, 41.645484999941061 ], [ -71.442713999547095, 41.645549999940954 ], [ -71.442675999547134, 41.645595999940895 ], [ -71.442646999547208, 41.645645999940825 ], [ -71.442616999547226, 41.645711999940715 ], [ -71.442582999547255, 41.645749999940676 ], [ -71.442570999547286, 41.645764999940639 ], [ -71.442507999547388, 41.645817999940562 ], [ -71.442428999547531, 41.645850999940535 ], [ -71.442341999547637, 41.64586099994051 ], [ -71.442280999547734, 41.645890999940434 ], [ -71.442212999547849, 41.645928999940395 ], [ -71.442134999547989, 41.645954999940329 ], [ -71.442047999548095, 41.645964999940304 ], [ -71.44195999954826, 41.645967999940353 ], [ -71.441874999548361, 41.645967999940353 ], [ -71.441789999548519, 41.645967999940353 ], [ -71.441702999548625, 41.645970999940346 ], [ -71.441613999548792, 41.645986999940305 ], [ -71.441526999548898, 41.64600899994025 ], [ -71.441442999549054, 41.646038999940231 ], [ -71.441356999549157, 41.64606699994016 ], [ -71.44126599954933, 41.646089999940159 ], [ -71.441175999549444, 41.646109999940109 ], [ -71.441092999549596, 41.646128999940061 ], [ -71.441014999549736, 41.646147999940069 ], [ -71.44092499954985, 41.646179999939989 ], [ -71.440892999549874, 41.646197999939943 ], [ -71.44085899954996, 41.646216999939952 ], [ -71.440790999550075, 41.646255999939854 ], [ -71.44071599955015, 41.646302999939792 ], [ -71.440644999550273, 41.64635799993971 ], [ -71.440593999550345, 41.646406999939643 ], [ -71.44055999955043, 41.646458999939568 ], [ -71.44058799955036, 41.646503999939512 ], [ -71.44062999955031, 41.646509999939497 ], [ -71.440719999550197, 41.646508999939499 ], [ -71.440797999550057, 41.646513999939486 ], [ -71.440840999550005, 41.646559999939427 ], [ -71.440747999550126, 41.646575999939387 ], [ -71.440671999550261, 41.646613999939348 ], [ -71.44058399955037, 41.646608999939303 ], [ -71.440515999550485, 41.646580999939374 ], [ -71.44043199955064, 41.64661299993935 ], [ -71.440384999550702, 41.646672999939256 ], [ -71.440401999550659, 41.646747999939123 ], [ -71.440424999550601, 41.646800999939046 ], [ -71.440436999550627, 41.646860999938951 ], [ -71.44044399955061, 41.646923999938849 ], [ -71.440449999550594, 41.646983999938755 ], [ -71.440451999550589, 41.647037999938675 ], [ -71.440432999550637, 41.647114999938537 ], [ -71.440391999550684, 41.647165999938466 ], [ -71.440338999550761, 41.647215999938396 ], [ -71.440220999550945, 41.64731899993825 ], [ -71.44016499955103, 41.647369999938178 ], [ -71.440075999551198, 41.647475999937967 ], [ -71.439983999551316, 41.647595999937778 ], [ -71.439926999551403, 41.647655999937683 ], [ -71.439861999551511, 41.647708999937606 ], [ -71.439792999551628, 41.647762999937527 ], [ -71.439718999551701, 41.64781199993746 ], [ -71.439469999552102, 41.647936999937258 ], [ -71.439300999552358, 41.648022999937155 ], [ -71.439214999552519, 41.648057999937066 ], [ -71.439126999552627, 41.648084999937055 ], [ -71.43903999955279, 41.648107999936997 ], [ -71.438957999552883, 41.648138999936975 ], [ -71.438789999553194, 41.648221999936823 ], [ -71.438691999553328, 41.648267999936763 ], [ -71.438590999553469, 41.648322999936681 ], [ -71.4384939995536, 41.648382999936587 ], [ -71.438402999553773, 41.648440999936497 ], [ -71.438308999553897, 41.648494999936418 ], [ -71.438214999554077, 41.648542999936353 ], [ -71.438134999554165, 41.648586999936242 ], [ -71.437012999555918, 41.648849999935862 ], [ -71.436638999556521, 41.648937999935697 ], [ -71.435992999557527, 41.649202999935312 ], [ -71.435943999557594, 41.649222999935262 ], [ -71.432795999562472, 41.651322999932006 ], [ -71.428940999568454, 41.650568999933171 ], [ -71.423883999576276, 41.653887999928031 ], [ -71.422315999578757, 41.654216999927542 ], [ -71.421479999580015, 41.654393999927265 ], [ -71.417580999586107, 41.654951999926368 ], [ -71.412817999593472, 41.654370999927266 ], [ -71.408733999599804, 41.653820999928143 ], [ -71.408155999600694, 41.653810999928169 ], [ -71.402644999609265, 41.653885999928036 ], [ -71.391083999627199, 41.652349999930436 ], [ -71.390102999628766, 41.652292999930523 ], [ -71.380541999643583, 41.650325999933557 ], [ -71.380608999643471, 41.64967699993457 ], [ -71.380888999643048, 41.648453999936464 ], [ -71.381490999642097, 41.646454999939579 ], [ -71.3816139996419, 41.644330999942895 ], [ -71.381572999642003, 41.641934999946614 ], [ -71.381748999641729, 41.640560999948718 ], [ -71.381932999641435, 41.639027999951111 ], [ -71.383000999639762, 41.637036999954205 ], [ -71.384877999636842, 41.635281999956931 ], [ -71.386357999634527, 41.633900999959053 ], [ -71.386708999633981, 41.631604999962633 ], [ -71.38646499963437, 41.630704999963996 ], [ -71.38599199963511, 41.629063999966547 ], [ -71.385518999635849, 41.628026999968199 ], [ -71.385167999636394, 41.626523999970516 ], [ -71.385192999636331, 41.625100999972744 ], [ -71.386195999634822, 41.621742999977926 ], [ -71.386454999634395, 41.620875999979262 ], [ -71.386307999634653, 41.613132999991308 ], [ -71.386307999634653, 41.610198999995873 ], [ -71.38744199963287, 41.603673000005983 ], [ -71.387620999632588, 41.602648000007548 ], [ -71.387757999632356, 41.602129000008347 ], [ -71.3878649996322, 41.601450000009436 ], [ -71.387833999632278, 41.600954000010177 ], [ -71.3878649996322, 41.60031300001117 ], [ -71.38784899963224, 41.599550000012357 ], [ -71.38784899963224, 41.599268000012842 ], [ -71.387787999632337, 41.598734000013621 ], [ -71.387818999632259, 41.598078000014652 ], [ -71.387818999632259, 41.597979000014789 ], [ -71.387726999632434, 41.597521000015547 ], [ -71.387681999632491, 41.597025000016288 ], [ -71.38763599963255, 41.596758000016735 ], [ -71.387559999632686, 41.596277000017437 ], [ -71.387589999632667, 41.595697000018333 ], [ -71.387467999632804, 41.595194000019148 ], [ -71.387513999632745, 41.594721000019888 ], [ -71.387467999632804, 41.594179000020688 ], [ -71.387391999632939, 41.593813000021271 ], [ -71.38737599963298, 41.593447000021854 ], [ -71.387436999632882, 41.593088000022419 ], [ -71.387436999632882, 41.592691000023024 ], [ -71.387513999632745, 41.592287000023646 ], [ -71.387574999632648, 41.592028000024072 ], [ -71.387589999632667, 41.591829000024347 ], [ -71.387787999632337, 41.591440000024988 ], [ -71.388016999631986, 41.590967000025671 ], [ -71.388352999631479, 41.590181000026917 ], [ -71.388764999630837, 41.589220000028433 ], [ -71.389313999629962, 41.587854000030518 ], [ -71.389634999629436, 41.586809000032133 ], [ -71.390030999628834, 41.585756000033768 ], [ -71.390320999628386, 41.585100000034799 ], [ -71.390549999628035, 41.584322000036025 ], [ -71.390671999627841, 41.584009000036474 ], [ -71.390870999627566, 41.583597000037116 ], [ -71.390997999627359, 41.583201000037775 ], [ -71.393602999623283, 41.575746000049321 ], [ -71.394295999622216, 41.573437000052934 ], [ -71.395753999619956, 41.568582000060417 ], [ -71.397417999617403, 41.562578000069777 ], [ -71.398698999615419, 41.556801000078735 ], [ -71.399505999614121, 41.548040000092328 ], [ -71.400575999612499, 41.536432000110324 ], [ -71.401330999611332, 41.528232000123069 ], [ -71.401338999611312, 41.528150000123219 ], [ -71.401384999611253, 41.527651000123967 ], [ -71.401398999611217, 41.527501000124232 ], [ -71.401155999611603, 41.518930000137516 ], [ -71.401094999611701, 41.517740000139383 ], [ -71.401476999611077, 41.516115000141895 ], [ -71.402513999609482, 41.514086000145028 ], [ -71.403658999607671, 41.512796000147034 ], [ -71.404482999606444, 41.51201000014828 ], [ -71.406023999604031, 41.510561000150517 ], [ -71.4064089996034, 41.510241000150984 ], [ -71.408311999600471, 41.508661000153438 ], [ -71.409990999597881, 41.506693000156531 ], [ -71.411598999595356, 41.504501000159905 ], [ -71.413026999593171, 41.498690000168949 ], [ -71.412645999593735, 41.497553000170683 ], [ -71.411958999594788, 41.495844000173349 ], [ -71.410967999596323, 41.493578000176853 ], [ -71.410554999596968, 41.492425000178628 ], [ -71.410387999597276, 41.491960000179404 ], [ -71.410143999597608, 41.491044000180807 ], [ -71.408849999599624, 41.486192000188339 ], [ -71.408398999600365, 41.48450100019096 ], [ -71.408250999600568, 41.483042000193223 ], [ -71.407823999601248, 41.480716000196821 ], [ -71.407747999601327, 41.478213000200697 ], [ -71.408432999600279, 41.47248800020958 ], [ -71.408464999600255, 41.472224000210019 ], [ -71.408778999599747, 41.470124000213275 ], [ -71.409044999599359, 41.468341000216014 ], [ -71.40909899959928, 41.468202000216252 ], [ -71.412783999593557, 41.462674000224808 ], [ -71.417268999586554, 41.455947000235255 ], [ -71.421898999579412, 41.449002000246082 ], [ -71.422766999578016, 41.447683000248105 ], [ -71.429138999568124, 41.437998000263121 ], [ -71.429398999567752, 41.43760200026378 ], [ -71.432025999563677, 41.432236000272098 ], [ -71.436264999557068, 41.423578000285545 ], [ -71.440853999549972, 41.414205000300058 ], [ -71.445800999542257, 41.404101000315734 ], [ -71.454338999529057, 41.386663000342821 ], [ -71.456726999525301, 41.381785000350419 ], [ -71.459998999520224, 41.375102000360755 ], [ -71.467328999508879, 41.365112000376257 ], [ -71.473741999498941, 41.356372000389854 ], [ -71.474321999497988, 41.355678000390924 ], [ -71.474647999497506, 41.355253000391599 ], [ -71.474825999497227, 41.355021000391957 ], [ -71.475557999496118, 41.354159000393281 ], [ -71.47627499949499, 41.353305000394585 ], [ -71.476793999494191, 41.352687000395576 ], [ -71.477525999493025, 41.351947000396706 ], [ -71.478197999492011, 41.351321000397661 ], [ -71.478609999491368, 41.350924000398265 ], [ -71.479311999490278, 41.350505000398925 ], [ -71.47975399948956, 41.350177000399469 ], [ -71.48024199948884, 41.349803000400016 ], [ -71.480699999488138, 41.349414000400657 ], [ -71.481096999487477, 41.349071000401182 ], [ -71.481783999486424, 41.348712000401747 ], [ -71.481898999486248, 41.348602000401911 ], [ -71.482018999486058, 41.348537000402018 ], [ -71.506601000489582, 41.312601000457789 ], [ -71.509442000485194, 41.307732000465364 ], [ -71.512060000481085, 41.30808000046477 ], [ -71.526594000458545, 41.308804000463681 ], [ -71.543851000431744, 41.312598000457797 ], [ -71.556933000411448, 41.316254000452091 ], [ -71.575199000383122, 41.320941000444861 ] ] ], [ [ [ -71.678807000222264, 41.158911999654663 ], [ -71.67626400022624, 41.1688639996392 ], [ -71.673808000230053, 41.178849999623708 ], [ -71.672814000231597, 41.184649999614692 ], [ -71.670491000235188, 41.194502999599422 ], [ -71.667858000239278, 41.200625999589931 ], [ -71.663768000245625, 41.206604999580634 ], [ -71.654561000259889, 41.215464999566905 ], [ -71.653208000261998, 41.21780499956327 ], [ -71.649378000267973, 41.223985999553634 ], [ -71.643014000277844, 41.231322999542272 ], [ -71.642758000278207, 41.237933999532004 ], [ -71.642006000279423, 41.245312999520536 ], [ -71.64084400028122, 41.250100999513108 ], [ -71.634968000290314, 41.263681999492064 ], [ -71.624504000306558, 41.274129000517519 ], [ -71.609257000330217, 41.281999000505266 ], [ -71.591591000357653, 41.289317000493895 ], [ -71.570655000390161, 41.294018000486631 ], [ -71.557569000410467, 41.294018000486631 ], [ -71.535979000444001, 41.286180000498803 ], [ -71.516350000474461, 41.271548999479819 ], [ -71.499994000499839, 41.250102999513103 ], [ -71.496595000505124, 41.24582299951976 ], [ -71.49219600051191, 41.240875999527418 ], [ -71.489322000516381, 41.235170999536308 ], [ -71.486497000520785, 41.226926999549107 ], [ -71.484582999482086, 41.217485999563735 ], [ -71.48517499948116, 41.209467999576191 ], [ -71.485883999480052, 41.204726999583556 ], [ -71.489844000515575, 41.1946979995991 ], [ -71.484890999481593, 41.188742999608337 ], [ -71.482715999484981, 41.186252999612236 ], [ -71.480454999488472, 41.18128799961994 ], [ -71.478602999491386, 41.175791999628473 ], [ -71.476924999493974, 41.168156999640303 ], [ -71.476876999494039, 41.161170999651176 ], [ -71.477023999493838, 41.155656999659698 ], [ -71.479561999489874, 41.148054999671501 ], [ -71.484029999482971, 41.139231999685194 ], [ -71.488273000518006, 41.130540999698724 ], [ -71.4914320005131, 41.125103999707164 ], [ -71.494679000508086, 41.122191999711674 ], [ -71.499496000500585, 41.117491999718936 ], [ -71.501887000496879, 41.115540999721986 ], [ -71.508093000487236, 41.11161499972809 ], [ -71.517538000472598, 41.107076999735114 ], [ -71.528168000456105, 41.103113999741254 ], [ -71.535841000444179, 41.10166399974355 ], [ -71.543771000431889, 41.100816999744836 ], [ -71.553160000417336, 41.100078999745961 ], [ -71.565311000398424, 41.097789999749523 ], [ -71.569300000392275, 41.097181999750489 ], [ -71.584086000369325, 41.096341999751814 ], [ -71.593513000354676, 41.095833999752585 ], [ -71.60186400034172, 41.096618999751342 ], [ -71.611673000326505, 41.097412999750134 ], [ -71.618861000315349, 41.099090999747546 ], [ -71.624501000306566, 41.100978999744598 ], [ -71.63030100029755, 41.103454999740734 ], [ -71.640344000281971, 41.108432999732997 ], [ -71.649849000267238, 41.114142999724152 ], [ -71.657633000255146, 41.11987499971525 ], [ -71.665453000243019, 41.125820999706036 ], [ -71.668345000238503, 41.128249999702234 ], [ -71.672644000231855, 41.134291999692891 ], [ -71.676092000226504, 41.14150199968168 ], [ -71.678302000223084, 41.14890399967021 ], [ -71.678807000222264, 41.158911999654663 ] ] ] ] } },
{ "type": "Feature", "properties": { "permanent_": "51e3d859-73ce-4565-8a2f-aee34f4fdf81", "source_fea": "44001", "source_dat": "ccda6193-1739-4dd9-aa2b-1f14c80bcca4", "source_d_1": "2022 TIGER/Line Shapefile, Current County and Equivalent", "source_ori": "U.S. Census Bureau", "loaddate": "2022-11-30", "fcode": 61200, "state_fips": "44", "state_name": "Rhode Island", "county_fip": "001", "county_nam": "Bristol", "stco_fipsc": "44001", "population": 50793, "areasqkm": 115.85994086, "gnis_id": "1219777", "gnis_name": "Bristol County", "shape_Leng": null, "shape_Area": null, "ObjectID": 2 }, "geometry": { "type": "Polygon", "coordinates": [ [ [ -71.210428999907606, 41.68800899987508 ], [ -71.210857999906978, 41.687492999875872 ], [ -71.212627999904214, 41.685249999879375 ], [ -71.214108999901896, 41.683349999882296 ], [ -71.215046999900437, 41.682211999884089 ], [ -71.215756999899384, 41.681351999885408 ], [ -71.216883999897618, 41.680029999887438 ], [ -71.217633999896464, 41.67914899988881 ], [ -71.217831999896134, 41.678917999889165 ], [ -71.22030399989228, 41.67573599989413 ], [ -71.220715999891638, 41.675346999894714 ], [ -71.220715999891638, 41.675079999895161 ], [ -71.220837999891444, 41.673195999898041 ], [ -71.22100599989119, 41.671806999900241 ], [ -71.221142999891015, 41.670418999902381 ], [ -71.221355999890648, 41.670036999902948 ], [ -71.222561999888796, 41.668465999905379 ], [ -71.224072999886459, 41.666679999908183 ], [ -71.22460799988562, 41.666052999909141 ], [ -71.224897999885172, 41.665830999909474 ], [ -71.225965999883499, 41.664732999911223 ], [ -71.22761399988093, 41.663038999913852 ], [ -71.230146999877036, 41.660665999917512 ], [ -71.232099999873981, 41.659025999920061 ], [ -71.234738999869876, 41.656584999923837 ], [ -71.235150999869234, 41.656332999924246 ], [ -71.235349999868959, 41.656111999924576 ], [ -71.23698199986643, 41.654646999926854 ], [ -71.239637999862282, 41.652166999930728 ], [ -71.242415999857997, 41.649740999934465 ], [ -71.244902999854105, 41.64746699993799 ], [ -71.246550999851536, 41.646093999940149 ], [ -71.247770999849649, 41.645269999941434 ], [ -71.248854999847993, 41.64420199994305 ], [ -71.249067999847625, 41.643996999943397 ], [ -71.250136999846006, 41.642965999944977 ], [ -71.251372999844079, 41.641813999946748 ], [ -71.252913999841667, 41.640630999948598 ], [ -71.254377999839392, 41.63960199995023 ], [ -71.25526299983801, 41.639112999950953 ], [ -71.256727999835789, 41.638136999952508 ], [ -71.257015999835289, 41.638144999952488 ], [ -71.265380999822355, 41.6383659999521 ], [ -71.265899999821499, 41.638543999951878 ], [ -71.267196999819532, 41.638990999951147 ], [ -71.26804799981818, 41.639867999949786 ], [ -71.270202999814842, 41.642088999946338 ], [ -71.273437999809801, 41.647519999937913 ], [ -71.27477999980772, 41.649831999934349 ], [ -71.275726999806295, 41.650677999933009 ], [ -71.277724999803183, 41.650853999932735 ], [ -71.281993999796555, 41.650150999933828 ], [ -71.290060999784032, 41.648823999935871 ], [ -71.291687999781516, 41.648556999936318 ], [ -71.294379999777334, 41.64621799993995 ], [ -71.296524999773965, 41.644353999942837 ], [ -71.300278999768182, 41.642674999945427 ], [ -71.301048999766977, 41.642549999945629 ], [ -71.3034679997632, 41.642155999946226 ], [ -71.307054999757668, 41.642544999945642 ], [ -71.311464999750797, 41.644047999943325 ], [ -71.313646999747391, 41.645680999940794 ], [ -71.31553899974449, 41.64740499993809 ], [ -71.317109999742058, 41.64931999993513 ], [ -71.318239999740285, 41.650647999933085 ], [ -71.319291999738653, 41.652501999930166 ], [ -71.321824999734702, 41.657147999922984 ], [ -71.323716999731801, 41.662228999915101 ], [ -71.325903999728382, 41.669594999903666 ], [ -71.328975999723639, 41.679935999887618 ], [ -71.330969999720537, 41.686961999876701 ], [ -71.325666999728753, 41.693212999867001 ], [ -71.329924999722152, 41.698043999859522 ], [ -71.332014999718922, 41.700379999855841 ], [ -71.331647999719451, 41.701450999854217 ], [ -71.331407999719829, 41.702280999852917 ], [ -71.331315999720005, 41.702799999852118 ], [ -71.331314999720007, 41.702901999851974 ], [ -71.333868999716003, 41.705775999847503 ], [ -71.33505199971421, 41.707105999845453 ], [ -71.342584999702524, 41.715576999832251 ], [ -71.348359999693514, 41.720723999824315 ], [ -71.355079999683085, 41.726961999814591 ], [ -71.356889999680277, 41.728471999812257 ], [ -71.364560999668356, 41.734927999802267 ], [ -71.365206999667407, 41.735648999801128 ], [ -71.360196999675168, 41.738900999796101 ], [ -71.356996999680121, 41.741600999791899 ], [ -71.356586999680758, 41.742889999789895 ], [ -71.35581799968196, 41.745307999786121 ], [ -71.355785999681984, 41.74540899978598 ], [ -71.355638999682242, 41.74586999978527 ], [ -71.355596999682291, 41.746000999785053 ], [ -71.355525999682413, 41.746189999784747 ], [ -71.355296999682764, 41.746800999783829 ], [ -71.355080999683082, 41.747495999782757 ], [ -71.353896999684935, 41.751300999776845 ], [ -71.351494999688668, 41.752634999774784 ], [ -71.351475999688716, 41.752648999774749 ], [ -71.349190999692269, 41.754259999772216 ], [ -71.348877999692718, 41.754477999771893 ], [ -71.348236999693711, 41.754919999771232 ], [ -71.347614999694713, 41.755350999770542 ], [ -71.347288999695195, 41.755572999770209 ], [ -71.347180999695354, 41.755653999770061 ], [ -71.34659299969627, 41.756058999769436 ], [ -71.346529999696372, 41.756105999769375 ], [ -71.345641999697762, 41.756717999768398 ], [ -71.345587999697841, 41.756756999768356 ], [ -71.345160999698521, 41.757050999767898 ], [ -71.344852999698958, 41.757264999767585 ], [ -71.34478999969906, 41.757292999767515 ], [ -71.344642999699317, 41.7573609997674 ], [ -71.344069999700196, 41.757806999766728 ], [ -71.343960999700357, 41.757880999766599 ], [ -71.343582999700971, 41.758149999766204 ], [ -71.343338999701302, 41.758315999765955 ], [ -71.343011999701844, 41.758539999765617 ], [ -71.342394999702776, 41.758964999764942 ], [ -71.342232999703015, 41.75907799976477 ], [ -71.342107999703217, 41.759166999764602 ], [ -71.340956999705043, 41.759970999763368 ], [ -71.339850999706755, 41.760733999762181 ], [ -71.338475999708862, 41.761682999760694 ], [ -71.336780999711493, 41.762854999758872 ], [ -71.335238999713908, 41.763926999757246 ], [ -71.333941999715933, 41.764823999755833 ], [ -71.332658999717921, 41.765714999754437 ], [ -71.331996999718911, 41.766164999753755 ], [ -71.331735999719342, 41.766344999753471 ], [ -71.331222999720126, 41.766700999752914 ], [ -71.329105999723424, 41.768166999750633 ], [ -71.328654999724108, 41.768477999750189 ], [ -71.325006999729794, 41.771005999746251 ], [ -71.324716999730242, 41.771200999745929 ], [ -71.324603999730414, 41.771280999745841 ], [ -71.324522999730505, 41.771338999745751 ], [ -71.322677999733401, 41.772591999743781 ], [ -71.322606999733523, 41.772639999743717 ], [ -71.322588999733512, 41.772651999743687 ], [ -71.322559999733585, 41.772671999743636 ], [ -71.32192999973455, 41.77309999974301 ], [ -71.321364999735408, 41.773483999742382 ], [ -71.320606999736583, 41.773998999741593 ], [ -71.32053399973671, 41.774048999741524 ], [ -71.319949999737617, 41.774509999740815 ], [ -71.319540999738251, 41.774830999740288 ], [ -71.319489999738323, 41.774870999740244 ], [ -71.319141999738861, 41.775156999739806 ], [ -71.318222999740328, 41.775912999738637 ], [ -71.318088999740496, 41.77602399973847 ], [ -71.317910999740775, 41.77616799973822 ], [ -71.317872999740871, 41.776198999738199 ], [ -71.317733999741051, 41.776139999738291 ], [ -71.316365999743198, 41.775558999739189 ], [ -71.314667999745836, 41.774837999740271 ], [ -71.311783999750332, 41.773613999742167 ], [ -71.310569999752204, 41.77309999974301 ], [ -71.310452999752385, 41.77304999974308 ], [ -71.310354999752519, 41.773008999743126 ], [ -71.309302999754152, 41.772560999743803 ], [ -71.309263999754194, 41.772544999743843 ], [ -71.309038999754591, 41.772448999744029 ], [ -71.308776999754969, 41.772332999744208 ], [ -71.308599999755245, 41.772263999744268 ], [ -71.308498999755386, 41.772220999744377 ], [ -71.308261999755757, 41.772119999744518 ], [ -71.307631999756723, 41.771853999744906 ], [ -71.306273999758844, 41.771270999745809 ], [ -71.30623999975893, 41.771248999745865 ], [ -71.303691999762862, 41.770171999747561 ], [ -71.303585999763015, 41.770126999747617 ], [ -71.302244999765094, 41.769559999748481 ], [ -71.299091999769985, 41.768226999750539 ], [ -71.298193999771399, 41.767846999751157 ], [ -71.298066999771606, 41.767792999751236 ], [ -71.297954999771775, 41.767745999751298 ], [ -71.297699999772192, 41.767638999751455 ], [ -71.297642999772279, 41.767614999751515 ], [ -71.29749599977248, 41.767552999751615 ], [ -71.295111999776168, 41.766540999753147 ], [ -71.294752999776733, 41.766388999753417 ], [ -71.294184999777599, 41.766147999753798 ], [ -71.290326999783588, 41.764515999756327 ], [ -71.290199999783795, 41.764461999756406 ], [ -71.290072999784002, 41.764408999756483 ], [ -71.289905999784253, 41.764337999756606 ], [ -71.289747999784481, 41.764270999756718 ], [ -71.289431999784995, 41.764137999756883 ], [ -71.286130999790146, 41.762737999759054 ], [ -71.285795999790651, 41.762596999759296 ], [ -71.284774999792205, 41.762164999759989 ], [ -71.284507999792652, 41.762049999760166 ], [ -71.284403999792801, 41.762004999760222 ], [ -71.284056999793336, 41.761853999760433 ], [ -71.283525999794165, 41.761623999760786 ], [ -71.283420999794316, 41.7615789997609 ], [ -71.283206999794686, 41.761487999761016 ], [ -71.282780999795307, 41.761306999761302 ], [ -71.282052999796463, 41.760997999761798 ], [ -71.282017999796494, 41.760982999761779 ], [ -71.281988999796567, 41.76097099976181 ], [ -71.281747999796949, 41.760868999761954 ], [ -71.280158999799369, 41.760193999763032 ], [ -71.280056999799569, 41.760150999763084 ], [ -71.278715999801648, 41.759581999763952 ], [ -71.277624999803322, 41.759118999764667 ], [ -71.277351999803727, 41.759002999764846 ], [ -71.277313999803823, 41.758986999764886 ], [ -71.270834999813871, 41.75623599976916 ], [ -71.266136999821185, 41.754237999772272 ], [ -71.265911999821526, 41.754141999772401 ], [ -71.265877999821555, 41.754127999772436 ], [ -71.264669999823411, 41.753615999773217 ], [ -71.264396999823873, 41.753497999773401 ], [ -71.26387099982469, 41.753274999773737 ], [ -71.263754999824869, 41.753224999773863 ], [ -71.263522999825227, 41.753126999773997 ], [ -71.263212999825669, 41.752994999774216 ], [ -71.263048999825969, 41.75292499977428 ], [ -71.262070999827472, 41.752507999774934 ], [ -71.261465999828431, 41.752251999775353 ], [ -71.26106699982904, 41.752081999775612 ], [ -71.257565999834469, 41.748094999781813 ], [ -71.256401999836271, 41.746776999783833 ], [ -71.255083999838291, 41.745274999786204 ], [ -71.254937999838546, 41.74510999978645 ], [ -71.254639999839014, 41.744770999786965 ], [ -71.253380999840942, 41.743337999789162 ], [ -71.252040999843018, 41.741817999791522 ], [ -71.249343999847213, 41.738743999796327 ], [ -71.2479599998494, 41.737171999798761 ], [ -71.245149999853709, 41.733972999803711 ], [ -71.243261999856657, 41.731831999807071 ], [ -71.235981999867988, 41.723537999819939 ], [ -71.231070999875612, 41.717947999828596 ], [ -71.229467999878068, 41.716122999831441 ], [ -71.227992999880371, 41.714442999834034 ], [ -71.22717499988164, 41.713511999835475 ], [ -71.22682599988218, 41.713113999836082 ], [ -71.226766999882273, 41.713046999836195 ], [ -71.226402999882851, 41.712632999836842 ], [ -71.226407999882838, 41.712724999836723 ], [ -71.226253999883056, 41.712552999836987 ], [ -71.22608199988332, 41.712344999837285 ], [ -71.225997999883475, 41.712241999837431 ], [ -71.222470999888913, 41.707678999844518 ], [ -71.208370999910812, 41.690597999871045 ], [ -71.210428999907606, 41.68800899987508 ] ] ] } },
{ "type": "Feature", "properties": { "permanent_": "2d394663-17df-43da-ad41-b05382d2d9bd", "source_fea": "44005", "source_dat": "ccda6193-1739-4dd9-aa2b-1f14c80bcca4", "source_d_1": "2022 TIGER/Line Shapefile, Current County and Equivalent", "source_ori": "U.S. Census Bureau", "loaddate": "2022-11-30", "fcode": 61200, "state_fips": "44", "state_name": "Rhode Island", "county_fip": "005", "county_nam": "Newport", "stco_fipsc": "44005", "population": 85643, "areasqkm": 812.30119789000003, "gnis_id": "1219779", "gnis_name": "Newport County", "shape_Leng": null, "shape_Area": null, "ObjectID": 3 }, "geometry": { "type": "Polygon", "coordinates": [ [ [ -71.116404000053592, 41.484568000190848 ], [ -71.115431000055082, 41.48270600019373 ], [ -71.088571000096749, 41.431315000273514 ], [ -71.103980000072852, 41.421957000288046 ], [ -71.119322000049067, 41.413321000301437 ], [ -71.124594000040872, 41.411474000304281 ], [ -71.249959999846283, 41.377713000356721 ], [ -71.258256999833407, 41.375078000360816 ], [ -71.374494999652939, 41.339011000416804 ], [ -71.479875999489366, 41.312599000457794 ], [ -71.482995999484558, 41.310974000460305 ], [ -71.489356000516352, 41.308802000463686 ], [ -71.494805000507881, 41.307355000465918 ], [ -71.499345000500853, 41.307355000465918 ], [ -71.506610000489559, 41.307356000465916 ], [ -71.509442000485194, 41.307732000465364 ], [ -71.506601000489582, 41.312601000457789 ], [ -71.482018999486058, 41.348537000402018 ], [ -71.481898999486248, 41.348602000401911 ], [ -71.481783999486424, 41.348712000401747 ], [ -71.481096999487477, 41.349071000401182 ], [ -71.480699999488138, 41.349414000400657 ], [ -71.48024199948884, 41.349803000400016 ], [ -71.47975399948956, 41.350177000399469 ], [ -71.479311999490278, 41.350505000398925 ], [ -71.478609999491368, 41.350924000398265 ], [ -71.478197999492011, 41.351321000397661 ], [ -71.477525999493025, 41.351947000396706 ], [ -71.476793999494191, 41.352687000395576 ], [ -71.47627499949499, 41.353305000394585 ], [ -71.475557999496118, 41.354159000393281 ], [ -71.474825999497227, 41.355021000391957 ], [ -71.474647999497506, 41.355253000391599 ], [ -71.474321999497988, 41.355678000390924 ], [ -71.473741999498941, 41.356372000389854 ], [ -71.467328999508879, 41.365112000376257 ], [ -71.459998999520224, 41.375102000360755 ], [ -71.456726999525301, 41.381785000350419 ], [ -71.454338999529057, 41.386663000342821 ], [ -71.445800999542257, 41.404101000315734 ], [ -71.440853999549972, 41.414205000300058 ], [ -71.436264999557068, 41.423578000285545 ], [ -71.432025999563677, 41.432236000272098 ], [ -71.429398999567752, 41.43760200026378 ], [ -71.429138999568124, 41.437998000263121 ], [ -71.422766999578016, 41.447683000248105 ], [ -71.421898999579412, 41.449002000246082 ], [ -71.417268999586554, 41.455947000235255 ], [ -71.412783999593557, 41.462674000224808 ], [ -71.40909899959928, 41.468202000216252 ], [ -71.409044999599359, 41.468341000216014 ], [ -71.408778999599747, 41.470124000213275 ], [ -71.408464999600255, 41.472224000210019 ], [ -71.408432999600279, 41.47248800020958 ], [ -71.407747999601327, 41.478213000200697 ], [ -71.407823999601248, 41.480716000196821 ], [ -71.408250999600568, 41.483042000193223 ], [ -71.408398999600365, 41.48450100019096 ], [ -71.408849999599624, 41.486192000188339 ], [ -71.410143999597608, 41.491044000180807 ], [ -71.410387999597276, 41.491960000179404 ], [ -71.410554999596968, 41.492425000178628 ], [ -71.410967999596323, 41.493578000176853 ], [ -71.411958999594788, 41.495844000173349 ], [ -71.412645999593735, 41.497553000170683 ], [ -71.413026999593171, 41.498690000168949 ], [ -71.411598999595356, 41.504501000159905 ], [ -71.409990999597881, 41.506693000156531 ], [ -71.408311999600471, 41.508661000153438 ], [ -71.4064089996034, 41.510241000150984 ], [ -71.406023999604031, 41.510561000150517 ], [ -71.404482999606444, 41.51201000014828 ], [ -71.403658999607671, 41.512796000147034 ], [ -71.402513999609482, 41.514086000145028 ], [ -71.401476999611077, 41.516115000141895 ], [ -71.401094999611701, 41.517740000139383 ], [ -71.401155999611603, 41.518930000137516 ], [ -71.401398999611217, 41.527501000124232 ], [ -71.401384999611253, 41.527651000123967 ], [ -71.401338999611312, 41.528150000123219 ], [ -71.401330999611332, 41.528232000123069 ], [ -71.400575999612499, 41.536432000110324 ], [ -71.399505999614121, 41.548040000092328 ], [ -71.398698999615419, 41.556801000078735 ], [ -71.397417999617403, 41.562578000069777 ], [ -71.395753999619956, 41.568582000060417 ], [ -71.394295999622216, 41.573437000052934 ], [ -71.393602999623283, 41.575746000049321 ], [ -71.390997999627359, 41.583201000037775 ], [ -71.390870999627566, 41.583597000037116 ], [ -71.390671999627841, 41.584009000036474 ], [ -71.390549999628035, 41.584322000036025 ], [ -71.390320999628386, 41.585100000034799 ], [ -71.390030999628834, 41.585756000033768 ], [ -71.389634999629436, 41.586809000032133 ], [ -71.389313999629962, 41.587854000030518 ], [ -71.388764999630837, 41.589220000028433 ], [ -71.388352999631479, 41.590181000026917 ], [ -71.388016999631986, 41.590967000025671 ], [ -71.387787999632337, 41.591440000024988 ], [ -71.387589999632667, 41.591829000024347 ], [ -71.387574999632648, 41.592028000024072 ], [ -71.387513999632745, 41.592287000023646 ], [ -71.387436999632882, 41.592691000023024 ], [ -71.387436999632882, 41.593088000022419 ], [ -71.38737599963298, 41.593447000021854 ], [ -71.387391999632939, 41.593813000021271 ], [ -71.387467999632804, 41.594179000020688 ], [ -71.387513999632745, 41.594721000019888 ], [ -71.387467999632804, 41.595194000019148 ], [ -71.387589999632667, 41.595697000018333 ], [ -71.387559999632686, 41.596277000017437 ], [ -71.38763599963255, 41.596758000016735 ], [ -71.387681999632491, 41.597025000016288 ], [ -71.387726999632434, 41.597521000015547 ], [ -71.387818999632259, 41.597979000014789 ], [ -71.387818999632259, 41.598078000014652 ], [ -71.387787999632337, 41.598734000013621 ], [ -71.38784899963224, 41.599268000012842 ], [ -71.38784899963224, 41.599550000012357 ], [ -71.3878649996322, 41.60031300001117 ], [ -71.387833999632278, 41.600954000010177 ], [ -71.3878649996322, 41.601450000009436 ], [ -71.387757999632356, 41.602129000008347 ], [ -71.387620999632588, 41.602648000007548 ], [ -71.38744199963287, 41.603673000005983 ], [ -71.386307999634653, 41.610198999995873 ], [ -71.386307999634653, 41.613132999991308 ], [ -71.386454999634395, 41.620875999979262 ], [ -71.386195999634822, 41.621742999977926 ], [ -71.385192999636331, 41.625100999972744 ], [ -71.385167999636394, 41.626523999970516 ], [ -71.385518999635849, 41.628026999968199 ], [ -71.38599199963511, 41.629063999966547 ], [ -71.38646499963437, 41.630704999963996 ], [ -71.386708999633981, 41.631604999962633 ], [ -71.386357999634527, 41.633900999959053 ], [ -71.384877999636842, 41.635281999956931 ], [ -71.383000999639762, 41.637036999954205 ], [ -71.381932999641435, 41.639027999951111 ], [ -71.381748999641729, 41.640560999948718 ], [ -71.381572999642003, 41.641934999946614 ], [ -71.3816139996419, 41.644330999942895 ], [ -71.381490999642097, 41.646454999939579 ], [ -71.380888999643048, 41.648453999936464 ], [ -71.380608999643471, 41.64967699993457 ], [ -71.380541999643583, 41.650325999933557 ], [ -71.380524999643626, 41.650474999933351 ], [ -71.380597999643498, 41.650552999933211 ], [ -71.379717999644868, 41.656457999924044 ], [ -71.379110999645775, 41.65766499992219 ], [ -71.378971999646012, 41.657976999921686 ], [ -71.378073999647427, 41.658955999920181 ], [ -71.376580999649718, 41.660294999918108 ], [ -71.375973999650682, 41.661403999916388 ], [ -71.374782999652496, 41.662764999914259 ], [ -71.37368299965425, 41.663392999913299 ], [ -71.373037999655253, 41.663630999912925 ], [ -71.371236999658038, 41.664294999911874 ], [ -71.367565999663725, 41.665875999909417 ], [ -71.365093999667579, 41.667027999907646 ], [ -71.363288999670374, 41.667936999906203 ], [ -71.361531999673105, 41.669191999904285 ], [ -71.360887999674105, 41.66987599990324 ], [ -71.360358999674929, 41.670405999902414 ], [ -71.359464999676277, 41.671827999900188 ], [ -71.358091999678436, 41.674201999896525 ], [ -71.356612999680749, 41.676269999893293 ], [ -71.355981999681717, 41.676782999892509 ], [ -71.355125999683025, 41.677506999891364 ], [ -71.354068999684671, 41.678164999890328 ], [ -71.352353999687352, 41.678884999889249 ], [ -71.330969999720537, 41.686961999876701 ], [ -71.328975999723639, 41.679935999887618 ], [ -71.325903999728382, 41.669594999903666 ], [ -71.323716999731801, 41.662228999915101 ], [ -71.321824999734702, 41.657147999922984 ], [ -71.319291999738653, 41.652501999930166 ], [ -71.318239999740285, 41.650647999933085 ], [ -71.317109999742058, 41.64931999993513 ], [ -71.31553899974449, 41.64740499993809 ], [ -71.313646999747391, 41.645680999940794 ], [ -71.311464999750797, 41.644047999943325 ], [ -71.307054999757668, 41.642544999945642 ], [ -71.3034679997632, 41.642155999946226 ], [ -71.301048999766977, 41.642549999945629 ], [ -71.300278999768182, 41.642674999945427 ], [ -71.296524999773965, 41.644353999942837 ], [ -71.294379999777334, 41.64621799993995 ], [ -71.291687999781516, 41.648556999936318 ], [ -71.290060999784032, 41.648823999935871 ], [ -71.281993999796555, 41.650150999933828 ], [ -71.277724999803183, 41.650853999932735 ], [ -71.275726999806295, 41.650677999933009 ], [ -71.27477999980772, 41.649831999934349 ], [ -71.273437999809801, 41.647519999937913 ], [ -71.270202999814842, 41.642088999946338 ], [ -71.26804799981818, 41.639867999949786 ], [ -71.267196999819532, 41.638990999951147 ], [ -71.265899999821499, 41.638543999951878 ], [ -71.265380999822355, 41.6383659999521 ], [ -71.257015999835289, 41.638144999952488 ], [ -71.256727999835789, 41.638136999952508 ], [ -71.25526299983801, 41.639112999950953 ], [ -71.254377999839392, 41.63960199995023 ], [ -71.252913999841667, 41.640630999948598 ], [ -71.251372999844079, 41.641813999946748 ], [ -71.250136999846006, 41.642965999944977 ], [ -71.249067999847625, 41.643996999943397 ], [ -71.248854999847993, 41.64420199994305 ], [ -71.247770999849649, 41.645269999941434 ], [ -71.246550999851536, 41.646093999940149 ], [ -71.244902999854105, 41.64746699993799 ], [ -71.242415999857997, 41.649740999934465 ], [ -71.239637999862282, 41.652166999930728 ], [ -71.23698199986643, 41.654646999926854 ], [ -71.235349999868959, 41.656111999924576 ], [ -71.235150999869234, 41.656332999924246 ], [ -71.234738999869876, 41.656584999923837 ], [ -71.232099999873981, 41.659025999920061 ], [ -71.230146999877036, 41.660665999917512 ], [ -71.22761399988093, 41.663038999913852 ], [ -71.225965999883499, 41.664732999911223 ], [ -71.224897999885172, 41.665830999909474 ], [ -71.22460799988562, 41.666052999909141 ], [ -71.224072999886459, 41.666679999908183 ], [ -71.222561999888796, 41.668465999905379 ], [ -71.221355999890648, 41.670036999902948 ], [ -71.221142999891015, 41.670418999902381 ], [ -71.22100599989119, 41.671806999900241 ], [ -71.220837999891444, 41.673195999898041 ], [ -71.220715999891638, 41.675079999895161 ], [ -71.220715999891638, 41.675346999894714 ], [ -71.22030399989228, 41.67573599989413 ], [ -71.217831999896134, 41.678917999889165 ], [ -71.217633999896464, 41.67914899988881 ], [ -71.216883999897618, 41.680029999887438 ], [ -71.215756999899384, 41.681351999885408 ], [ -71.215046999900437, 41.682211999884089 ], [ -71.214108999901896, 41.683349999882296 ], [ -71.212627999904214, 41.685249999879375 ], [ -71.210857999906978, 41.687492999875872 ], [ -71.210428999907606, 41.68800899987508 ], [ -71.208370999910812, 41.690597999871045 ], [ -71.208291999910955, 41.690502999871171 ], [ -71.201161999922022, 41.681908999884513 ], [ -71.199527999924555, 41.679936999887616 ], [ -71.198256999926514, 41.678405999890003 ], [ -71.197599999927547, 41.677614999891205 ], [ -71.195666999930552, 41.675290999894798 ], [ -71.195631999930583, 41.675246999894853 ], [ -71.195593999930679, 41.675200999894969 ], [ -71.195505999930788, 41.675142999895058 ], [ -71.195476999930861, 41.67511599989507 ], [ -71.195478999930856, 41.675089999895135 ], [ -71.194618999932175, 41.674932999895361 ], [ -71.194507999932341, 41.674911999895414 ], [ -71.194495999932371, 41.674909999895419 ], [ -71.1942759999327, 41.674869999895463 ], [ -71.194218999932787, 41.674859999895489 ], [ -71.194135999932939, 41.674844999895527 ], [ -71.194078999933026, 41.674833999895498 ], [ -71.193696999933593, 41.674764999895615 ], [ -71.192771999935019, 41.674595999895871 ], [ -71.192633999935254, 41.674570999895934 ], [ -71.191716999936659, 41.674402999896188 ], [ -71.191133999937563, 41.674296999896342 ], [ -71.190867999938007, 41.67426199989643 ], [ -71.190570999938473, 41.674228999896457 ], [ -71.190380999938725, 41.674198999896532 ], [ -71.190107999939187, 41.674143999896614 ], [ -71.188996999940912, 41.673922999896945 ], [ -71.188809999941213, 41.673885999896982 ], [ -71.188786999941215, 41.673880999896994 ], [ -71.18876099994128, 41.673875999897007 ], [ -71.18863699994148, 41.67385099989707 ], [ -71.18857599994152, 41.673845999897082 ], [ -71.188528999941639, 41.673844999897028 ], [ -71.188387999941824, 41.673824999897079 ], [ -71.188255999942044, 41.673798999897144 ], [ -71.187816999942754, 41.673713999897245 ], [ -71.187797999942745, 41.673709999897255 ], [ -71.187769999942816, 41.673704999897268 ], [ -71.18774999994281, 41.673700999897278 ], [ -71.187722999942878, 41.673695999897291 ], [ -71.187703999942926, 41.673690999897303 ], [ -71.187624999943012, 41.673675999897341 ], [ -71.187610999943047, 41.673672999897349 ], [ -71.187548999943147, 41.67366199989732 ], [ -71.187509999943188, 41.67365399989734 ], [ -71.187477999943269, 41.673647999897355 ], [ -71.186852999944222, 41.673537999897519 ], [ -71.186252999945168, 41.673429999897678 ], [ -71.18622199994519, 41.673424999897691 ], [ -71.186172999945256, 41.673414999897716 ], [ -71.186159999945289, 41.673411999897723 ], [ -71.186090999945407, 41.673400999897751 ], [ -71.186076999945442, 41.673397999897759 ], [ -71.185987999945553, 41.673381999897799 ], [ -71.18592699994565, 41.67337099989777 ], [ -71.185907999945698, 41.673367999897778 ], [ -71.185373999946535, 41.673261999897989 ], [ -71.18507299994701, 41.673201999898026 ], [ -71.184327999948152, 41.673062999898264 ], [ -71.184122999948443, 41.673030999898344 ], [ -71.183651999949177, 41.672924999898498 ], [ -71.183271999949795, 41.672856999898613 ], [ -71.183183999949904, 41.672841999898594 ], [ -71.182837999950436, 41.672779999898694 ], [ -71.182778999950528, 41.672768999898722 ], [ -71.182444999951088, 41.672709999898814 ], [ -71.182209999951453, 41.672666999898865 ], [ -71.181856999952004, 41.672601999898973 ], [ -71.181809999952065, 41.672593999898993 ], [ -71.181663999952264, 41.672566999899061 ], [ -71.181267999952865, 41.672494999899129 ], [ -71.179820999955155, 41.672229999899571 ], [ -71.178978999956428, 41.672076999899787 ], [ -71.178541999957133, 41.671996999899932 ], [ -71.178118999957803, 41.671918999900072 ], [ -71.178021999957934, 41.67190099990006 ], [ -71.177915999958088, 41.671881999900108 ], [ -71.177787999958298, 41.671857999900112 ], [ -71.17772899995839, 41.671847999900137 ], [ -71.177641999958496, 41.671831999900178 ], [ -71.177552999958664, 41.671815999900218 ], [ -71.177454999958798, 41.671797999900207 ], [ -71.176128999960895, 41.67155599990059 ], [ -71.175950999961117, 41.671522999900674 ], [ -71.175882999961232, 41.671510999900704 ], [ -71.175783999961425, 41.671492999900693 ], [ -71.175800999961382, 41.67128799990104 ], [ -71.175807999961364, 41.671254999901066 ], [ -71.175808999961362, 41.671238999901107 ], [ -71.175818999961336, 41.671149999901218 ], [ -71.175828999961311, 41.671051999901408 ], [ -71.17583599996135, 41.670986999901515 ], [ -71.175927999961175, 41.670099999902845 ], [ -71.175963999961141, 41.669747999903393 ], [ -71.175988999961078, 41.669508999903769 ], [ -71.176082999960954, 41.668600999905209 ], [ -71.176089999960936, 41.668531999905326 ], [ -71.176119999960861, 41.668247999905759 ], [ -71.173816999964458, 41.667867999906321 ], [ -71.171035999968751, 41.667360999907146 ], [ -71.170724999969252, 41.667303999907233 ], [ -71.169487999971182, 41.667078999907574 ], [ -71.165179999977852, 41.666292999908762 ], [ -71.162347999982273, 41.665775999909556 ], [ -71.162119999982622, 41.66573499990966 ], [ -71.161826999983077, 41.665680999909739 ], [ -71.161770999983162, 41.665670999909764 ], [ -71.161707999983264, 41.665658999909738 ], [ -71.159309999986988, 41.665221999910443 ], [ -71.159110999987263, 41.665185999910477 ], [ -71.155219999993335, 41.66447499991159 ], [ -71.15363199999581, 41.664155999912111 ], [ -71.153607999995813, 41.664150999912124 ], [ -71.153405999996153, 41.664116999912153 ], [ -71.151934999998446, 41.663871999912544 ], [ -71.151048999999773, 41.663705999912793 ], [ -71.150997, 41.663694999912821 ], [ -71.150552000000573, 41.663603999912937 ], [ -71.150324000000921, 41.66356299991304 ], [ -71.149887000001627, 41.663475999913146 ], [ -71.149351000002412, 41.663375999913285 ], [ -71.148799000003294, 41.663281999913465 ], [ -71.148065000004408, 41.663140999913651 ], [ -71.147117000005892, 41.662967999913917 ], [ -71.146950000006143, 41.66293899991399 ], [ -71.145869000007849, 41.662752999914289 ], [ -71.145139000008953, 41.662622999914447 ], [ -71.144852000009394, 41.662567999914586 ], [ -71.144724000009603, 41.66254399991459 ], [ -71.144635000009771, 41.66252799991463 ], [ -71.144213000010382, 41.66245399991476 ], [ -71.143211000011945, 41.662266999915005 ], [ -71.143054000012228, 41.662237999915078 ], [ -71.142272000013406, 41.662106999915295 ], [ -71.141881000014052, 41.662033999915366 ], [ -71.141073000015297, 41.661883999915631 ], [ -71.140963000015461, 41.661863999915624 ], [ -71.140485000016213, 41.661778999915782 ], [ -71.140387000016347, 41.661760999915828 ], [ -71.140311000016482, 41.661745999915809 ], [ -71.139949000017054, 41.661671999915939 ], [ -71.139069000018367, 41.661522999916201 ], [ -71.138905000018667, 41.661490999916225 ], [ -71.138542000019186, 41.66142299991634 ], [ -71.138372000019501, 41.661392999916359 ], [ -71.138086000019939, 41.66134099991649 ], [ -71.137893000020199, 41.661306999916519 ], [ -71.137773000020388, 41.661285999916572 ], [ -71.137431000020911, 41.661225999916667 ], [ -71.137413000020956, 41.661222999916674 ], [ -71.136232000022801, 41.661005999916995 ], [ -71.135725000023569, 41.660927999917078 ], [ -71.135045000024661, 41.66080699991727 ], [ -71.133731000026671, 41.660578999917675 ], [ -71.133284000027345, 41.660500999917758 ], [ -71.133057000027748, 41.660456999917812 ], [ -71.132557000028498, 41.660362999917993 ], [ -71.132564000028481, 41.660314999918057 ], [ -71.132597000028454, 41.66002299991851 ], [ -71.132606000028431, 41.659927999918636 ], [ -71.132624000028386, 41.659784999918884 ], [ -71.132647000028385, 41.659554999919237 ], [ -71.132654000028367, 41.659491999919339 ], [ -71.13265700002836, 41.659470999919392 ], [ -71.132659000028355, 41.659448999919391 ], [ -71.132662000028347, 41.659424999919452 ], [ -71.132668000028332, 41.659371999919529 ], [ -71.132689000028279, 41.659172999919804 ], [ -71.132718000028262, 41.658922999920208 ], [ -71.132734000028222, 41.65876999992048 ], [ -71.132853000028035, 41.657682999922145 ], [ -71.132874000027982, 41.657497999922441 ], [ -71.132900000027973, 41.65726199992281 ], [ -71.132922000027918, 41.657061999923087 ], [ -71.132938000027934, 41.656917999923337 ], [ -71.132954000027894, 41.656772999923533 ], [ -71.132983000027821, 41.656502999923987 ], [ -71.133170000027576, 41.654773999926647 ], [ -71.133257000027413, 41.653979999927913 ], [ -71.133350000027292, 41.653175999929147 ], [ -71.133763000026647, 41.649416999934999 ], [ -71.133814000026575, 41.648947999935729 ], [ -71.134193000025959, 41.645502999941073 ], [ -71.134346000025744, 41.644116999943208 ], [ -71.134354000025724, 41.644046999943328 ], [ -71.134399000025667, 41.643302999944467 ], [ -71.134447000025546, 41.642513999945663 ], [ -71.13444900002554, 41.642482999945742 ], [ -71.134451000025535, 41.642451999945763 ], [ -71.13445600002558, 41.642371999945908 ], [ -71.134511000025441, 41.641484999947295 ], [ -71.134515000025488, 41.641327999947521 ], [ -71.13453000002545, 41.641183999947771 ], [ -71.134554000025389, 41.640769999948418 ], [ -71.134575000025393, 41.64043599994892 ], [ -71.13458800002536, 41.640245999949229 ], [ -71.134590000025355, 41.640182999949332 ], [ -71.134601000025327, 41.640014999949585 ], [ -71.134665000025223, 41.638968999951203 ], [ -71.134672000025205, 41.638887999951294 ], [ -71.134830000024976, 41.636284999955365 ], [ -71.135001000024715, 41.6334869999597 ], [ -71.135157000024492, 41.630925999963665 ], [ -71.13530200002424, 41.628564999967352 ], [ -71.135307000024227, 41.628487999967433 ], [ -71.135514000023932, 41.628293999967752 ], [ -71.138480000019285, 41.625490999972101 ], [ -71.138715000018919, 41.625267999972436 ], [ -71.138898000018685, 41.6250959999727 ], [ -71.139894000017136, 41.624145999974189 ], [ -71.140185000016686, 41.623868999974604 ], [ -71.140203000016641, 41.623752999974784 ], [ -71.140521000016122, 41.621704999977965 ], [ -71.140620000015986, 41.621086999978957 ], [ -71.141041000015321, 41.618392999983143 ], [ -71.141291000014917, 41.616796999985581 ], [ -71.141416000014772, 41.615995999986865 ], [ -71.141574000014487, 41.614986999988389 ], [ -71.141655000014396, 41.614468999989242 ], [ -71.141745000014225, 41.613897999990115 ], [ -71.141926000013939, 41.612737999991907 ], [ -71.141946000013945, 41.612607999992122 ], [ -71.141958000013915, 41.612532999992197 ], [ -71.141667000014365, 41.611178999994308 ], [ -71.141638000014382, 41.611045999994531 ], [ -71.141575000014484, 41.610748999994996 ], [ -71.141441000014709, 41.610125999995944 ], [ -71.141154000015149, 41.608787999998015 ], [ -71.140801000015699, 41.607136000000594 ], [ -71.140606000016021, 41.606236000002013 ], [ -71.140419000016323, 41.605363000003365 ], [ -71.140308000016489, 41.604850000004149 ], [ -71.139764000017294, 41.604524000004631 ], [ -71.13967200001747, 41.604471000004764 ], [ -71.138976000018545, 41.604053000005365 ], [ -71.13842400001937, 41.603723000005914 ], [ -71.13834600001951, 41.603676000005976 ], [ -71.138182000019754, 41.603432000006364 ], [ -71.137609000020632, 41.60258900000764 ], [ -71.136906000021725, 41.601544000009255 ], [ -71.136764000021969, 41.601334000009615 ], [ -71.136234000022796, 41.600549000010801 ], [ -71.135765000023525, 41.599855000011928 ], [ -71.131817000029628, 41.594009000021003 ], [ -71.131620000029955, 41.593716000021459 ], [ -71.131558000030054, 41.593170000022269 ], [ -71.129839000032746, 41.579352000043741 ], [ -71.129122000033817, 41.573567000052719 ], [ -71.12903900003397, 41.572894000053736 ], [ -71.129033000033985, 41.572779000053913 ], [ -71.128143000035379, 41.565659000064954 ], [ -71.128134000035345, 41.565591000065069 ], [ -71.128100000035431, 41.565320000065526 ], [ -71.127837000035811, 41.563203000068768 ], [ -71.127824000035844, 41.563092000068991 ], [ -71.127814000035869, 41.563005000069097 ], [ -71.127794000035919, 41.562847000069326 ], [ -71.127505000036365, 41.56051500007294 ], [ -71.127484000036361, 41.56034300007326 ], [ -71.127480000036371, 41.560312000073282 ], [ -71.127430000036441, 41.559911000073896 ], [ -71.127275000036718, 41.558654000075876 ], [ -71.127250000036724, 41.558473000076162 ], [ -71.127188000036824, 41.557955000076959 ], [ -71.127123000036931, 41.557429000077775 ], [ -71.127111000036962, 41.557331000077909 ], [ -71.127106000036974, 41.557297000077938 ], [ -71.127096000037, 41.557208000078106 ], [ -71.126928000037253, 41.555855000080214 ], [ -71.126923000037266, 41.555811000080269 ], [ -71.126917000037281, 41.55576800008032 ], [ -71.12687900003732, 41.555460000080814 ], [ -71.126870000037343, 41.555383000080951 ], [ -71.126840000037362, 41.555142000081332 ], [ -71.12682900003739, 41.555055000081438 ], [ -71.126819000037415, 41.554975000081583 ], [ -71.12680900003744, 41.554902000081654 ], [ -71.126647000037678, 41.553865000083306 ], [ -71.126320000038163, 41.551772000086544 ], [ -71.126281000038261, 41.551510000086921 ], [ -71.126268000038237, 41.551420000087091 ], [ -71.126229000038336, 41.551117000087572 ], [ -71.126210000038327, 41.55097100008777 ], [ -71.126186000038388, 41.550793000088049 ], [ -71.126067000038574, 41.54987000008947 ], [ -71.125822000038966, 41.547995000092385 ], [ -71.125249000039844, 41.5436070000992 ], [ -71.124573000040868, 41.538432000107264 ], [ -71.124232000041445, 41.535829000111278 ], [ -71.123683000042263, 41.531620000117812 ], [ -71.122499000044115, 41.52255400013189 ], [ -71.122437000044215, 41.522075000132645 ], [ -71.122247000044524, 41.519594000136465 ], [ -71.122228000044515, 41.519389000136812 ], [ -71.122182000044631, 41.518760000137775 ], [ -71.121776000045259, 41.513510000145914 ], [ -71.121698000045342, 41.512543000147446 ], [ -71.12168700004537, 41.512406000147621 ], [ -71.121661000045435, 41.51136600014928 ], [ -71.121661000045435, 41.511354000149254 ], [ -71.121473000045683, 41.508928000153048 ], [ -71.121463000045708, 41.50880300015325 ], [ -71.121469000045693, 41.508783000153244 ], [ -71.121452000045736, 41.508647000153474 ], [ -71.121450000045741, 41.508632000153511 ], [ -71.121363000045903, 41.508095000154356 ], [ -71.121346000045889, 41.507890000154646 ], [ -71.121336000045915, 41.507777000154817 ], [ -71.12133400004592, 41.507722000154899 ], [ -71.121333000045922, 41.507707000154937 ], [ -71.121372000045881, 41.507616000155053 ], [ -71.121288000045979, 41.507092000155865 ], [ -71.121303000045941, 41.506722000156458 ], [ -71.121253000046067, 41.506300000157125 ], [ -71.12119000004617, 41.505777000157934 ], [ -71.121203000046137, 41.505447000158426 ], [ -71.121203000046137, 41.505435000158457 ], [ -71.120753000046818, 41.499610000167479 ], [ -71.120617000047048, 41.497901000170145 ], [ -71.120589000047062, 41.497737000170389 ], [ -71.1205740000471, 41.497651000170549 ], [ -71.120553000047153, 41.497531000170738 ], [ -71.120547000047168, 41.497493000170778 ], [ -71.12057000004711, 41.497448000170834 ], [ -71.120559000047137, 41.497421000170903 ], [ -71.120552000047155, 41.497401000170953 ], [ -71.120539000047131, 41.497368000170979 ], [ -71.120525000047166, 41.497330000171019 ], [ -71.120519000047182, 41.497301000171092 ], [ -71.12050400004722, 41.497233000171207 ], [ -71.120484000047213, 41.497136000171338 ], [ -71.120474000047238, 41.497086000171407 ], [ -71.120472000047243, 41.49707700017143 ], [ -71.120351000047435, 41.496557000172231 ], [ -71.120266000047593, 41.496271000172669 ], [ -71.120228000047632, 41.496143000172879 ], [ -71.120181000047694, 41.495837000173367 ], [ -71.120059000047888, 41.495484000173917 ], [ -71.119936000048085, 41.495079000174542 ], [ -71.119874000048185, 41.494604000175286 ], [ -71.121061000046325, 41.492867000177966 ], [ -71.121116000046243, 41.492787000178112 ], [ -71.118103000050951, 41.487527000186276 ], [ -71.117461000051946, 41.486471000187919 ], [ -71.116404000053592, 41.484568000190848 ] ] ] } },
{ "type": "Feature", "properties": { "permanent_": "3392381c-fdee-4207-83bf-5b1806ef0f5b", "source_fea": "44007", "source_dat": "ccda6193-1739-4dd9-aa2b-1f14c80bcca4", "source_d_1": "2022 TIGER/Line Shapefile, Current County and Equivalent", "source_ori": "U.S. Census Bureau", "loaddate": "2022-11-30", "fcode": 61200, "state_fips": "44", "state_name": "Rhode Island", "county_fip": "007", "county_nam": "Providence", "stco_fipsc": "44007", "population": 660741, "areasqkm": 1128.4227176100001, "gnis_id": "1219781", "gnis_name": "Providence County", "shape_Leng": null, "shape_Area": null, "ObjectID": 4 }, "geometry": { "type": "Polygon", "coordinates": [ [ [ -71.547353000426313, 41.731202999808033 ], [ -71.547425000426188, 41.731241999807992 ], [ -71.547426000426185, 41.731064999808211 ], [ -71.547429000426177, 41.730305999809445 ], [ -71.547430000426175, 41.730024999809871 ], [ -71.547578000425972, 41.730021999809878 ], [ -71.548515000424516, 41.730000999809874 ], [ -71.548833000423997, 41.729995999809887 ], [ -71.548921000423888, 41.729996999809885 ], [ -71.549615000422818, 41.729988999809905 ], [ -71.549722000422662, 41.729988999809905 ], [ -71.550038000422148, 41.729984999809915 ], [ -71.550105000422036, 41.729983999809917 ], [ -71.550922000420769, 41.729969999809953 ], [ -71.552219000418745, 41.729942999809964 ], [ -71.552952000417633, 41.729927999810002 ], [ -71.554397000415406, 41.729890999810038 ], [ -71.554597000415072, 41.729885999810051 ], [ -71.556174000412625, 41.729844999810155 ], [ -71.556751000411737, 41.729829999810136 ], [ -71.557477000410586, 41.729811999810181 ], [ -71.560138000406482, 41.729742999810298 ], [ -71.560295000406256, 41.729739999810306 ], [ -71.562364000403022, 41.729686999810383 ], [ -71.562595000402666, 41.729679999810401 ], [ -71.562938000402141, 41.729671999810421 ], [ -71.563128000401832, 41.729666999810433 ], [ -71.566630000396401, 41.729581999810534 ], [ -71.567787000394617, 41.729553999810605 ], [ -71.569277000392276, 41.729516999810642 ], [ -71.56944200039203, 41.729512999810652 ], [ -71.569776000391528, 41.729504999810672 ], [ -71.570380000390571, 41.72948999981071 ], [ -71.573168000386261, 41.729421999810768 ], [ -71.576525000381025, 41.729339999810918 ], [ -71.579879000375854, 41.729259999811063 ], [ -71.580411000375022, 41.729244999811044 ], [ -71.581093000373926, 41.729229999811082 ], [ -71.586186000366069, 41.729104999811284 ], [ -71.591194000358257, 41.728986999811468 ], [ -71.593784000354276, 41.728925999811565 ], [ -71.596200000350507, 41.72886999981165 ], [ -71.597249000348882, 41.728844999811713 ], [ -71.597407000348653, 41.728842999811661 ], [ -71.598222000347334, 41.728821999811714 ], [ -71.598609000346755, 41.728812999811737 ], [ -71.60044200034389, 41.728769999811789 ], [ -71.602864000340162, 41.728712999811876 ], [ -71.607275000333289, 41.728612999812071 ], [ -71.611739000326395, 41.728515999812203 ], [ -71.61229200032551, 41.728502999812235 ], [ -71.612957000324514, 41.728488999812214 ], [ -71.613886000323021, 41.728468999812264 ], [ -71.617553000317344, 41.728387999812412 ], [ -71.618142000316425, 41.728374999812388 ], [ -71.618397000316065, 41.728369999812401 ], [ -71.624204000307031, 41.72823799981262 ], [ -71.624595000306442, 41.728228999812643 ], [ -71.624780000306146, 41.728223999812656 ], [ -71.624994000305833, 41.728218999812668 ], [ -71.626353000303709, 41.728185999812695 ], [ -71.62799700030115, 41.728148999812788 ], [ -71.628331000300648, 41.728140999812751 ], [ -71.631726000295373, 41.728062999812892 ], [ -71.633306000292919, 41.728025999812928 ], [ -71.633642000292411, 41.728018999812946 ], [ -71.633828000292112, 41.728013999812958 ], [ -71.636033000288649, 41.72796299981303 ], [ -71.637346000286641, 41.727932999813106 ], [ -71.638485000284845, 41.727905999813117 ], [ -71.640346000281966, 41.727863999813223 ], [ -71.641268000280547, 41.727849999813202 ], [ -71.641328000280453, 41.727849999813202 ], [ -71.641452000280253, 41.72784699981321 ], [ -71.644091000276148, 41.727802999813321 ], [ -71.644255000275905, 41.727799999813328 ], [ -71.644503000275506, 41.727796999813336 ], [ -71.644913000274869, 41.727788999813299 ], [ -71.645143000274516, 41.727784999813309 ], [ -71.646080000273059, 41.72776899981335 ], [ -71.647336000271139, 41.727747999813403 ], [ -71.648881000268716, 41.727674999813473 ], [ -71.657194000255799, 41.727581999813651 ], [ -71.657684000255074, 41.727576999813664 ], [ -71.662207000248031, 41.72749799981375 ], [ -71.662584000247477, 41.727490999813767 ], [ -71.663048000246761, 41.727483999813785 ], [ -71.665991000242173, 41.727432999813857 ], [ -71.666049000242083, 41.727431999813859 ], [ -71.666094000242026, 41.727431999813859 ], [ -71.667794000239383, 41.727459999813846 ], [ -71.668434000238392, 41.72746999981382 ], [ -71.669494000236739, 41.727373999813949 ], [ -71.671700000233329, 41.727330999814058 ], [ -71.67195600023291, 41.72732599981407 ], [ -71.672553000231972, 41.727314999814041 ], [ -71.673904000229868, 41.727290999814102 ], [ -71.678200000223228, 41.727197999814223 ], [ -71.679701000220916, 41.727163999814309 ], [ -71.681380000218269, 41.727129999814338 ], [ -71.684064000214107, 41.727067999814437 ], [ -71.684517000213418, 41.727056999814465 ], [ -71.686674000210076, 41.727007999814532 ], [ -71.696528000194746, 41.726780999814878 ], [ -71.698209000192151, 41.726741999814976 ], [ -71.700584000188485, 41.726693999815041 ], [ -71.700933000187945, 41.726686999815058 ], [ -71.703594000183784, 41.726633999815135 ], [ -71.704842000181884, 41.726607999815144 ], [ -71.712749000169595, 41.726465999815389 ], [ -71.713105000169037, 41.726458999815407 ], [ -71.715887000164741, 41.726408999815476 ], [ -71.719007000159877, 41.726347999815573 ], [ -71.71949900015909, 41.726337999815598 ], [ -71.719590000158973, 41.726336999815601 ], [ -71.720034000158307, 41.726327999815567 ], [ -71.72011100015817, 41.726325999815572 ], [ -71.720257000157915, 41.726322999815579 ], [ -71.720368000157748, 41.726320999815584 ], [ -71.735023000135016, 41.726032999816027 ], [ -71.739508000128069, 41.72596999981613 ], [ -71.740760000126102, 41.725940999816203 ], [ -71.745964000118022, 41.725862999816286 ], [ -71.752389000108053, 41.725772999816456 ], [ -71.752846000107354, 41.725765999816474 ], [ -71.752988000107109, 41.725763999816479 ], [ -71.753098000106945, 41.725764999816477 ], [ -71.753127000106929, 41.725761999816484 ], [ -71.75440200010496, 41.725743999816473 ], [ -71.754572000104702, 41.72574099981648 ], [ -71.754649000104564, 41.725739999816483 ], [ -71.754698000104497, 41.725739999816483 ], [ -71.757764000099712, 41.725696999816591 ], [ -71.757864000099573, 41.725695999816594 ], [ -71.759306000097354, 41.725673999816593 ], [ -71.760908000094844, 41.725651999816648 ], [ -71.761192000094411, 41.725647999816658 ], [ -71.768377000083262, 41.725548999816795 ], [ -71.76844000008316, 41.725544999816805 ], [ -71.774470000073791, 41.725448999816933 ], [ -71.774906000073088, 41.725442999816948 ], [ -71.785969000055957, 41.72525999981724 ], [ -71.789562000050353, 41.725199999817335 ], [ -71.789669000050196, 41.725198999817337 ], [ -71.789704000050165, 41.72519799981734 ], [ -71.789709000050152, 41.726691999815046 ], [ -71.789711000050147, 41.727253999814138 ], [ -71.789729000050102, 41.727462999813838 ], [ -71.78976800005006, 41.731555999807483 ], [ -71.789861000049882, 41.734427999803017 ], [ -71.789871000049857, 41.734738999802516 ], [ -71.789902000049835, 41.735713999801021 ], [ -71.790016000049661, 41.738875999796107 ], [ -71.79005500004962, 41.739783999794724 ], [ -71.790071000049579, 41.740159999794116 ], [ -71.790094000049521, 41.740631999793379 ], [ -71.790090000049531, 41.740933999792901 ], [ -71.790089000049534, 41.740990999792814 ], [ -71.790103000049498, 41.742934999789838 ], [ -71.79019500004938, 41.744408999787538 ], [ -71.790314000049193, 41.747551999782672 ], [ -71.79032300004917, 41.747791999782294 ], [ -71.79032700004916, 41.747882999782121 ], [ -71.790554000048814, 41.750116999778641 ], [ -71.790633000048729, 41.753329999773655 ], [ -71.790647000048693, 41.75386599977287 ], [ -71.791066000048033, 41.77017999974754 ], [ -71.791066000048033, 41.770201999747485 ], [ -71.791254000047729, 41.774496999740848 ], [ -71.79137000004755, 41.777295999736452 ], [ -71.791372000047545, 41.777327999736428 ], [ -71.791477000047394, 41.779396999733194 ], [ -71.791573000047265, 41.781283999730306 ], [ -71.791921000046727, 41.789135999718098 ], [ -71.791927000046712, 41.78930999971783 ], [ -71.791940000046679, 41.789613999717346 ], [ -71.79193600004669, 41.789767999717128 ], [ -71.791911000046696, 41.790479999716013 ], [ -71.791919000046732, 41.790714999715647 ], [ -71.79200600004657, 41.793238999711718 ], [ -71.792058000046495, 41.79459199970961 ], [ -71.792070000046465, 41.794903999709163 ], [ -71.79207600004645, 41.795059999708883 ], [ -71.792079000046442, 41.795075999708899 ], [ -71.792124000046385, 41.795397999708371 ], [ -71.792135000046358, 41.795623999708027 ], [ -71.792360000046017, 41.799987999701273 ], [ -71.792364000046007, 41.800052999701165 ], [ -71.792593000045656, 41.804015999695025 ], [ -71.792804000045351, 41.809207999686919 ], [ -71.792800000045361, 41.809292999686818 ], [ -71.792855000045279, 41.810649999684699 ], [ -71.792867000045248, 41.810981999684202 ], [ -71.79289400004518, 41.812520999681794 ], [ -71.793127000044819, 41.814602999678584 ], [ -71.793114000044852, 41.814657999678502 ], [ -71.793097000044895, 41.81472899967838 ], [ -71.793101000044885, 41.814881999678164 ], [ -71.793143000044779, 41.816348999675881 ], [ -71.793144000044776, 41.816381999675798 ], [ -71.793160000044793, 41.81715699967458 ], [ -71.79316100004479, 41.817168999674607 ], [ -71.793265000044642, 41.820639999669197 ], [ -71.793284000044594, 41.821256999668265 ], [ -71.793296000044563, 41.821380999668065 ], [ -71.793302000044548, 41.821566999667766 ], [ -71.793315000044515, 41.821770999667422 ], [ -71.793310000044528, 41.821799999667405 ], [ -71.793343000044501, 41.822941999665602 ], [ -71.79344000004437, 41.825636999661469 ], [ -71.793478000044274, 41.826469999660162 ], [ -71.793532000044195, 41.827585999658424 ], [ -71.793615000044099, 41.829195999655894 ], [ -71.793689000043969, 41.83068599965361 ], [ -71.793790000043828, 41.832701999650453 ], [ -71.793796000043812, 41.83283399965029 ], [ -71.79407700004333, 41.839349999640149 ], [ -71.794117000043286, 41.839894999639341 ], [ -71.794134000043243, 41.840007999639113 ], [ -71.794121000043276, 41.840634999638155 ], [ -71.794115000043291, 41.84096599963766 ], [ -71.794121000043276, 41.841102999637428 ], [ -71.794173000043202, 41.841415999636979 ], [ -71.794177000043192, 41.841565999636714 ], [ -71.794179000043187, 41.841638999636587 ], [ -71.794229000043117, 41.842825999634783 ], [ -71.794237000043097, 41.843032999634431 ], [ -71.794463000042754, 41.848881999625348 ], [ -71.794471000042734, 41.849087999625056 ], [ -71.794474000042726, 41.849158999624933 ], [ -71.794477000042718, 41.849230999624808 ], [ -71.794480000042711, 41.849297999624696 ], [ -71.794524000042657, 41.85042799962298 ], [ -71.794680000042433, 41.854408999616794 ], [ -71.79490600004209, 41.858804999609958 ], [ -71.794911000042077, 41.858909999609807 ], [ -71.79491400004207, 41.858965999609723 ], [ -71.794933000042022, 41.859333999609134 ], [ -71.794941000042002, 41.859474999608949 ], [ -71.794966000041995, 41.859971999608149 ], [ -71.795286000041472, 41.865712999599225 ], [ -71.795287000041469, 41.865747999599193 ], [ -71.795289000041464, 41.865770999599135 ], [ -71.795316000041453, 41.866319999598318 ], [ -71.795323000041435, 41.866464999598065 ], [ -71.795353000041359, 41.867073999597153 ], [ -71.795356000041352, 41.867125999597022 ], [ -71.795404000041287, 41.868108999595506 ], [ -71.795408000041277, 41.86819199959541 ], [ -71.795428000041284, 41.868617999594733 ], [ -71.79574400004077, 41.875096999584684 ], [ -71.795863000040583, 41.877687999580644 ], [ -71.795956000040462, 41.880621999576078 ], [ -71.796191000040096, 41.886141999567542 ], [ -71.79643400003971, 41.891719999558859 ], [ -71.79652000003955, 41.895251999553409 ], [ -71.796522000039545, 41.895287999553318 ], [ -71.796563000039498, 41.896966999550727 ], [ -71.796555000039518, 41.897065999550591 ], [ -71.796566000039491, 41.897139999550461 ], [ -71.796573000039473, 41.897194999550379 ], [ -71.796683000039309, 41.899376999546973 ], [ -71.796695000039279, 41.899821999546305 ], [ -71.796698000039271, 41.899920999546168 ], [ -71.796711000039295, 41.900415999545373 ], [ -71.796756000039181, 41.901954999542966 ], [ -71.796828000039113, 41.904445999539121 ], [ -71.796900000038988, 41.90689699953532 ], [ -71.797024000038789, 41.910126999530291 ], [ -71.797105000038641, 41.912205999527089 ], [ -71.797105000038641, 41.912230999527026 ], [ -71.797112000038624, 41.912417999526724 ], [ -71.797261000038418, 41.916231999520846 ], [ -71.797262000038415, 41.916246999520808 ], [ -71.797265000038408, 41.916329999520656 ], [ -71.7972680000384, 41.916403999520583 ], [ -71.797299000038379, 41.916890999519808 ], [ -71.797300000038376, 41.916914999519747 ], [ -71.797355000038294, 41.917444999518921 ], [ -71.797462000038081, 41.920741999513837 ], [ -71.79754700003798, 41.923377999509739 ], [ -71.797725000037701, 41.927413999503472 ], [ -71.797726000037699, 41.927445999503391 ], [ -71.797732000037684, 41.927591999503193 ], [ -71.797774000037634, 41.928552999501676 ], [ -71.797778000037624, 41.928644999501557 ], [ -71.797883000037473, 41.931010999497857 ], [ -71.797886000037465, 41.931360999497315 ], [ -71.797891000037453, 41.93196299949642 ], [ -71.79789200003745, 41.932143999496134 ], [ -71.797893000037448, 41.932215999496009 ], [ -71.797894000037445, 41.932363999495806 ], [ -71.797897000037437, 41.932616999495394 ], [ -71.797910000037405, 41.933132999494603 ], [ -71.797910000037405, 41.93321599949445 ], [ -71.797910000037405, 41.93411499949309 ], [ -71.797922000037374, 41.935394999491052 ], [ -71.797924000037369, 41.93551499949092 ], [ -71.797926000037364, 41.935657999490672 ], [ -71.797935000037342, 41.936270999489693 ], [ -71.797935000037342, 41.936299999489677 ], [ -71.797936000037339, 41.936335999489643 ], [ -71.798005000037278, 41.941003999482348 ], [ -71.798014000037256, 41.941551999481533 ], [ -71.798014000037256, 41.9416269994814 ], [ -71.798014000037256, 41.941663999481364 ], [ -71.798015000037253, 41.941716999481287 ], [ -71.798038000037195, 41.945066000517727 ], [ -71.798038000037195, 41.945079000517694 ], [ -71.798074000037161, 41.946508000515507 ], [ -71.798075000037159, 41.946548000515406 ], [ -71.798089000037123, 41.947056000514635 ], [ -71.798126000037087, 41.948858000511848 ], [ -71.798055000037209, 41.948902000511794 ], [ -71.798058000037202, 41.951465000507824 ], [ -71.798068000037176, 41.953730000504265 ], [ -71.798099000037098, 41.953814000504167 ], [ -71.798168000036981, 41.953864000504097 ], [ -71.798188000036987, 41.95387500050407 ], [ -71.798200000036957, 41.955356000501752 ], [ -71.798222000036901, 41.955848000501021 ], [ -71.798251000036885, 41.956518000499955 ], [ -71.798298000036823, 41.957620000498252 ], [ -71.79829900003682, 41.958741000496502 ], [ -71.798302000036813, 41.960543000493715 ], [ -71.798302000036813, 41.960580000493678 ], [ -71.79830300003681, 41.96097200049303 ], [ -71.798305000036805, 41.96102200049296 ], [ -71.798317000036775, 41.961212000492651 ], [ -71.798313000036785, 41.961238000492642 ], [ -71.798328000036747, 41.96164200049202 ], [ -71.798328000036747, 41.961657000491982 ], [ -71.798329000036745, 41.961676000491934 ], [ -71.798342000036712, 41.96200300049145 ], [ -71.798359000036726, 41.962438000490749 ], [ -71.798379000036675, 41.962946000489978 ], [ -71.798410000036654, 41.963711000488786 ], [ -71.798545000036427, 41.970266000478603 ], [ -71.798548000036419, 41.970395000478391 ], [ -71.798549000036417, 41.970427000478367 ], [ -71.798579000036341, 41.971900000476069 ], [ -71.798646000036285, 41.97686700046836 ], [ -71.798646000036285, 41.976912000468303 ], [ -71.798646000036285, 41.976969000468216 ], [ -71.798692000036169, 41.980313000463013 ], [ -71.798736000036115, 41.982989000458872 ], [ -71.798763000036104, 41.985091000455611 ], [ -71.798763000036104, 41.985122000455533 ], [ -71.798763000036104, 41.985147000455527 ], [ -71.798815000036029, 41.989097000449362 ], [ -71.798996000035743, 41.99588300043888 ], [ -71.799108000035574, 42.000097000432334 ], [ -71.799192000035418, 42.004051000426159 ], [ -71.799193000035416, 42.004145000426035 ], [ -71.799195000035411, 42.004218000425908 ], [ -71.799188000035429, 42.008053000419977 ], [ -71.790239000049326, 42.008514000419268 ], [ -71.787824000053035, 42.008638000419069 ], [ -71.78729100005387, 42.008667000418995 ], [ -71.787128000054167, 42.008674000418978 ], [ -71.783771000059346, 42.008847000418712 ], [ -71.783159000060323, 42.00887800041869 ], [ -71.782848000060767, 42.00889400041865 ], [ -71.780163000064931, 42.009032000418472 ], [ -71.777942000068379, 42.009148000418293 ], [ -71.771648000078187, 42.009471000417761 ], [ -71.771427000078518, 42.009481000417736 ], [ -71.771264000078759, 42.009485000417726 ], [ -71.769379000081699, 42.009528000417674 ], [ -71.769248000081916, 42.009531000417667 ], [ -71.768897000082461, 42.009539000417647 ], [ -71.768516000083025, 42.009548000417624 ], [ -71.766817000085666, 42.009587000417582 ], [ -71.766453000086244, 42.009595000417562 ], [ -71.766345000086403, 42.009598000417554 ], [ -71.766243000086547, 42.009600000417549 ], [ -71.766080000086788, 42.009601000417547 ], [ -71.765760000087312, 42.009611000417522 ], [ -71.765713000087374, 42.009611000417522 ], [ -71.755846000102679, 42.009838000417176 ], [ -71.755106000103865, 42.009857000417185 ], [ -71.752087000108531, 42.009924000417072 ], [ -71.751923000108775, 42.009928000417062 ], [ -71.751700000109111, 42.009932000417052 ], [ -71.750341000111234, 42.009964000416971 ], [ -71.750278000111336, 42.009966000417023 ], [ -71.749570000112442, 42.009981000416985 ], [ -71.74754300011557, 42.010028000416924 ], [ -71.741273000125318, 42.010171000416676 ], [ -71.740938000125823, 42.010177000416661 ], [ -71.74088100012591, 42.010179000416656 ], [ -71.739039000128798, 42.010222000416604 ], [ -71.735757000133901, 42.010296000416474 ], [ -71.734064000136527, 42.010334000416435 ], [ -71.727535000146645, 42.010483000416173 ], [ -71.725050000150475, 42.010539000416088 ], [ -71.724934000150654, 42.010542000416081 ], [ -71.720910000156948, 42.010633000415964 ], [ -71.717304000162528, 42.010715000415814 ], [ -71.715625000165119, 42.010752000415778 ], [ -71.713704000168093, 42.010785000415751 ], [ -71.713580000168292, 42.010795000415726 ], [ -71.713558000168348, 42.010796000415723 ], [ -71.711052000172231, 42.010855000415631 ], [ -71.710478000173111, 42.010867000415601 ], [ -71.710119000173677, 42.010876000415578 ], [ -71.709756000174252, 42.010884000415558 ], [ -71.709275000175012, 42.01089500041553 ], [ -71.709165000175176, 42.010898000415523 ], [ -71.706284000179608, 42.010962000415475 ], [ -71.705592000180729, 42.010978000415435 ], [ -71.705374000181052, 42.010983000415422 ], [ -71.705340000181081, 42.010983000415422 ], [ -71.704955000181712, 42.010992000415399 ], [ -71.704918000181749, 42.010994000415394 ], [ -71.702378000185718, 42.01105000041531 ], [ -71.702161000186038, 42.011055000415297 ], [ -71.700633000188418, 42.011089000415268 ], [ -71.69988800018956, 42.011106000415225 ], [ -71.698719000191375, 42.011132000415159 ], [ -71.698585000191599, 42.011135000415209 ], [ -71.684843000212936, 42.01144100041472 ], [ -71.682739000216202, 42.011488000414658 ], [ -71.682432000216636, 42.011495000414641 ], [ -71.682217000217008, 42.011500000414628 ], [ -71.681005000218875, 42.01152700041456 ], [ -71.680871000219099, 42.011530000414552 ], [ -71.680521000219642, 42.011537000414535 ], [ -71.678132000223343, 42.011595000414445 ], [ -71.678019000223514, 42.011598000414438 ], [ -71.675399000227571, 42.011660000414338 ], [ -71.674893000228337, 42.011672000414364 ], [ -71.674771000228532, 42.011672000414364 ], [ -71.674437000229034, 42.011682000414339 ], [ -71.670552000235091, 42.011775000414161 ], [ -71.669997000235981, 42.011788000414185 ], [ -71.668964000237565, 42.011812000414125 ], [ -71.667111000240425, 42.01185600041407 ], [ -71.666773000240937, 42.011863000414053 ], [ -71.666360000241582, 42.011874000414025 ], [ -71.663727000245672, 42.011937000413923 ], [ -71.663482000246063, 42.011941000413913 ], [ -71.661686000248835, 42.011985000413858 ], [ -71.661600000248995, 42.011987000413853 ], [ -71.654384000260166, 42.012158000413592 ], [ -71.652863000262528, 42.012194000413558 ], [ -71.652566000262993, 42.01220100041354 ], [ -71.649631000267561, 42.012271000413421 ], [ -71.649516000267738, 42.012274000413413 ], [ -71.645330000274214, 42.012372000413279 ], [ -71.641632000279969, 42.012461000413111 ], [ -71.639881000282685, 42.012502000413065 ], [ -71.63667200028766, 42.01257800041293 ], [ -71.635754000289126, 42.012600000412931 ], [ -71.63411200029168, 42.012639000412833 ], [ -71.633404000292728, 42.012661000412834 ], [ -71.626550000303382, 42.012816000412556 ], [ -71.626140000304019, 42.012825000412533 ], [ -71.62605800030417, 42.012828000412526 ], [ -71.62597700030426, 42.012828000412526 ], [ -71.623569000308009, 42.012886000412436 ], [ -71.623355000308379, 42.01289100041248 ], [ -71.622585000309527, 42.012909000412435 ], [ -71.622450000309755, 42.012912000412427 ], [ -71.618080000316525, 42.013014000412284 ], [ -71.617680000317137, 42.013024000412258 ], [ -71.617554000317341, 42.013027000412251 ], [ -71.614552000322021, 42.013099000412126 ], [ -71.608100000332001, 42.01324800041192 ], [ -71.607850000332405, 42.013254000411905 ], [ -71.60673100033415, 42.013280000411839 ], [ -71.606369000334723, 42.013288000411819 ], [ -71.606239000334938, 42.013292000411809 ], [ -71.605888000335483, 42.013299000411848 ], [ -71.602736000340371, 42.013373000411718 ], [ -71.597540000348431, 42.013495000411524 ], [ -71.597206000348933, 42.013503000411504 ], [ -71.594498000353155, 42.013566000411402 ], [ -71.594332000353404, 42.013568000411396 ], [ -71.594116000353722, 42.013575000411379 ], [ -71.591389000357992, 42.013639000411274 ], [ -71.591100000358438, 42.013646000411256 ], [ -71.59077800035891, 42.013653000411296 ], [ -71.587254000364396, 42.013734000411148 ], [ -71.586988000364784, 42.01374100041113 ], [ -71.586861000364991, 42.013743000411125 ], [ -71.585356000367312, 42.013778000411094 ], [ -71.584685000368381, 42.013794000411053 ], [ -71.584608000368519, 42.013796000411048 ], [ -71.583019000370939, 42.013833000411012 ], [ -71.581528000373282, 42.013867000410926 ], [ -71.580625000374653, 42.01388800041093 ], [ -71.580471000374928, 42.013889000410927 ], [ -71.578450000378041, 42.013938000410803 ], [ -71.577457000379582, 42.013961000410802 ], [ -71.576892000380496, 42.013974000410769 ], [ -71.576816000380575, 42.013975000410767 ], [ -71.576619000380902, 42.013980000410754 ], [ -71.576188000381592, 42.013990000410729 ], [ -71.575887000382011, 42.014007000410743 ], [ -71.574761000383774, 42.01403200041068 ], [ -71.573399000385905, 42.014061000410663 ], [ -71.573055000386432, 42.014071000410638 ], [ -71.572386000387439, 42.014073000410633 ], [ -71.571897000388219, 42.014088000410595 ], [ -71.571346000389099, 42.014101000410562 ], [ -71.570986000389667, 42.014109000410542 ], [ -71.570322000390661, 42.014124000410561 ], [ -71.567578000394917, 42.014187000410459 ], [ -71.566681000396329, 42.014208000410406 ], [ -71.566274000396959, 42.014218000410381 ], [ -71.565485000398155, 42.014235000410395 ], [ -71.563899000400625, 42.014272000410301 ], [ -71.56380300040081, 42.014274000410296 ], [ -71.563755000400874, 42.014275000410294 ], [ -71.563721000400903, 42.014275000410294 ], [ -71.563665000400988, 42.014276000410291 ], [ -71.563447000401368, 42.014282000410276 ], [ -71.563115000401865, 42.014288000410261 ], [ -71.562607000402636, 42.014301000410285 ], [ -71.560060000406622, 42.014359000410195 ], [ -71.559985000406698, 42.01436100041019 ], [ -71.558748000408627, 42.014388000410122 ], [ -71.553618000416577, 42.01450500040994 ], [ -71.553526000416753, 42.014508000409933 ], [ -71.553440000416856, 42.014510000409928 ], [ -71.553370000416976, 42.014512000409923 ], [ -71.55325600041715, 42.014514000409918 ], [ -71.551527000419867, 42.014554000409873 ], [ -71.548940000423841, 42.014613000409781 ], [ -71.547705000425765, 42.014641000409711 ], [ -71.547534000426026, 42.014645000409757 ], [ -71.545678000428893, 42.014687000409651 ], [ -71.545196000429655, 42.014698000409624 ], [ -71.544901000430116, 42.014705000409663 ], [ -71.544486000430766, 42.01471400040964 ], [ -71.543751000431939, 42.014731000409597 ], [ -71.54365800043206, 42.014733000409592 ], [ -71.543575000432213, 42.014735000409587 ], [ -71.543389000432455, 42.014739000409577 ], [ -71.542969000433118, 42.014749000409552 ], [ -71.542780000433424, 42.014753000409542 ], [ -71.542512000433817, 42.014759000409583 ], [ -71.540592000436789, 42.014802000409475 ], [ -71.538545000439967, 42.014849000409413 ], [ -71.537877000441028, 42.014864000409375 ], [ -71.537547000441521, 42.014872000409355 ], [ -71.537507000441622, 42.014873000409352 ], [ -71.536377000443338, 42.014898000409346 ], [ -71.53630600044346, 42.014898000409346 ], [ -71.535477000444757, 42.014918000409295 ], [ -71.535261000445075, 42.014923000409283 ], [ -71.535220000445179, 42.01492400040928 ], [ -71.534448000446332, 42.014942000409292 ], [ -71.53367300044755, 42.014959000409249 ], [ -71.532800000448901, 42.014979000409198 ], [ -71.532699000449043, 42.014981000409193 ], [ -71.531955000450239, 42.014998000409207 ], [ -71.529770000453595, 42.015047000409083 ], [ -71.529125000454599, 42.0150630004091 ], [ -71.529017000454758, 42.015064000409097 ], [ -71.52893000045492, 42.015066000409092 ], [ -71.528720000455223, 42.01507100040908 ], [ -71.528665000455305, 42.015072000409077 ], [ -71.527702000456827, 42.015095000409019 ], [ -71.527576000457032, 42.015099000409009 ], [ -71.52742600045724, 42.015110000409038 ], [ -71.527262000457483, 42.015122000409008 ], [ -71.527180000457633, 42.015128000408993 ], [ -71.526965000457949, 42.015144000408952 ], [ -71.526533000458642, 42.015176000408928 ], [ -71.5246410004616, 42.015316000408689 ], [ -71.523255000463735, 42.015419000408542 ], [ -71.521714000466091, 42.015533000408368 ], [ -71.521404000466589, 42.015557000408307 ], [ -71.520776000467549, 42.015603000408248 ], [ -71.520734000467655, 42.015605000408243 ], [ -71.52041100046813, 42.015631000408177 ], [ -71.519774000469113, 42.015680000408111 ], [ -71.519188000470024, 42.015721000408064 ], [ -71.51880900047064, 42.015747000407998 ], [ -71.517175000473173, 42.015870000407858 ], [ -71.5170800004733, 42.015877000407841 ], [ -71.516614000474021, 42.015912000407752 ], [ -71.516379000474387, 42.015929000407766 ], [ -71.51443900047741, 42.016073000407516 ], [ -71.51416800047781, 42.016093000407466 ], [ -71.511715000481615, 42.016275000407177 ], [ -71.511633000481766, 42.016280000407221 ], [ -71.511446000482067, 42.016295000407183 ], [ -71.510416000483644, 42.016372000407046 ], [ -71.507155000488694, 42.016613000406664 ], [ -71.506859000489158, 42.016635000406666 ], [ -71.506616000489544, 42.01665300040662 ], [ -71.506428000489848, 42.016667000406585 ], [ -71.506306000490042, 42.016676000406562 ], [ -71.506017000490488, 42.016698000406564 ], [ -71.505906000490654, 42.016702000406553 ], [ -71.505787000490841, 42.016707000406541 ], [ -71.505728000490933, 42.016712000406528 ], [ -71.505263000491652, 42.016748000406494 ], [ -71.504413000492946, 42.016813000406387 ], [ -71.503128000494939, 42.016912000406194 ], [ -71.502452000496021, 42.016962000406124 ], [ -71.502054000496628, 42.016991000406108 ], [ -71.501996000496717, 42.016995000406098 ], [ -71.500928000498391, 42.017075000405953 ], [ -71.499858000500069, 42.01715400040581 ], [ -71.499766000500188, 42.017161000405849 ], [ -71.499734000500212, 42.017163000405844 ], [ -71.499244000500994, 42.017199000405753 ], [ -71.499135000501155, 42.017207000405733 ], [ -71.499065000501275, 42.017213000405775 ], [ -71.498259000502514, 42.017272000405683 ], [ -71.498164000502697, 42.017274000405678 ], [ -71.498055000502859, 42.017275000405675 ], [ -71.497677000503415, 42.01728100040566 ], [ -71.496186000505759, 42.017302000405607 ], [ -71.495296000507096, 42.017315000405574 ], [ -71.494428000508492, 42.017328000405541 ], [ -71.493570000509806, 42.017340000405568 ], [ -71.492671000511223, 42.017353000405535 ], [ -71.492424000511562, 42.017357000405525 ], [ -71.491783000512555, 42.017366000405502 ], [ -71.491612000512816, 42.017368000405497 ], [ -71.491471000513059, 42.017370000405492 ], [ -71.491324000513316, 42.017373000405485 ], [ -71.489389000516269, 42.017401000405471 ], [ -71.486652000520564, 42.01744100040537 ], [ -71.485486999480656, 42.017459000405381 ], [ -71.485367999480843, 42.017459000405381 ], [ -71.484840999481662, 42.017466000405364 ], [ -71.483783999483308, 42.017481000405326 ], [ -71.482742999484969, 42.017496000405288 ], [ -71.482268999485655, 42.017504000405268 ], [ -71.481970999486123, 42.017508000405314 ], [ -71.481928999486229, 42.017517000405292 ], [ -71.479228999490374, 42.017549000405211 ], [ -71.473123999499876, 42.017621000405086 ], [ -71.465466999511762, 42.01770800040498 ], [ -71.463455999514906, 42.017732000404919 ], [ -71.458103999523189, 42.017798000404866 ], [ -71.454034999529483, 42.01784800040474 ], [ -71.452834999531376, 42.017863000404759 ], [ -71.452734999531515, 42.017864000404757 ], [ -71.45023999953537, 42.017895000404678 ], [ -71.450002999535741, 42.017898000404671 ], [ -71.44717599954015, 42.017899000404668 ], [ -71.446799999540758, 42.017899000404668 ], [ -71.441554999548885, 42.018086000404367 ], [ -71.441510999548939, 42.018092000404408 ], [ -71.441297999549249, 42.018098000404393 ], [ -71.439343999552307, 42.01811900040434 ], [ -71.439261999552457, 42.018120000404338 ], [ -71.43917999955255, 42.018121000404335 ], [ -71.439152999552618, 42.018121000404335 ], [ -71.439046999552772, 42.018122000404333 ], [ -71.438940999552926, 42.01812300040433 ], [ -71.437737999554827, 42.018140000404287 ], [ -71.437518999555152, 42.018138000404292 ], [ -71.433510999561349, 42.018182000404238 ], [ -71.42994299956689, 42.018220000404199 ], [ -71.427623999570471, 42.018245000404136 ], [ -71.424636999575114, 42.018277000404112 ], [ -71.424406999575467, 42.018280000404104 ], [ -71.424088999575986, 42.018283000404097 ], [ -71.422973999577721, 42.018294000404069 ], [ -71.422774999578053, 42.018296000404064 ], [ -71.422480999578454, 42.018298000404059 ], [ -71.421993999579229, 42.018299000404056 ], [ -71.420600999581382, 42.018354000403974 ], [ -71.419857999582575, 42.018385000403953 ], [ -71.419502999583131, 42.01839800040392 ], [ -71.419230999583533, 42.018405000403902 ], [ -71.419058999583797, 42.01841000040389 ], [ -71.418323999584914, 42.018431000403837 ], [ -71.418271999584988, 42.018432000403834 ], [ -71.416975999587009, 42.0184680004038 ], [ -71.415707999589017, 42.018498000403724 ], [ -71.415623999589116, 42.018498000403724 ], [ -71.41431499959117, 42.018498000403724 ], [ -71.414259999591252, 42.018499000403779 ], [ -71.412367999594153, 42.018525000403713 ], [ -71.410660999596814, 42.018549000403652 ], [ -71.403046999608648, 42.018654000403501 ], [ -71.403024999608704, 42.018654000403501 ], [ -71.399914999613486, 42.018698000403447 ], [ -71.396577999618671, 42.018748000403377 ], [ -71.395118999620934, 42.018765000403334 ], [ -71.395053999621041, 42.018766000403332 ], [ -71.39272399962465, 42.018775000403309 ], [ -71.391732999626186, 42.018789000403274 ], [ -71.390747999627763, 42.018798000403308 ], [ -71.389586999629557, 42.018796000403313 ], [ -71.387408999632896, 42.018791000403326 ], [ -71.387300999633112, 42.018798000403308 ], [ -71.385202999636363, 42.018798000403308 ], [ -71.385018999636657, 42.018798000403308 ], [ -71.384798999636985, 42.01879700040331 ], [ -71.384122999638009, 42.018799000403305 ], [ -71.383911999638372, 42.018799000403305 ], [ -71.383715999638639, 42.018799000403305 ], [ -71.383340999639245, 42.018799000403305 ], [ -71.381400999642267, 42.018798000403308 ], [ -71.381502999642066, 42.010240000416559 ], [ -71.381500999642071, 42.006682000422074 ], [ -71.381498999642076, 42.001754000429742 ], [ -71.381499999642074, 42.000710000431354 ], [ -71.381504999642061, 42.000021000432412 ], [ -71.381486999642107, 41.999193000433706 ], [ -71.381478999642127, 41.998733000434413 ], [ -71.381400999642267, 41.994098000441625 ], [ -71.381377999642268, 41.992025000444869 ], [ -71.381357999642319, 41.990204000447648 ], [ -71.381298999642411, 41.985084000455629 ], [ -71.381363999642303, 41.98444400045662 ], [ -71.381364999642301, 41.982778000459177 ], [ -71.381360999642311, 41.982673000459386 ], [ -71.381368999642291, 41.980933000462073 ], [ -71.381368999642291, 41.980231000463164 ], [ -71.381371999642283, 41.977283000467708 ], [ -71.381371999642283, 41.97719600046787 ], [ -71.381372999642281, 41.97639000046911 ], [ -71.381372999642281, 41.976137000469521 ], [ -71.381373999642278, 41.975739000470128 ], [ -71.381373999642278, 41.97567200047024 ], [ -71.381376999642271, 41.972688000474875 ], [ -71.381377999642268, 41.972650000474914 ], [ -71.381379999642263, 41.972605000474971 ], [ -71.381377999642268, 41.972215000475614 ], [ -71.381377999642268, 41.971399000476879 ], [ -71.381382999642256, 41.966977000483723 ], [ -71.381382999642256, 41.966752000484064 ], [ -71.381383999642253, 41.966658000484244 ], [ -71.381383999642253, 41.966582000484323 ], [ -71.38138499964225, 41.965596000485846 ], [ -71.38138499964225, 41.965207000486487 ], [ -71.38138499964225, 41.965104000486633 ], [ -71.381382999642256, 41.964590000487419 ], [ -71.381387999642243, 41.962994000489914 ], [ -71.381387999642243, 41.962956000489953 ], [ -71.38139299964223, 41.958689000496577 ], [ -71.38139299964223, 41.957419000498533 ], [ -71.381393999642285, 41.956429000500123 ], [ -71.381394999642282, 41.955704000501214 ], [ -71.381397999642274, 41.954883000502491 ], [ -71.381397999642274, 41.953156000505203 ], [ -71.381397999642274, 41.952862000505604 ], [ -71.381399999642269, 41.951747000507339 ], [ -71.381398999642272, 41.951662000507497 ], [ -71.381399999642269, 41.951215000508171 ], [ -71.381400999642267, 41.950980000508537 ], [ -71.381401999642264, 41.94947300051092 ], [ -71.381402999642262, 41.948927000511731 ], [ -71.381399999642269, 41.94768200051368 ], [ -71.381406999642252, 41.944818000518126 ], [ -71.381407999642249, 41.943627000519939 ], [ -71.381412999642237, 41.939693999484405 ], [ -71.381412999642237, 41.939528999484651 ], [ -71.381415999642229, 41.939027999485461 ], [ -71.381414999642232, 41.937225999488248 ], [ -71.381416999642227, 41.937079999488446 ], [ -71.381424999642206, 41.929827999499707 ], [ -71.381423999642209, 41.928939999501097 ], [ -71.381424999642206, 41.928451999501874 ], [ -71.381425999642204, 41.927631999503149 ], [ -71.381425999642204, 41.927407999503487 ], [ -71.381425999642204, 41.927219999503791 ], [ -71.381426999642201, 41.926783999504437 ], [ -71.381426999642201, 41.926500999504867 ], [ -71.381429999642194, 41.923634999509318 ], [ -71.381421999642214, 41.923154999510075 ], [ -71.381430999642191, 41.92300899951033 ], [ -71.381430999642191, 41.922835999510596 ], [ -71.381432999642186, 41.922559999511009 ], [ -71.381432999642186, 41.922334999511349 ], [ -71.381431999642189, 41.921980999511902 ], [ -71.381431999642189, 41.921685999512363 ], [ -71.381432999642186, 41.921471999512676 ], [ -71.381431999642189, 41.92136599951283 ], [ -71.381432999642186, 41.921300999512937 ], [ -71.381432999642186, 41.921232999513052 ], [ -71.381432999642186, 41.921148999513207 ], [ -71.381433999642184, 41.920604999514012 ], [ -71.381433999642184, 41.920218999514645 ], [ -71.381433999642184, 41.92016699951472 ], [ -71.381433999642184, 41.920010999514943 ], [ -71.381433999642184, 41.919948999515043 ], [ -71.381431999642189, 41.919856999515218 ], [ -71.381433999642184, 41.919724999515381 ], [ -71.381432999642186, 41.91960499951557 ], [ -71.381434999642181, 41.918885999516704 ], [ -71.381434999642181, 41.918700999517 ], [ -71.381437999642174, 41.916694999520132 ], [ -71.381437999642174, 41.916298999520734 ], [ -71.381437999642174, 41.916255999520786 ], [ -71.381437999642174, 41.916118999521018 ], [ -71.381438999642171, 41.916054999521123 ], [ -71.381438999642171, 41.915471999522026 ], [ -71.381438999642171, 41.915286999522266 ], [ -71.381439999642168, 41.914998999522709 ], [ -71.381438999642171, 41.914815999523 ], [ -71.381439999642168, 41.914744999523123 ], [ -71.381440999642166, 41.914150999524054 ], [ -71.381440999642166, 41.913959999524366 ], [ -71.381440999642166, 41.913292999525368 ], [ -71.381441999642163, 41.912994999525836 ], [ -71.381439999642168, 41.912902999526011 ], [ -71.381441999642163, 41.912456999526682 ], [ -71.381442999642161, 41.912236999527011 ], [ -71.381443999642158, 41.912211999527074 ], [ -71.381442999642161, 41.911650999527922 ], [ -71.381442999642161, 41.911456999528241 ], [ -71.381444999642156, 41.910496999529698 ], [ -71.381445999642153, 41.910205999530149 ], [ -71.381447999642148, 41.907747999533967 ], [ -71.381445999642153, 41.907686999534064 ], [ -71.381448999642146, 41.906795999535461 ], [ -71.381448999642146, 41.906073999536602 ], [ -71.381449999642143, 41.905251999537882 ], [ -71.381449999642143, 41.905021999538235 ], [ -71.381450999642141, 41.904844999538511 ], [ -71.381450999642141, 41.904681999538752 ], [ -71.381450999642141, 41.904483999539082 ], [ -71.381451999642138, 41.903707999540245 ], [ -71.381451999642138, 41.903597999540409 ], [ -71.38145399964219, 41.901920999543051 ], [ -71.381454999642187, 41.900275999545613 ], [ -71.381455999642185, 41.899987999546056 ], [ -71.381455999642185, 41.899766999546387 ], [ -71.381456999642182, 41.899422999546914 ], [ -71.381455999642185, 41.898878999547776 ], [ -71.38145799964218, 41.898553999548255 ], [ -71.381458999642177, 41.897358999550136 ], [ -71.381458999642177, 41.896755999551033 ], [ -71.381459999642175, 41.896338999551688 ], [ -71.381459999642175, 41.896095999552074 ], [ -71.381460999642172, 41.89585299955246 ], [ -71.381460999642172, 41.895670999552749 ], [ -71.381460999642172, 41.895054999553679 ], [ -71.38146199964217, 41.89468199955428 ], [ -71.38146199964217, 41.894566999554456 ], [ -71.38146199964217, 41.894087999555211 ], [ -71.381462999642167, 41.893916999555472 ], [ -71.381462999642167, 41.893730999555771 ], [ -71.381462999642167, 41.893545999556011 ], [ -71.381340999642362, 41.893559999556032 ], [ -71.38127299964242, 41.893567999556012 ], [ -71.38119499964256, 41.893577999555987 ], [ -71.38112499964268, 41.893583999555972 ], [ -71.378442999646836, 41.893907999555495 ], [ -71.377598999648171, 41.894002999555312 ], [ -71.376762999649429, 41.894101999555176 ], [ -71.376368999650083, 41.894150999555109 ], [ -71.376090999650501, 41.89418199955503 ], [ -71.37493599965228, 41.894318999554855 ], [ -71.374812999652477, 41.89433299955482 ], [ -71.37408999965362, 41.894418999554659 ], [ -71.37389699965388, 41.894441999554658 ], [ -71.373855999653983, 41.894446999554646 ], [ -71.373797999654073, 41.894453999554628 ], [ -71.373767999654092, 41.89445699955462 ], [ -71.373680999654255, 41.894466999554595 ], [ -71.371089999658238, 41.894772999554107 ], [ -71.366238999665768, 41.895347999553223 ], [ -71.366112999665972, 41.895362999553242 ], [ -71.365855999666394, 41.895392999553167 ], [ -71.365736999666581, 41.895406999553131 ], [ -71.365456999667003, 41.895440999553102 ], [ -71.365040999667656, 41.895489999553035 ], [ -71.364810999668009, 41.895516999552967 ], [ -71.364570999668388, 41.895544999552953 ], [ -71.363933999669371, 41.895620999552818 ], [ -71.362586999671464, 41.895779999552587 ], [ -71.362484999671608, 41.895791999552557 ], [ -71.361664999672882, 41.895888999552426 ], [ -71.360936999673982, 41.895973999552268 ], [ -71.359540999676199, 41.896138999552022 ], [ -71.359048999676929, 41.896196999551933 ], [ -71.358694999677482, 41.896239999551881 ], [ -71.357754999678946, 41.89634999955166 ], [ -71.356756999680499, 41.896467999551476 ], [ -71.356066999681559, 41.896549999551382 ], [ -71.355580999682331, 41.896606999551295 ], [ -71.35505799968314, 41.896668999551196 ], [ -71.354557999683891, 41.896727999551103 ], [ -71.354192999684471, 41.896770999551052 ], [ -71.3533289996858, 41.896873999550849 ], [ -71.352939999686441, 41.896919999550789 ], [ -71.352554999687015, 41.896964999550733 ], [ -71.351334999688902, 41.89710999955048 ], [ -71.351296999688998, 41.89711399955047 ], [ -71.350382999690396, 41.897222999550308 ], [ -71.349435999691877, 41.897333999550142 ], [ -71.349079999692435, 41.897375999550093 ], [ -71.348564999693224, 41.897433999550003 ], [ -71.348503999693321, 41.897443999549978 ], [ -71.347848999694349, 41.897521999549838 ], [ -71.347608999694671, 41.897549999549824 ], [ -71.346808999695952, 41.897644999549698 ], [ -71.346498999696394, 41.897680999549607 ], [ -71.345933999697309, 41.89774999954949 ], [ -71.344104999700164, 41.897963999549177 ], [ -71.343863999700488, 41.89799299954916 ], [ -71.341315999704477, 41.898293999548684 ], [ -71.340470999705758, 41.898391999548494 ], [ -71.339787999706857, 41.898473999548401 ], [ -71.339689999706991, 41.898486999548368 ], [ -71.339604999707149, 41.898495999548345 ], [ -71.339037999708012, 41.898562999548233 ], [ -71.338786999708418, 41.898592999548214 ], [ -71.339255999707689, 41.894839999554051 ], [ -71.339285999707613, 41.894608999554407 ], [ -71.339291999707598, 41.894573999554439 ], [ -71.33929499970759, 41.894537999554473 ], [ -71.339299999707578, 41.894498999554571 ], [ -71.33930699970756, 41.894438999554666 ], [ -71.339323999707574, 41.894310999554875 ], [ -71.339427999707368, 41.893474999556133 ], [ -71.339504999707287, 41.892863999557107 ], [ -71.339516999707257, 41.892769999557231 ], [ -71.339521999707245, 41.892721999557295 ], [ -71.339526999707232, 41.892684999557389 ], [ -71.339533999707214, 41.892626999557478 ], [ -71.339538999707202, 41.89257999955754 ], [ -71.339722999706964, 41.891119999559805 ], [ -71.339766999706853, 41.890793999560287 ], [ -71.339785999706862, 41.890618999560559 ], [ -71.339798999706829, 41.890524999560739 ], [ -71.339822999706769, 41.890320999561027 ], [ -71.339849999706757, 41.890129999561339 ], [ -71.340203999706205, 41.887284999565736 ], [ -71.340268999706097, 41.88676399956654 ], [ -71.340347999705955, 41.886132999567565 ], [ -71.340675999705468, 41.883511999571624 ], [ -71.340751999705333, 41.882903999572534 ], [ -71.340849999705199, 41.882126999573757 ], [ -71.340889999705155, 41.881803999574288 ], [ -71.340795999705279, 41.88153999957467 ], [ -71.340625999705537, 41.881061999575422 ], [ -71.340472999705753, 41.880698999575998 ], [ -71.340163999706249, 41.879768999577436 ], [ -71.340053999706413, 41.879460999577873 ], [ -71.339959999706593, 41.879212999578272 ], [ -71.339829999706751, 41.878831999578892 ], [ -71.339738999706924, 41.878575999579255 ], [ -71.339336999707541, 41.877451999581012 ], [ -71.338859999708291, 41.876111999583088 ], [ -71.338467999708882, 41.87501399958478 ], [ -71.337817999709898, 41.873170999587671 ], [ -71.337446999710494, 41.872151999589221 ], [ -71.337399999710556, 41.872018999589443 ], [ -71.336740999711594, 41.870172999592342 ], [ -71.336086999712563, 41.86833999959515 ], [ -71.336081999712576, 41.868327999595181 ], [ -71.336076999712589, 41.868313999595216 ], [ -71.335989999712751, 41.868069999595605 ], [ -71.335314999713773, 41.866175999598511 ], [ -71.334643999714842, 41.864301999601423 ], [ -71.334608999714874, 41.864196999601575 ], [ -71.334294999715382, 41.863317999602941 ], [ -71.334096999715655, 41.862799999603737 ], [ -71.334079999715698, 41.862715999603893 ], [ -71.334039999715742, 41.862603999604062 ], [ -71.334052999715766, 41.862577999604127 ], [ -71.334254999715426, 41.862150999604751 ], [ -71.334301999715365, 41.862053999604939 ], [ -71.33465299971482, 41.861313999606068 ], [ -71.334985999714263, 41.860609999607163 ], [ -71.336742999711589, 41.856903999612939 ], [ -71.337264999710726, 41.855804999614634 ], [ -71.337366999710582, 41.855586999614957 ], [ -71.33740999971053, 41.85549699961507 ], [ -71.33749199971038, 41.855323999615337 ], [ -71.337567999710302, 41.855162999615629 ], [ -71.337709999710057, 41.854860999616108 ], [ -71.337725999710017, 41.854821999616149 ], [ -71.33778299970993, 41.854709999616318 ], [ -71.33838699970903, 41.853436999618282 ], [ -71.339167999707797, 41.851789999620848 ], [ -71.339288999707605, 41.851534999621265 ], [ -71.340384999705918, 41.849222999624828 ], [ -71.340722999705406, 41.848509999625946 ], [ -71.341381999704367, 41.847119999628092 ], [ -71.341693999703864, 41.846461999629128 ], [ -71.341937999703475, 41.845946999629916 ], [ -71.342205999703083, 41.845382999630772 ], [ -71.342311999702929, 41.845158999631167 ], [ -71.342549999702555, 41.844655999631925 ], [ -71.342225999703032, 41.844247999632557 ], [ -71.341930999703493, 41.843873999633161 ], [ -71.341689999703874, 41.843569999633587 ], [ -71.341333999704432, 41.843119999634325 ], [ -71.341014999704953, 41.842725999634922 ], [ -71.341001999704929, 41.842700999634985 ], [ -71.340942999705021, 41.842626999635058 ], [ -71.340802999705261, 41.842449999635335 ], [ -71.34062899970553, 41.84223099963566 ], [ -71.340494999705754, 41.842096999635885 ], [ -71.340322999706018, 41.84187799963621 ], [ -71.340250999706143, 41.841785999636386 ], [ -71.339968999706571, 41.841427999636949 ], [ -71.33993099970661, 41.841379999637013 ], [ -71.339892999706649, 41.84133099963708 ], [ -71.337452999710479, 41.838230999641894 ], [ -71.337298999710697, 41.838022999642192 ], [ -71.337031999711087, 41.837674999642786 ], [ -71.33686699971139, 41.837476999643059 ], [ -71.336437999712018, 41.836939999643903 ], [ -71.33541699971363, 41.835644999645922 ], [ -71.33707699971103, 41.834292999648028 ], [ -71.337320999710641, 41.834092999648306 ], [ -71.337405999710541, 41.83402499964842 ], [ -71.337669999710101, 41.833809999648736 ], [ -71.337737999710043, 41.833754999648818 ], [ -71.337854999709862, 41.833657999649006 ], [ -71.337993999709624, 41.833545999649175 ], [ -71.338419999708947, 41.83319899964971 ], [ -71.339937999706592, 41.831961999651639 ], [ -71.340147999706289, 41.831790999651901 ], [ -71.34041199970585, 41.831573999652221 ], [ -71.340775999705329, 41.831279999652679 ], [ -71.341345999704401, 41.830814999653398 ], [ -71.342077999703292, 41.830217999654337 ], [ -71.34257599970249, 41.829812999654962 ], [ -71.342707999702327, 41.829704999655121 ], [ -71.342931999701932, 41.829523999655407 ], [ -71.342947999701948, 41.82951099965544 ], [ -71.34325399970146, 41.829258999655849 ], [ -71.344301999699837, 41.828406999657147 ], [ -71.344779999699085, 41.828016999657734 ], [ -71.344930999698875, 41.827896999657924 ], [ -71.345197999698428, 41.827675999658254 ], [ -71.345786999697509, 41.826564999659979 ], [ -71.345938999697296, 41.826276999660479 ], [ -71.345981999697244, 41.82619599966057 ], [ -71.346094999697073, 41.825983999660878 ], [ -71.346314999696688, 41.82556799966153 ], [ -71.346442999696535, 41.825325999661914 ], [ -71.347210999695335, 41.823875999664153 ], [ -71.34727899969522, 41.823747999664363 ], [ -71.347544999694776, 41.823245999665176 ], [ -71.3474959996949, 41.823157999665284 ], [ -71.347370999695045, 41.822931999665627 ], [ -71.343088999701706, 41.815260999677548 ], [ -71.341592999704062, 41.812578999681705 ], [ -71.341514999704145, 41.812444999681929 ], [ -71.341233999704571, 41.811934999682705 ], [ -71.34068299970545, 41.810947999684231 ], [ -71.340634999705514, 41.810860999684394 ], [ -71.340404999705868, 41.810441999685054 ], [ -71.340291999706039, 41.810236999685344 ], [ -71.340166999706241, 41.810023999685654 ], [ -71.339668999707044, 41.809129999687059 ], [ -71.339541999707194, 41.808906999687395 ], [ -71.339492999707318, 41.808815999687567 ], [ -71.3394379997074, 41.808716999687704 ], [ -71.339417999707393, 41.808676999687748 ], [ -71.339331999707554, 41.808526999688013 ], [ -71.339324999707571, 41.808460999688123 ], [ -71.339314999707597, 41.808238999688456 ], [ -71.339382999707482, 41.808109999688668 ], [ -71.339378999707492, 41.808077999688692 ], [ -71.339340999707531, 41.80804299968878 ], [ -71.339213999707738, 41.808017999688786 ], [ -71.339194999707786, 41.807989999688857 ], [ -71.339185999707752, 41.807943999688916 ], [ -71.339242999707665, 41.807855999689025 ], [ -71.33922499970771, 41.807706999689287 ], [ -71.339219999707723, 41.807668999689326 ], [ -71.339427999707368, 41.807327999689846 ], [ -71.339451999707364, 41.807120999690198 ], [ -71.339357999707488, 41.806958999690437 ], [ -71.339403999707429, 41.806790999690691 ], [ -71.339407999707419, 41.806777999690723 ], [ -71.339416999707396, 41.80674499969075 ], [ -71.339419999707388, 41.80673299969078 ], [ -71.339427999707368, 41.806718999690816 ], [ -71.339465999707329, 41.806647999690938 ], [ -71.339516999707257, 41.806553999691062 ], [ -71.339532999707217, 41.806521999691142 ], [ -71.33964799970704, 41.806392999691298 ], [ -71.339674999707029, 41.806339999691374 ], [ -71.33963999970706, 41.806289999691501 ], [ -71.339509999707275, 41.806212999691581 ], [ -71.339454999707357, 41.806198999691617 ], [ -71.339411999707409, 41.806166999691641 ], [ -71.339384999707477, 41.806127999691739 ], [ -71.339373999707504, 41.806053999691869 ], [ -71.33929899970758, 41.805923999692027 ], [ -71.33916299970781, 41.805891999692108 ], [ -71.339101999707907, 41.805834999692195 ], [ -71.339087999707942, 41.805782999692269 ], [ -71.339120999707859, 41.805644999692504 ], [ -71.339229999707698, 41.805412999692862 ], [ -71.339217999707728, 41.805240999693126 ], [ -71.339230999707695, 41.805159999693217 ], [ -71.339271999707648, 41.805104999693299 ], [ -71.33937199970751, 41.805018999693459 ], [ -71.339490999707323, 41.804751999693849 ], [ -71.339568999707183, 41.804627999694048 ], [ -71.339757999706876, 41.804329999694517 ], [ -71.339800999706824, 41.804211999694701 ], [ -71.339807999706807, 41.804192999694749 ], [ -71.339868999706709, 41.804026999694997 ], [ -71.33990699970667, 41.803903999695194 ], [ -71.33997699970655, 41.80388299969519 ], [ -71.340056999706405, 41.80388699969518 ], [ -71.340108999706331, 41.803847999695279 ], [ -71.340149999706284, 41.803825999695277 ], [ -71.340184999706196, 41.803798999695346 ], [ -71.340192999706233, 41.803749999695412 ], [ -71.340192999706233, 41.80367699969554 ], [ -71.340420999705827, 41.803334999696062 ], [ -71.340510999705714, 41.803225999696224 ], [ -71.340533999705656, 41.803154999696346 ], [ -71.340533999705656, 41.803095999696438 ], [ -71.340449999705811, 41.802943999696652 ], [ -71.340487999705772, 41.802845999696842 ], [ -71.340515999705701, 41.802746999696978 ], [ -71.340596999705554, 41.802605999697221 ], [ -71.340540999705695, 41.802535999697284 ], [ -71.340446999705819, 41.802507999697355 ], [ -71.340338999705978, 41.802383999697554 ], [ -71.340347999705955, 41.802281999697698 ], [ -71.340428999705864, 41.802186999697824 ], [ -71.34054299970569, 41.802077999697985 ], [ -71.340611999705573, 41.802011999698095 ], [ -71.340720999705411, 41.801814999698422 ], [ -71.34074499970535, 41.801673999698664 ], [ -71.3407029997054, 41.801514999698895 ], [ -71.340660999705506, 41.801363999699106 ], [ -71.340642999705494, 41.80125799969926 ], [ -71.340679999705458, 41.801194999699362 ], [ -71.340759999705313, 41.801159999699451 ], [ -71.340811999705238, 41.801096999699553 ], [ -71.340807999705248, 41.801050999699612 ], [ -71.340656999705516, 41.800941999699774 ], [ -71.340595999705556, 41.800898999699825 ], [ -71.340619999705552, 41.800758999700065 ], [ -71.340681999705453, 41.800683999700198 ], [ -71.340695999705417, 41.800642999700244 ], [ -71.340685999705443, 41.800593999700311 ], [ -71.340634999705514, 41.800525999700426 ], [ -71.340743999705353, 41.800328999700753 ], [ -71.340800999705266, 41.800022999701184 ], [ -71.340904999705117, 41.799910999701353 ], [ -71.341064999704827, 41.79986499970147 ], [ -71.341177999704655, 41.799840999701473 ], [ -71.341200999704654, 41.799773999701586 ], [ -71.341129999704776, 41.799590999701877 ], [ -71.341123999704791, 41.799545999701934 ], [ -71.341112999704762, 41.799467999702074 ], [ -71.34108999970482, 41.79929499970234 ], [ -71.341009999704966, 41.799125999702596 ], [ -71.340972999705002, 41.79894599970288 ], [ -71.340808999705246, 41.798741999703168 ], [ -71.340780999705316, 41.7986049997034 ], [ -71.340776999705326, 41.798400999703745 ], [ -71.340705999705392, 41.798311999703856 ], [ -71.340597999705608, 41.798290999703909 ], [ -71.34048099970579, 41.798272999703897 ], [ -71.340136999706317, 41.79824799970396 ], [ -71.340042999706441, 41.798215999703984 ], [ -71.339986999706525, 41.798142999704112 ], [ -71.339986999706525, 41.79805799970427 ], [ -71.339987999706523, 41.797948999704431 ], [ -71.339883999706672, 41.797863999704532 ], [ -71.339841999706778, 41.797747999704711 ], [ -71.339893999706646, 41.797627999704901 ], [ -71.340053999706413, 41.797585999705007 ], [ -71.340208999706192, 41.797611999704941 ], [ -71.340307999706056, 41.797603999704961 ], [ -71.340359999705925, 41.79755799970502 ], [ -71.34039999970588, 41.797489999705135 ], [ -71.340392999705898, 41.797277999705443 ], [ -71.340436999705844, 41.797176999705641 ], [ -71.340494999705754, 41.797073999705788 ], [ -71.34048099970579, 41.797032999705834 ], [ -71.340418999705832, 41.79701899970587 ], [ -71.340320999706023, 41.797037999705822 ], [ -71.340218999706167, 41.797113999705743 ], [ -71.340160999706256, 41.797116999705736 ], [ -71.340102999706346, 41.797094999705735 ], [ -71.340091999706374, 41.79706499970581 ], [ -71.340175999706219, 41.796915999706016 ], [ -71.340219999706164, 41.796855999706111 ], [ -71.340208999706192, 41.79680999970617 ], [ -71.340223999706154, 41.796744999706277 ], [ -71.340132999706327, 41.796684999706372 ], [ -71.340096999706361, 41.796632999706446 ], [ -71.33998099970654, 41.79659999970653 ], [ -71.339896999706696, 41.796517999706623 ], [ -71.339704999706953, 41.79640699970679 ], [ -71.339606999707144, 41.796387999706837 ], [ -71.339572999707173, 41.796400999706805 ], [ -71.339526999707232, 41.796419999706814 ], [ -71.339156999707825, 41.796337999706907 ], [ -71.339036999708014, 41.796204999707129 ], [ -71.338848999708318, 41.7960299997074 ], [ -71.338858999708293, 41.795965999707505 ], [ -71.338837999708289, 41.795934999707526 ], [ -71.338804999708373, 41.795922999707557 ], [ -71.338738999708482, 41.795908999707592 ], [ -71.338500999708856, 41.795828999707737 ], [ -71.338413999708962, 41.795814999707716 ], [ -71.338336999709099, 41.795817999707708 ], [ -71.338150999709399, 41.795783999707794 ], [ -71.338098999709473, 41.795751999707818 ], [ -71.338068999709492, 41.795737999707853 ], [ -71.338021999709554, 41.795735999707858 ], [ -71.337973999709675, 41.795739999707848 ], [ -71.337912999709772, 41.795724999707886 ], [ -71.337868999709826, 41.79568899970792 ], [ -71.337897999709753, 41.795607999708068 ], [ -71.337886999709781, 41.795571999708102 ], [ -71.337843999709833, 41.795569999708107 ], [ -71.33771699971004, 41.795577999708087 ], [ -71.337545999710301, 41.79555299970815 ], [ -71.337338999710653, 41.795535999708193 ], [ -71.337222999710832, 41.795483999708267 ], [ -71.337135999710938, 41.795497999708232 ], [ -71.337000999711165, 41.795581999708077 ], [ -71.336905999711291, 41.795679999707943 ], [ -71.33687499971137, 41.795743999707838 ], [ -71.336811999711472, 41.795763999707788 ], [ -71.336749999711571, 41.795765999707783 ], [ -71.336662999711677, 41.795739999707848 ], [ -71.336596999711787, 41.795757999707803 ], [ -71.336462999712012, 41.795730999707871 ], [ -71.336368999712136, 41.795662999707986 ], [ -71.336190999712414, 41.795504999708214 ], [ -71.336060999712629, 41.795479999708277 ], [ -71.335991999712746, 41.795465999708256 ], [ -71.335925999712856, 41.795473999708236 ], [ -71.335880999712913, 41.795507999708207 ], [ -71.335838999712962, 41.795522999708169 ], [ -71.335813999713025, 41.795527999708156 ], [ -71.335754999713117, 41.795522999708169 ], [ -71.335609999713313, 41.795457999708276 ], [ -71.335524999713471, 41.795403999708356 ], [ -71.335493999713492, 41.795372999708434 ], [ -71.335477999713532, 41.795337999708465 ], [ -71.33548699971351, 41.79519599970871 ], [ -71.335303999713801, 41.795027999708964 ], [ -71.335065999714175, 41.794983999709018 ], [ -71.334810999714534, 41.79491299970914 ], [ -71.33464499971484, 41.794834999709281 ], [ -71.33444799971511, 41.794673999709516 ], [ -71.334398999715177, 41.794592999709607 ], [ -71.334434999715143, 41.794475999709789 ], [ -71.334420999715178, 41.794448999709857 ], [ -71.334380999715222, 41.794424999709918 ], [ -71.334223999715448, 41.794438999709882 ], [ -71.334138999715606, 41.794424999709918 ], [ -71.334111999715674, 41.794387999709954 ], [ -71.334147999715583, 41.794330999710041 ], [ -71.334172999715577, 41.794303999710053 ], [ -71.334228999715492, 41.794243999710147 ], [ -71.334237999715469, 41.794139999710353 ], [ -71.334206999715491, 41.794008999710513 ], [ -71.334153999715568, 41.793937999710636 ], [ -71.334099999715647, 41.793904999710719 ], [ -71.334056999715756, 41.793904999710719 ], [ -71.334025999715777, 41.793925999710666 ], [ -71.333991999715806, 41.793925999710666 ], [ -71.333948999715915, 41.793909999710706 ], [ -71.333922999715924, 41.79387399971074 ], [ -71.333874999715988, 41.793843999710816 ], [ -71.333766999716204, 41.793817999710825 ], [ -71.333728999716243, 41.793812999710838 ], [ -71.333706999716298, 41.793808999710848 ], [ -71.333677999716315, 41.793782999710913 ], [ -71.333686999716292, 41.793742999710958 ], [ -71.333704999716304, 41.793726999710998 ], [ -71.333731999716235, 41.793702999711002 ], [ -71.333857999716031, 41.793649999711079 ], [ -71.333911999715951, 41.793615999711164 ], [ -71.333916999715939, 41.793568999711226 ], [ -71.333867999716006, 41.793527999711273 ], [ -71.333732999716233, 41.793433999711453 ], [ -71.333602999716447, 41.79339699971149 ], [ -71.333472999716662, 41.793389999711508 ], [ -71.333441999716683, 41.793365999711511 ], [ -71.333451999716658, 41.793341999711572 ], [ -71.333540999716547, 41.793302999711614 ], [ -71.33358999971648, 41.793235999711726 ], [ -71.333571999716469, 41.79319199971178 ], [ -71.333509999716568, 41.793161999711856 ], [ -71.333432999716706, 41.793161999711856 ], [ -71.33326899971695, 41.793127999711885 ], [ -71.333147999717141, 41.793084999711994 ], [ -71.333128999717189, 41.79306799971198 ], [ -71.333111999717175, 41.79304399971204 ], [ -71.333079999717256, 41.792936999712197 ], [ -71.33310999971718, 41.792867999712314 ], [ -71.333160999717109, 41.792831999712348 ], [ -71.33317499971713, 41.792815999712388 ], [ -71.333187999717097, 41.792781999712417 ], [ -71.33319099971709, 41.792713999712532 ], [ -71.333154999717124, 41.792571999712777 ], [ -71.333070999717279, 41.792411999713011 ], [ -71.332959999717445, 41.792255999713234 ], [ -71.332930999717462, 41.792113999713479 ], [ -71.33283799971764, 41.791933999713763 ], [ -71.332621999717958, 41.791569999714341 ], [ -71.332465999718181, 41.791350999714666 ], [ -71.332342999718378, 41.791207999714857 ], [ -71.332293999718445, 41.791123999715012 ], [ -71.332269999718505, 41.791081999715061 ], [ -71.332255999718541, 41.791057999715122 ], [ -71.332204999718613, 41.790998999715214 ], [ -71.332195999718635, 41.790976999715269 ], [ -71.332210999718598, 41.790956999715263 ], [ -71.332460999718194, 41.790862999715443 ], [ -71.33249699971816, 41.790843999715435 ], [ -71.332506999718134, 41.790799999715546 ], [ -71.332472999718163, 41.790704999715672 ], [ -71.332479999718203, 41.790654999715741 ], [ -71.332515999718112, 41.790638999715782 ], [ -71.332641999717907, 41.790659999715729 ], [ -71.332738999717776, 41.790639999715779 ], [ -71.332810999717651, 41.790580999715871 ], [ -71.332840999717632, 41.790513999715984 ], [ -71.332808999717656, 41.790384999716139 ], [ -71.332772999717747, 41.79027499971636 ], [ -71.332742999717766, 41.790159999716536 ], [ -71.332634999717925, 41.790034999716681 ], [ -71.332381999718336, 41.789924999716902 ], [ -71.332267999718511, 41.789892999716926 ], [ -71.332234999718537, 41.789875999716969 ], [ -71.332089999718789, 41.789797999717052 ], [ -71.33186099971914, 41.78972499971718 ], [ -71.331764999719269, 41.789695999717253 ], [ -71.331602999719564, 41.789623999717321 ], [ -71.331563999719606, 41.789591999717402 ], [ -71.331563999719606, 41.789553999717441 ], [ -71.331641999719466, 41.789476999717579 ], [ -71.331621999719516, 41.789397999717721 ], [ -71.331533999719625, 41.789318999717807 ], [ -71.331464999719742, 41.789307999717835 ], [ -71.331392999719867, 41.789323999717794 ], [ -71.331310999720017, 41.789349999717786 ], [ -71.331259999720089, 41.789406999717698 ], [ -71.331250999720112, 41.789417999717671 ], [ -71.331205999720169, 41.789516999717534 ], [ -71.331123999720262, 41.789563999717416 ], [ -71.33103499972043, 41.789564999717413 ], [ -71.330994999720474, 41.789496999717528 ], [ -71.330979999720512, 41.789421999717661 ], [ -71.330984999720499, 41.789320999717802 ], [ -71.330997999720466, 41.78929399971787 ], [ -71.331058999720369, 41.78922399971799 ], [ -71.331086999720355, 41.789201999717989 ], [ -71.331103999720312, 41.789178999718047 ], [ -71.331094999720335, 41.789144999718076 ], [ -71.331058999720369, 41.789099999718132 ], [ -71.330959999720562, 41.789069999718208 ], [ -71.330838999720754, 41.789069999718208 ], [ -71.330700999720932, 41.78908099971818 ], [ -71.330600999721071, 41.789114999718151 ], [ -71.330543999721158, 41.789114999718151 ], [ -71.330513999721234, 41.789114999718151 ], [ -71.33047299972128, 41.789069999718208 ], [ -71.330477999721268, 41.789019999718278 ], [ -71.330481999721258, 41.788994999718341 ], [ -71.330445999721348, 41.78896899971835 ], [ -71.330326999721535, 41.788925999718401 ], [ -71.33027099972162, 41.788909999718442 ], [ -71.330234999721654, 41.78888299971851 ], [ -71.330243999721631, 41.788837999718567 ], [ -71.330277999721602, 41.788791999718626 ], [ -71.330381999721453, 41.788744999718688 ], [ -71.330413999721372, 41.788707999718781 ], [ -71.33041499972137, 41.788653999718861 ], [ -71.330368999721429, 41.788636999718904 ], [ -71.330255999721658, 41.788621999718885 ], [ -71.3301319997218, 41.788614999718902 ], [ -71.329947999722094, 41.78859199971896 ], [ -71.329836999722261, 41.788557999718989 ], [ -71.329680999722541, 41.788497999719084 ], [ -71.329589999722657, 41.788427999719204 ], [ -71.329539999722726, 41.788396999719225 ], [ -71.329493999722843, 41.788361999719314 ], [ -71.329456999722879, 41.788326999719345 ], [ -71.329445999722907, 41.788309999719388 ], [ -71.329431999722885, 41.788273999719422 ], [ -71.329428999722893, 41.78825099971948 ], [ -71.329434999722935, 41.788209999719527 ], [ -71.329447999722902, 41.788169999719628 ], [ -71.329516999722784, 41.788041999719781 ], [ -71.329597999722637, 41.78791399971999 ], [ -71.329636999722595, 41.78782399972016 ], [ -71.329651999722557, 41.787737999720264 ], [ -71.32965099972256, 41.787602999720491 ], [ -71.329605999722617, 41.787238999721069 ], [ -71.329606999722614, 41.787103999721239 ], [ -71.32962699972262, 41.7870179997214 ], [ -71.329649999722562, 41.786976999721446 ], [ -71.329806999722337, 41.786779999721773 ], [ -71.329830999722276, 41.78673899972182 ], [ -71.329846999722292, 41.786697999721866 ], [ -71.329871999722229, 41.786561999722096 ], [ -71.329887999722189, 41.786516999722153 ], [ -71.329911999722185, 41.786475999722256 ], [ -71.329997999722025, 41.786356999722386 ], [ -71.330037999721981, 41.786274999722536 ], [ -71.33004599972196, 41.786246999722607 ], [ -71.330103999721871, 41.78605299972287 ], [ -71.330185999721721, 41.78574599972336 ], [ -71.330232999721659, 41.78561399972358 ], [ -71.330261999721642, 41.785572999723627 ], [ -71.330341999721497, 41.785498999723757 ], [ -71.330374999721471, 41.785461999723793 ], [ -71.330392999721425, 41.785421999723894 ], [ -71.33039099972143, 41.785380999723941 ], [ -71.330351999721472, 41.785295999724042 ], [ -71.330301999721542, 41.78520699972421 ], [ -71.330285999721582, 41.785162999724264 ], [ -71.330273999721612, 41.785072999724434 ], [ -71.330267999721627, 41.784842999724788 ], [ -71.330249999721616, 41.784757999724889 ], [ -71.330231999721661, 41.784717999724933 ], [ -71.330205999721727, 41.784677999725034 ], [ -71.330129999721805, 41.784606999725156 ], [ -71.329992999722037, 41.784506999725295 ], [ -71.32991799972217, 41.784435999725417 ], [ -71.329893999722174, 41.784399999725451 ], [ -71.329868999722237, 41.784314999725609 ], [ -71.329862999722252, 41.784224999725723 ], [ -71.329889999722184, 41.783949999726133 ], [ -71.329891999722179, 41.783891999726222 ], [ -71.3299059997222, 41.783845999726339 ], [ -71.329911999722185, 41.783800999726395 ], [ -71.329893999722174, 41.783760999726439 ], [ -71.329812999722321, 41.783645999726616 ], [ -71.329790999722377, 41.783532999726788 ], [ -71.329853999722275, 41.783450999726938 ], [ -71.329853999722275, 41.783405999726995 ], [ -71.329834999722266, 41.783365999727039 ], [ -71.329691999722513, 41.783165999727373 ], [ -71.329672999722561, 41.783121999727427 ], [ -71.32966299972253, 41.783076999727484 ], [ -71.329661999722532, 41.783031999727598 ], [ -71.329671999722564, 41.782986999727655 ], [ -71.329693999722508, 41.782945999727701 ], [ -71.32972499972243, 41.78290399972775 ], [ -71.329831999722273, 41.782793999727971 ], [ -71.32985999972226, 41.782752999728018 ], [ -71.329877999722214, 41.782711999728065 ], [ -71.329895999722169, 41.782625999728225 ], [ -71.329895999722169, 41.782486999728405 ], [ -71.329865999722244, 41.782261999728746 ], [ -71.329833999722268, 41.782127999728971 ], [ -71.329802999722347, 41.782037999729141 ], [ -71.329759999722398, 41.781957999729229 ], [ -71.32972499972243, 41.78191799972933 ], [ -71.329631999722608, 41.781856999729428 ], [ -71.329581999722677, 41.781835999729424 ], [ -71.329520999722774, 41.781836999729421 ], [ -71.329461999722866, 41.781850999729386 ], [ -71.329417999722921, 41.781883999729359 ], [ -71.329389999722991, 41.781924999729313 ], [ -71.329354999723023, 41.782010999729152 ], [ -71.329328999723089, 41.782096999729049 ], [ -71.329316999723062, 41.782187999728876 ], [ -71.329325999723096, 41.782506999728412 ], [ -71.329314999723067, 41.782592999728251 ], [ -71.329295999723115, 41.782633999728205 ], [ -71.329208999723278, 41.782756999728008 ], [ -71.32914999972337, 41.782739999728051 ], [ -71.329095999723449, 41.782718999728047 ], [ -71.329049999723509, 41.782638999728192 ], [ -71.32895699972363, 41.782424999728505 ], [ -71.32888699972375, 41.782200999728843 ], [ -71.328859999723818, 41.78206599972907 ], [ -71.328854999723831, 41.781935999729285 ], [ -71.328861999723813, 41.781705999729638 ], [ -71.328847999723791, 41.781570999729865 ], [ -71.328786999723889, 41.781351999730191 ], [ -71.32866999972407, 41.781002999730731 ], [ -71.328638999724149, 41.780871999730948 ], [ -71.328554999724247, 41.780829999730997 ], [ -71.328506999724368, 41.780803999731006 ], [ -71.3284719997244, 41.780693999731227 ], [ -71.327791999725434, 41.780406999731667 ], [ -71.327572999725817, 41.780312999731791 ], [ -71.327225999726352, 41.780165999732048 ], [ -71.324623999730363, 41.779061999733756 ], [ -71.323332999732372, 41.778514999734568 ], [ -71.323170999732611, 41.778445999734686 ], [ -71.322448999733751, 41.778137999735179 ], [ -71.321984999734468, 41.777942999735501 ], [ -71.32193799973453, 41.777922999735495 ], [ -71.321821999734709, 41.777873999735561 ], [ -71.321750999734832, 41.77784299973564 ], [ -71.320003999737537, 41.777102999736769 ], [ -71.3188779997393, 41.776624999737521 ], [ -71.318787999739413, 41.77658699973756 ], [ -71.317872999740871, 41.776198999738199 ], [ -71.317910999740775, 41.77616799973822 ], [ -71.318088999740496, 41.77602399973847 ], [ -71.318222999740328, 41.775912999738637 ], [ -71.319141999738861, 41.775156999739806 ], [ -71.319489999738323, 41.774870999740244 ], [ -71.319540999738251, 41.774830999740288 ], [ -71.319949999737617, 41.774509999740815 ], [ -71.32053399973671, 41.774048999741524 ], [ -71.320606999736583, 41.773998999741593 ], [ -71.321364999735408, 41.773483999742382 ], [ -71.32192999973455, 41.77309999974301 ], [ -71.322559999733585, 41.772671999743636 ], [ -71.322588999733512, 41.772651999743687 ], [ -71.322606999733523, 41.772639999743717 ], [ -71.322677999733401, 41.772591999743781 ], [ -71.324522999730505, 41.771338999745751 ], [ -71.324603999730414, 41.771280999745841 ], [ -71.324716999730242, 41.771200999745929 ], [ -71.325006999729794, 41.771005999746251 ], [ -71.328654999724108, 41.768477999750189 ], [ -71.329105999723424, 41.768166999750633 ], [ -71.331222999720126, 41.766700999752914 ], [ -71.331735999719342, 41.766344999753471 ], [ -71.331996999718911, 41.766164999753755 ], [ -71.332658999717921, 41.765714999754437 ], [ -71.333941999715933, 41.764823999755833 ], [ -71.335238999713908, 41.763926999757246 ], [ -71.336780999711493, 41.762854999758872 ], [ -71.338475999708862, 41.761682999760694 ], [ -71.339850999706755, 41.760733999762181 ], [ -71.340956999705043, 41.759970999763368 ], [ -71.342107999703217, 41.759166999764602 ], [ -71.342232999703015, 41.75907799976477 ], [ -71.342394999702776, 41.758964999764942 ], [ -71.343011999701844, 41.758539999765617 ], [ -71.343338999701302, 41.758315999765955 ], [ -71.343582999700971, 41.758149999766204 ], [ -71.343960999700357, 41.757880999766599 ], [ -71.344069999700196, 41.757806999766728 ], [ -71.344642999699317, 41.7573609997674 ], [ -71.34478999969906, 41.757292999767515 ], [ -71.344852999698958, 41.757264999767585 ], [ -71.345160999698521, 41.757050999767898 ], [ -71.345587999697841, 41.756756999768356 ], [ -71.345641999697762, 41.756717999768398 ], [ -71.346529999696372, 41.756105999769375 ], [ -71.34659299969627, 41.756058999769436 ], [ -71.347180999695354, 41.755653999770061 ], [ -71.347288999695195, 41.755572999770209 ], [ -71.347614999694713, 41.755350999770542 ], [ -71.348236999693711, 41.754919999771232 ], [ -71.348877999692718, 41.754477999771893 ], [ -71.349190999692269, 41.754259999772216 ], [ -71.351475999688716, 41.752648999774749 ], [ -71.351494999688668, 41.752634999774784 ], [ -71.353896999684935, 41.751300999776845 ], [ -71.355080999683082, 41.747495999782757 ], [ -71.355296999682764, 41.746800999783829 ], [ -71.355525999682413, 41.746189999784747 ], [ -71.355596999682291, 41.746000999785053 ], [ -71.355638999682242, 41.74586999978527 ], [ -71.355785999681984, 41.74540899978598 ], [ -71.35581799968196, 41.745307999786121 ], [ -71.356586999680758, 41.742889999789895 ], [ -71.356996999680121, 41.741600999791899 ], [ -71.360196999675168, 41.738900999796101 ], [ -71.365206999667407, 41.735648999801128 ], [ -71.366102999665998, 41.736669999799517 ], [ -71.368055999662943, 41.738893999796062 ], [ -71.368511999662246, 41.739420999795243 ], [ -71.372507999656023, 41.744726999787019 ], [ -71.373801999654063, 41.747499999782747 ], [ -71.374964999652263, 41.749640999779388 ], [ -71.375241999651792, 41.750157999778594 ], [ -71.375353999651622, 41.750367999778291 ], [ -71.378272999647095, 41.755296999770621 ], [ -71.380970999642898, 41.755801999769858 ], [ -71.381115999642702, 41.75582899976979 ], [ -71.382249999640919, 41.756040999769482 ], [ -71.382970999639781, 41.75617399976926 ], [ -71.384732999637095, 41.757601999767076 ], [ -71.385658999635609, 41.758420999765804 ], [ -71.386524999634275, 41.760044999763238 ], [ -71.388516999631179, 41.763774999757459 ], [ -71.388919999630559, 41.763977999757174 ], [ -71.389030999630393, 41.764033999757089 ], [ -71.389197999630142, 41.764131999756898 ], [ -71.38945099962973, 41.764240999756737 ], [ -71.389897999629056, 41.764298999756647 ], [ -71.39041599962826, 41.764426999756438 ], [ -71.390533999628076, 41.764390999756529 ], [ -71.391053999627275, 41.764372999756517 ], [ -71.391076999627217, 41.76435599975656 ], [ -71.391313999626846, 41.764183999756824 ], [ -71.391549999626477, 41.764007999757098 ], [ -71.39179999962613, 41.763902999757249 ], [ -71.391968999625817, 41.763863999757348 ], [ -71.392961999624276, 41.763934999757225 ], [ -71.393724999623089, 41.76401499975708 ], [ -71.394120999622487, 41.764037999757079 ], [ -71.39445699962198, 41.764106999756962 ], [ -71.394730999621572, 41.764244999756727 ], [ -71.395203999620833, 41.764644999756115 ], [ -71.395411999620478, 41.764836999755801 ], [ -71.395522999620312, 41.765185999755261 ], [ -71.395564999620262, 41.765613999754635 ], [ -71.395602999620223, 41.765993999754016 ], [ -71.395597999620236, 41.766386999753422 ], [ -71.39562799962016, 41.766683999752956 ], [ -71.395733999620006, 41.766889999752607 ], [ -71.395885999619736, 41.767037999752404 ], [ -71.396068999619501, 41.767152999752227 ], [ -71.39612099961937, 41.767166999752192 ], [ -71.396434999618918, 41.767255999752081 ], [ -71.397090999617888, 41.767393999751846 ], [ -71.397112999617832, 41.767397999751836 ], [ -71.397639999617013, 41.767507999751672 ], [ -71.398051999616428, 41.767656999751466 ], [ -71.398616999615513, 41.767913999751045 ], [ -71.399133999614719, 41.768148999750679 ], [ -71.39937799961433, 41.768263999750502 ], [ -71.399576999614055, 41.768320999750415 ], [ -71.399804999613707, 41.768332999750385 ], [ -71.400018999613337, 41.768275999750472 ], [ -71.400202999613043, 41.768180999750655 ], [ -71.400262999612949, 41.768149999750676 ], [ -71.400476999612636, 41.767955999750995 ], [ -71.400568999612517, 41.767795999751229 ], [ -71.400584999612477, 41.767613999751518 ], [ -71.400584999612477, 41.767373999751896 ], [ -71.400600999612436, 41.767064999752336 ], [ -71.400615999612398, 41.766836999752741 ], [ -71.400677999612299, 41.766665999753002 ], [ -71.400845999612045, 41.766505999753235 ], [ -71.401150999611616, 41.766494999753263 ], [ -71.401394999611227, 41.766551999753176 ], [ -71.401562999610974, 41.766688999752944 ], [ -71.401775999610607, 41.76686099975268 ], [ -71.402079999610123, 41.767214999752127 ], [ -71.402354999609713, 41.767523999751631 ], [ -71.402689999609208, 41.76769499975137 ], [ -71.403025999608701, 41.767798999751221 ], [ -71.403467999607983, 41.767855999751134 ], [ -71.403848999607419, 41.767844999751162 ], [ -71.404260999606777, 41.767776999751277 ], [ -71.40508599960549, 41.767617999751508 ], [ -71.405202999605308, 41.767609999751528 ], [ -71.405645999604587, 41.767583999751537 ], [ -71.406448999603356, 41.767459999751736 ], [ -71.407190999602221, 41.767403999751821 ], [ -71.40777699960131, 41.76726399975206 ], [ -71.408113999600801, 41.767148999752237 ], [ -71.408374999600369, 41.767036999752406 ], [ -71.408628999599955, 41.766944999752525 ], [ -71.408899999599555, 41.766887999752612 ], [ -71.409233999599053, 41.766842999752726 ], [ -71.40967799959833, 41.76678299975282 ], [ -71.409750999598259, 41.766774999752784 ], [ -71.409789999598161, 41.766765999752806 ], [ -71.410258999597431, 41.76665599975297 ], [ -71.410701999596768, 41.766553999753171 ], [ -71.410727999596702, 41.766539999753149 ], [ -71.411159999596066, 41.76630299975352 ], [ -71.411418999595639, 41.766085999753898 ], [ -71.412115999594562, 41.765147999755357 ], [ -71.412182999594449, 41.76505799975547 ], [ -71.412351999594193, 41.764830999755816 ], [ -71.412641999593745, 41.764544999756254 ], [ -71.413313999592731, 41.764082999756965 ], [ -71.413481999592477, 41.763842999757344 ], [ -71.413491999592452, 41.763817999757407 ], [ -71.41354299959238, 41.763682999757634 ], [ -71.413588999592264, 41.76354599975781 ], [ -71.413676999592155, 41.763327999758133 ], [ -71.413802999591951, 41.763226999758331 ], [ -71.413970999591697, 41.763123999758477 ], [ -71.414123999591425, 41.763055999758592 ], [ -71.414382999591055, 41.762952999758738 ], [ -71.41474999959047, 41.762918999758767 ], [ -71.415130999589906, 41.762918999758767 ], [ -71.415805999588827, 41.76290199975881 ], [ -71.416015999588524, 41.762896999758823 ], [ -71.416335999588, 41.76285199975888 ], [ -71.416656999587531, 41.762760999759053 ], [ -71.417065999586896, 41.76249099975945 ], [ -71.417404999586381, 41.762315999759721 ], [ -71.417585999586095, 41.762253999759821 ], [ -71.417847999585661, 41.762166999759984 ], [ -71.418518999584649, 41.762041999760129 ], [ -71.418945999583968, 41.761950999760302 ], [ -71.419077999583749, 41.761884999760412 ], [ -71.419434999583189, 41.761705999760693 ], [ -71.41973999958276, 41.761625999760781 ], [ -71.419968999582352, 41.761665999760737 ], [ -71.420090999582214, 41.761745999760592 ], [ -71.420151999582117, 41.761837999760473 ], [ -71.420196999582004, 41.76198599976027 ], [ -71.420120999582139, 41.762174999759964 ], [ -71.419493999583096, 41.763070999758554 ], [ -71.419035999583855, 41.763549999757799 ], [ -71.418760999584265, 41.76381299975742 ], [ -71.418699999584362, 41.763949999757187 ], [ -71.418714999584324, 41.764075999756983 ], [ -71.418729999584286, 41.764096999756987 ], [ -71.418866999584111, 41.764292999756663 ], [ -71.418897999584033, 41.764292999756663 ], [ -71.418970999583905, 41.764347999756581 ], [ -71.41909599958376, 41.764440999756459 ], [ -71.419339999583372, 41.764600999756169 ], [ -71.41952299958308, 41.764669999756052 ], [ -71.419796999582672, 41.764784999755875 ], [ -71.420284999581895, 41.764875999755759 ], [ -71.42061999958139, 41.764881999755744 ], [ -71.420737999581206, 41.764883999755739 ], [ -71.420940999580864, 41.764887999755729 ], [ -71.421311999580269, 41.764878999755751 ], [ -71.421734999579655, 41.764739999755989 ], [ -71.421912999579376, 41.764629999756153 ], [ -71.421993999579229, 41.764579999756222 ], [ -71.422222999578878, 41.76430599975663 ], [ -71.422375999578662, 41.764043999757064 ], [ -71.422482999578506, 41.763792999757413 ], [ -71.422602999578316, 41.763508999757903 ], [ -71.422742999578077, 41.763278999758256 ], [ -71.42291599957781, 41.763029999758601 ], [ -71.422956999577764, 41.762970999758693 ], [ -71.423185999577413, 41.762793999758969 ], [ -71.423399999577043, 41.762599999759288 ], [ -71.423857999576342, 41.762233999759871 ], [ -71.424399999575485, 41.761930999760352 ], [ -71.424964999574627, 41.761651999760772 ], [ -71.425262999574159, 41.761503999760976 ], [ -71.425529999573769, 41.761363999761215 ], [ -71.425872999573244, 41.761184999761497 ], [ -71.426223999572699, 41.76102499976173 ], [ -71.426247999572638, 41.76101699976175 ], [ -71.426356999572477, 41.760980999761784 ], [ -71.426586999572123, 41.760903999761922 ], [ -71.426773999571822, 41.760830999762049 ], [ -71.427032999571395, 41.760739999762166 ], [ -71.427276999571063, 41.760659999762311 ], [ -71.427734999570305, 41.760545999762485 ], [ -71.42836099956935, 41.76052399976254 ], [ -71.428878999568553, 41.760592999762423 ], [ -71.429499999567611, 41.76067999976226 ], [ -71.429889999566967, 41.760760999762169 ], [ -71.429944999566885, 41.760772999762139 ], [ -71.430080999566712, 41.760809999762046 ], [ -71.430297999566335, 41.760867999761956 ], [ -71.430521999565997, 41.760877999761988 ], [ -71.430556999565965, 41.760878999761985 ], [ -71.430816999565536, 41.760787999762101 ], [ -71.430968999565323, 41.760616999762362 ], [ -71.431106999565088, 41.760388999762711 ], [ -71.431274999564835, 41.760045999763236 ], [ -71.431442999564581, 41.759828999763613 ], [ -71.431641999564249, 41.759657999763874 ], [ -71.431931999563801, 41.759497999764108 ], [ -71.432052999563609, 41.759443999764187 ], [ -71.432195999563419, 41.759382999764284 ], [ -71.43237399956314, 41.759327999764366 ], [ -71.432674999562664, 41.759326999764369 ], [ -71.432832999562436, 41.759326999764369 ], [ -71.432915999562283, 41.759331999764356 ], [ -71.432967999562209, 41.759334999764349 ], [ -71.43307599956205, 41.759338999764338 ], [ -71.433185999561886, 41.759383999764282 ], [ -71.433243999561796, 41.759407999764221 ], [ -71.433334999561623, 41.759498999764105 ], [ -71.433394999561528, 41.759612999763931 ], [ -71.433393999561531, 41.759676999763826 ], [ -71.433395999561526, 41.759761999763668 ], [ -71.433349999561585, 41.759908999763468 ], [ -71.433196999561858, 41.760057999763262 ], [ -71.433044999562071, 41.760195999763027 ], [ -71.432979999562178, 41.760312999762846 ], [ -71.432937999562228, 41.760401999762678 ], [ -71.432891999562344, 41.760594999762418 ], [ -71.432890999562346, 41.760891999761952 ], [ -71.433012999562152, 41.761074999761661 ], [ -71.433166999561877, 41.761234999761427 ], [ -71.43334799956159, 41.761371999761195 ], [ -71.433530999561356, 41.76145199976105 ], [ -71.433774999560967, 41.761440999761078 ], [ -71.433957999560675, 41.76136199976122 ], [ -71.434004999560614, 41.761234999761427 ], [ -71.434050999560498, 41.760983999761777 ], [ -71.434068999560509, 41.760935999761898 ], [ -71.434133999560402, 41.760788999762099 ], [ -71.434259999560197, 41.760591999762426 ], [ -71.43438699955999, 41.760390999762706 ], [ -71.434493999559834, 41.760241999762968 ], [ -71.434600999559677, 41.760115999763173 ], [ -71.434844999559289, 41.759973999763361 ], [ -71.434997999559073, 41.759882999763533 ], [ -71.435241999558684, 41.759790999763652 ], [ -71.435592999558139, 41.759722999763767 ], [ -71.435882999557691, 41.759676999763826 ], [ -71.436095999557324, 41.759711999763795 ], [ -71.436248999557108, 41.759757999763679 ], [ -71.436400999556895, 41.759848999763562 ], [ -71.436598999556566, 41.759940999763444 ], [ -71.43690399955608, 41.759974999763358 ], [ -71.437163999555708, 41.759963999763386 ], [ -71.43737699955534, 41.759906999763473 ], [ -71.437560999555046, 41.759826999763618 ], [ -71.437697999554871, 41.759666999763851 ], [ -71.437835999554636, 41.7594389997642 ], [ -71.43792699955452, 41.75917599976458 ], [ -71.43798899955442, 41.758969999764929 ], [ -71.438110999554226, 41.758284999765976 ], [ -71.43821799955407, 41.758101999766268 ], [ -71.438507999553622, 41.757942999766499 ], [ -71.438828999553095, 41.757828999766673 ], [ -71.43911799955265, 41.757828999766673 ], [ -71.439302999552353, 41.757877999766606 ], [ -71.439611999551914, 41.758033999766383 ], [ -71.440095999551147, 41.758076999766331 ], [ -71.440397999550669, 41.758052999766335 ], [ -71.440557999550435, 41.757931999766527 ], [ -71.440573999550395, 41.757911999766577 ], [ -71.440661999550287, 41.757794999766759 ], [ -71.44065399955025, 41.757641999766975 ], [ -71.440550999550453, 41.75741899976731 ], [ -71.440411999550633, 41.757304999767484 ], [ -71.44016899955102, 41.757183999767676 ], [ -71.439853999551531, 41.757019999767977 ], [ -71.439654999551806, 41.75693399976808 ], [ -71.439347999552297, 41.756754999768361 ], [ -71.43919599955251, 41.756606999768564 ], [ -71.439119999552645, 41.756389999768942 ], [ -71.43919599955251, 41.756194999769207 ], [ -71.439287999552391, 41.755943999769613 ], [ -71.439301999552356, 41.75590299976966 ], [ -71.439379999552273, 41.755681999770047 ], [ -71.439455999552138, 41.755418999770427 ], [ -71.439532999552, 41.755304999770601 ], [ -71.439684999551787, 41.75526999977069 ], [ -71.440279999550853, 41.755293999770629 ], [ -71.440523999550464, 41.755281999770659 ], [ -71.440638999550288, 41.755253999770673 ], [ -71.440798999550054, 41.755213999770774 ], [ -71.440966999549801, 41.755087999770979 ], [ -71.441119999549528, 41.75491699977124 ], [ -71.441151999549504, 41.754770999771438 ], [ -71.441164999549471, 41.75471199977153 ], [ -71.441119999549528, 41.754516999771852 ], [ -71.440997999549722, 41.754254999772229 ], [ -71.440679999550241, 41.753785999772958 ], [ -71.440586999550362, 41.753648999773191 ], [ -71.440565999550415, 41.753618999773209 ], [ -71.440464999550557, 41.753475999773457 ], [ -71.440312999550827, 41.753214999773832 ], [ -71.440190999550964, 41.752917999774297 ], [ -71.440190999550964, 41.75276899977456 ], [ -71.440373999550729, 41.752426999775082 ], [ -71.440618999550338, 41.75215299977549 ], [ -71.441091999549599, 41.751809999776015 ], [ -71.441276999549302, 41.751677999776234 ], [ -71.441450999549033, 41.751553999776434 ], [ -71.441624999548765, 41.751428999776635 ], [ -71.441747999548568, 41.751341999776741 ], [ -71.442325999547677, 41.75104399977721 ], [ -71.442434999547515, 41.750988999777292 ], [ -71.44321299954629, 41.750702999777729 ], [ -71.443731999545491, 41.750623999777872 ], [ -71.443975999545103, 41.750668999777815 ], [ -71.44417399954483, 41.750749999777668 ], [ -71.444417999544441, 41.750874999777466 ], [ -71.444676999544015, 41.750932999777376 ], [ -71.444981999543529, 41.750897999777465 ], [ -71.445592999542612, 41.750749999777668 ], [ -71.445973999541991, 41.750555999777987 ], [ -71.446309999541484, 41.750258999778453 ], [ -71.446568999541114, 41.749904999779005 ], [ -71.446593999541051, 41.749679999779346 ], [ -71.446605999541021, 41.749663999779386 ], [ -71.446614999540998, 41.749526999779562 ], [ -71.446615999540995, 41.749071999780313 ], [ -71.446537999541135, 41.748886999780552 ], [ -71.446420999541317, 41.748605999781034 ], [ -71.445947999542057, 41.747246999783101 ], [ -71.445547999542669, 41.746217999784733 ], [ -71.445458999542836, 41.746036999785019 ], [ -71.445326999542999, 41.74560699978565 ], [ -71.445124999543339, 41.745422999785944 ], [ -71.444890999543702, 41.745211999786306 ], [ -71.444705999543999, 41.744914999786715 ], [ -71.444577999544208, 41.744673999787096 ], [ -71.44453499954426, 41.744597999787231 ], [ -71.444495999544301, 41.744527999787351 ], [ -71.444432999544404, 41.744412999787528 ], [ -71.444358999544534, 41.744208999787816 ], [ -71.444297999544631, 41.744054999788091 ], [ -71.444260999544667, 41.74395499978823 ], [ -71.4441859995448, 41.743823999788447 ], [ -71.444110999544932, 41.743563999788819 ], [ -71.444094999544916, 41.743511999788893 ], [ -71.444043999544988, 41.743348999789191 ], [ -71.443973999545108, 41.742945999789811 ], [ -71.443934999545206, 41.742630999790265 ], [ -71.443934999545206, 41.742600999790341 ], [ -71.443931999545157, 41.742293999790832 ], [ -71.443905999545223, 41.741923999791368 ], [ -71.443939999545194, 41.741642999791793 ], [ -71.443936999545201, 41.741292999792336 ], [ -71.443944999545181, 41.741195999792524 ], [ -71.443962999545136, 41.741179999792564 ], [ -71.443965999545128, 41.741157999792563 ], [ -71.444028999545026, 41.740895999792997 ], [ -71.44411599954492, 41.740635999793369 ], [ -71.444290999544648, 41.740395999793748 ], [ -71.444683999543997, 41.740154999794129 ], [ -71.44530299954306, 41.740044999794293 ], [ -71.44607099954186, 41.739974999794413 ], [ -71.446197999541653, 41.739978999794403 ], [ -71.446312999541476, 41.739985999794385 ], [ -71.446374999541376, 41.739986999794382 ], [ -71.446448999541303, 41.739985999794385 ], [ -71.447058999540332, 41.739993999794365 ], [ -71.447376999539813, 41.74000399979434 ], [ -71.447801999539195, 41.740017999794361 ], [ -71.449255999536945, 41.740015999794366 ], [ -71.449952999535867, 41.740029999794331 ], [ -71.450562999534895, 41.73992599979448 ], [ -71.451277999533772, 41.739703999794813 ], [ -71.45174799953304, 41.739455999795211 ], [ -71.4520969995325, 41.739116999795726 ], [ -71.452340999532112, 41.738849999796173 ], [ -71.452532999531854, 41.738562999796613 ], [ -71.452759999531509, 41.738262999797087 ], [ -71.452985999531109, 41.738092999797345 ], [ -71.453177999530851, 41.73796299979756 ], [ -71.453491999530343, 41.737688999797967 ], [ -71.453735999529954, 41.737427999798342 ], [ -71.453840999529803, 41.737192999798708 ], [ -71.453910999529683, 41.73693199979914 ], [ -71.453892999529728, 41.736670999799514 ], [ -71.453823999529845, 41.736474999799839 ], [ -71.453753999529965, 41.736239999800205 ], [ -71.453579999530234, 41.735926999800711 ], [ -71.453423999530457, 41.735626999801184 ], [ -71.453214999530758, 41.735287999801699 ], [ -71.452970999531146, 41.734764999802508 ], [ -71.452849999531338, 41.734334999803139 ], [ -71.452866999531295, 41.734086999803537 ], [ -71.452936999531232, 41.73386499980387 ], [ -71.453006999531112, 41.733707999804153 ], [ -71.453128999530918, 41.733525999804442 ], [ -71.453285999530692, 41.73332999980471 ], [ -71.453459999530423, 41.733186999804957 ], [ -71.453668999530066, 41.733003999805248 ], [ -71.45389599952972, 41.73288699980543 ], [ -71.454418999528912, 41.732625999805805 ], [ -71.454906999528134, 41.732442999806096 ], [ -71.455341999527491, 41.732364999806236 ], [ -71.45557499952713, 41.732385999806183 ], [ -71.455717999526883, 41.732412999806172 ], [ -71.45597399952652, 41.732460999806051 ], [ -71.456411999525812, 41.732388999806176 ], [ -71.457598999523952, 41.732354999806262 ], [ -71.460248999519877, 41.732277999806342 ], [ -71.460598999519334, 41.732267999806368 ], [ -71.46105799951863, 41.732254999806401 ], [ -71.461689999517603, 41.732236999806446 ], [ -71.462524999516347, 41.732211999806452 ], [ -71.463031999515522, 41.732197999806488 ], [ -71.46364099951461, 41.732179999806533 ], [ -71.464317999513526, 41.732158999806529 ], [ -71.464998999512488, 41.73213899980658 ], [ -71.466025999510919, 41.732105999806606 ], [ -71.466872999509576, 41.732088999806649 ], [ -71.467129999509154, 41.732083999806662 ], [ -71.467470999508635, 41.732078999806674 ], [ -71.467938999507908, 41.732078999806674 ], [ -71.469138999506072, 41.732061999806717 ], [ -71.469671999505238, 41.732044999806703 ], [ -71.472805999500395, 41.731954999806874 ], [ -71.47473899949739, 41.731899999806956 ], [ -71.475582999496055, 41.731862999806992 ], [ -71.476711999494285, 41.731813999807059 ], [ -71.476814999494138, 41.731788999807122 ], [ -71.476970999493915, 41.731751999807159 ], [ -71.477081999493748, 41.731724999807227 ], [ -71.477685999492792, 41.731710999807262 ], [ -71.478308999491844, 41.731696999807241 ], [ -71.479193999490462, 41.731675999807294 ], [ -71.479759999489545, 41.731662999807327 ], [ -71.479851999489426, 41.731660999807332 ], [ -71.480003999489213, 41.731656999807342 ], [ -71.480110999489, 41.731653999807349 ], [ -71.481565999486747, 41.73163899980733 ], [ -71.481745999486463, 41.731634999807341 ], [ -71.482071999485981, 41.731625999807363 ], [ -71.482302999485626, 41.731619999807378 ], [ -71.483617999483556, 41.731611999807399 ], [ -71.483909999483103, 41.731602999807421 ], [ -71.484157999482761, 41.731594999807442 ], [ -71.486038999479831, 41.731535999807534 ], [ -71.486163999479629, 41.731532999807484 ], [ -71.486568000520663, 41.73151899980752 ], [ -71.486835000520273, 41.73151099980754 ], [ -71.48705400051989, 41.731504999807555 ], [ -71.488246000518075, 41.731471999807582 ], [ -71.490182000515063, 41.731417999807718 ], [ -71.490677000514268, 41.731400999807704 ], [ -71.493451000509992, 41.73130499980789 ], [ -71.493751000509519, 41.731294999807858 ], [ -71.494144000508925, 41.731280999807893 ], [ -71.494364000508597, 41.731272999807913 ], [ -71.494694000508048, 41.731261999807941 ], [ -71.494834000507865, 41.731256999807954 ], [ -71.495797000506343, 41.73122399980798 ], [ -71.496226000505658, 41.731208999808018 ], [ -71.497849000503152, 41.73114999980811 ], [ -71.497942000503031, 41.731150999808108 ], [ -71.501832000496961, 41.731060999808221 ], [ -71.503659000494167, 41.73101799980833 ], [ -71.504616000492661, 41.730995999808329 ], [ -71.507805000487735, 41.730884999808495 ], [ -71.508643000486416, 41.730855999808568 ], [ -71.5093550004853, 41.730830999808575 ], [ -71.509486000485083, 41.730825999808587 ], [ -71.509616000484868, 41.730821999808597 ], [ -71.511985000481218, 41.730739999808748 ], [ -71.512331000480685, 41.73072699980878 ], [ -71.513183000479387, 41.730697999808797 ], [ -71.513225000479281, 41.730696999808799 ], [ -71.513294000479164, 41.730693999808807 ], [ -71.516861000473625, 41.730607999808967 ], [ -71.518705000470788, 41.730507999809106 ], [ -71.519413000469683, 41.730468999809148 ], [ -71.519865000468997, 41.730443999809211 ], [ -71.519928000468894, 41.730442999809213 ], [ -71.519981000468817, 41.730437999809226 ], [ -71.520063000468667, 41.730432999809238 ], [ -71.520410000468132, 41.730428999809249 ], [ -71.521424000466595, 41.730402999809257 ], [ -71.521494000466475, 41.730402999809257 ], [ -71.522282000465225, 41.730382999809308 ], [ -71.52296200046419, 41.730366999809348 ], [ -71.523144000463901, 41.730362999809302 ], [ -71.524500000461785, 41.730345999809344 ], [ -71.525348000460497, 41.73032799980939 ], [ -71.527750000456763, 41.730273999809469 ], [ -71.529232000454442, 41.730256999809512 ], [ -71.530518000452446, 41.730243999809488 ], [ -71.530701000452154, 41.730240999809496 ], [ -71.531229000451333, 41.730230999809521 ], [ -71.531692000450619, 41.730222999809541 ], [ -71.532217000449805, 41.730212999809567 ], [ -71.533159000448336, 41.730196999809607 ], [ -71.534020000447015, 41.730180999809591 ], [ -71.534286000446627, 41.730170999809616 ], [ -71.534321000446539, 41.730168999809621 ], [ -71.534426000446388, 41.730171999809613 ], [ -71.534438000446357, 41.730173999809608 ], [ -71.534965000445538, 41.730169999809618 ], [ -71.535609000444538, 41.730164999809631 ], [ -71.535684000444462, 41.730164999809631 ], [ -71.538377000440278, 41.730144999809681 ], [ -71.538966000439359, 41.730140999809691 ], [ -71.540233000437354, 41.730130999809717 ], [ -71.540441000437056, 41.730129999809662 ], [ -71.540803000436483, 41.73012699980967 ], [ -71.544171000431277, 41.730102999809731 ], [ -71.544724000430392, 41.730075999809799 ], [ -71.545143000429732, 41.730071999809752 ], [ -71.545364000429402, 41.730065999809767 ], [ -71.54546100042927, 41.730073999809804 ], [ -71.545497000429179, 41.730076999809796 ], [ -71.545578000429089, 41.730083999809779 ], [ -71.545807000428738, 41.730096999809746 ], [ -71.545963000428458, 41.730091999809758 ], [ -71.546439000427767, 41.730536999809033 ], [ -71.546788000427171, 41.730863999808548 ], [ -71.546984000426903, 41.731006999808301 ], [ -71.547353000426313, 41.731202999808033 ] ] ] } },
{ "type": "Feature", "properties": { "permanent_": "76464fe5-f8f0-475b-a77c-eed70a08bb3d", "source_fea": "44003", "source_dat": "ccda6193-1739-4dd9-aa2b-1f14c80bcca4", "source_d_1": "2022 TIGER/Line Shapefile, Current County and Equivalent", "source_ori": "U.S. Census Bureau", "loaddate": "2022-11-30", "fcode": 61200, "state_fips": "44", "state_name": "Rhode Island", "county_fip": "003", "county_nam": "Kent", "stco_fipsc": "44003", "population": 170363, "areasqkm": 487.27488983000001, "gnis_id": "1219778", "gnis_name": "Kent County", "shape_Leng": null, "shape_Area": null, "ObjectID": 5 }, "geometry": { "type": "Polygon", "coordinates": [ [ [ -71.544807000430296, 41.601993000008576 ], [ -71.545013000429947, 41.601916000008714 ], [ -71.546147000428221, 41.60189100000872 ], [ -71.547388000426281, 41.601874000008763 ], [ -71.550504000421427, 41.601796000008903 ], [ -71.551279000420209, 41.601774000008902 ], [ -71.552429000418442, 41.60174700000897 ], [ -71.557869000409994, 41.601595000009183 ], [ -71.563853000400684, 41.601462000009406 ], [ -71.564705000399385, 41.601443000009453 ], [ -71.567392000395216, 41.601448000009441 ], [ -71.569152000392478, 41.601443000009453 ], [ -71.569257000392327, 41.601443000009453 ], [ -71.571753000388469, 41.601391000009528 ], [ -71.574285000384521, 41.601351000009572 ], [ -71.577125000380136, 41.601307000009626 ], [ -71.578016000378739, 41.601299000009647 ], [ -71.583158000370759, 41.601257000009753 ], [ -71.59041300035949, 41.60119600000985 ], [ -71.591374000357973, 41.601188000009813 ], [ -71.594190000353649, 41.601165000009871 ], [ -71.59590000035098, 41.601150000009909 ], [ -71.596034000350755, 41.601149000009912 ], [ -71.596779000349613, 41.60112700000991 ], [ -71.601799000341828, 41.600972000010188 ], [ -71.602638000340505, 41.600946000010197 ], [ -71.604687000337321, 41.600883000010299 ], [ -71.604801000337147, 41.600879000010309 ], [ -71.604941000336908, 41.600875000010319 ], [ -71.607932000332312, 41.60085500001037 ], [ -71.610305000328594, 41.600866000010342 ], [ -71.613553000323577, 41.600876000010317 ], [ -71.613725000323313, 41.600876000010317 ], [ -71.616306000319298, 41.600884000010296 ], [ -71.618256000316251, 41.600890000010281 ], [ -71.620461000312844, 41.600896000010266 ], [ -71.620732000312444, 41.600896000010266 ], [ -71.627476000301954, 41.600915000010275 ], [ -71.636984000287214, 41.600948000010192 ], [ -71.637321000286647, 41.600948000010192 ], [ -71.637813000285917, 41.600951000010184 ], [ -71.64159600028006, 41.600959000010164 ], [ -71.641910000279552, 41.600959000010164 ], [ -71.642279000278961, 41.600960000010161 ], [ -71.642526000278622, 41.600960000010161 ], [ -71.643354000277327, 41.600962000010213 ], [ -71.643603000276926, 41.60098300001016 ], [ -71.643726000276729, 41.600981000010165 ], [ -71.643983000276307, 41.60097900001017 ], [ -71.645242000274379, 41.600664000010624 ], [ -71.646222000272871, 41.600434000010978 ], [ -71.6468940002718, 41.600275000011266 ], [ -71.647516000270855, 41.600129000011464 ], [ -71.647732000270537, 41.600079000011533 ], [ -71.648045000270031, 41.60000600001166 ], [ -71.64821200026978, 41.5999680000117 ], [ -71.648805000268851, 41.599831000011932 ], [ -71.649079000268443, 41.599761000012052 ], [ -71.64953500026769, 41.599653000012211 ], [ -71.65119400026515, 41.59925800001281 ], [ -71.651411000264829, 41.599206000012884 ], [ -71.651590000264548, 41.599163000012993 ], [ -71.653019000262304, 41.598828000013498 ], [ -71.653173000262086, 41.598796000013522 ], [ -71.653570000261425, 41.598701000013705 ], [ -71.653693000261285, 41.598701000013705 ], [ -71.654634000259819, 41.59869900001371 ], [ -71.654787000259546, 41.59869900001371 ], [ -71.65530500025875, 41.598698000013712 ], [ -71.655686000258186, 41.598697000013715 ], [ -71.65751100025534, 41.598693000013725 ], [ -71.658328000254073, 41.59869100001373 ], [ -71.658387000253981, 41.598692000013727 ], [ -71.65862400025361, 41.598693000013725 ], [ -71.658757000253388, 41.598693000013725 ], [ -71.659074000252929, 41.598694000013722 ], [ -71.659395000252402, 41.598692000013727 ], [ -71.659704000251907, 41.598689000013735 ], [ -71.661475000249197, 41.598690000013733 ], [ -71.662229000248033, 41.598690000013733 ], [ -71.662263000247947, 41.598690000013733 ], [ -71.663177000246549, 41.598690000013733 ], [ -71.664217000244946, 41.598612000013816 ], [ -71.665003000243701, 41.598616000013806 ], [ -71.66605400024207, 41.598616000013806 ], [ -71.668099000238897, 41.598672000013721 ], [ -71.669415000236881, 41.598711000013679 ], [ -71.670068000235858, 41.598720000013657 ], [ -71.671839000233092, 41.598731000013629 ], [ -71.672127000232649, 41.598731000013629 ], [ -71.674622000228794, 41.598730000013632 ], [ -71.676448000225946, 41.598731000013629 ], [ -71.682079000217186, 41.598734000013621 ], [ -71.683884000214391, 41.598735000013619 ], [ -71.685951000211162, 41.598736000013616 ], [ -71.688444000207312, 41.598822000013513 ], [ -71.69016600020467, 41.598840000013467 ], [ -71.692842000200471, 41.598869000013451 ], [ -71.692908000200418, 41.598868000013454 ], [ -71.693130000200028, 41.598867000013456 ], [ -71.699088000190784, 41.598869000013451 ], [ -71.703409000184081, 41.598869000013451 ], [ -71.703835000183403, 41.598868000013454 ], [ -71.703880000183347, 41.598868000013454 ], [ -71.707187000178237, 41.598832000013488 ], [ -71.709783000174184, 41.598804000013558 ], [ -71.710436000173161, 41.598797000013519 ], [ -71.710527000173045, 41.598796000013522 ], [ -71.714020000167636, 41.59875700001362 ], [ -71.717464000162295, 41.598719000013659 ], [ -71.7198280001586, 41.598711000013679 ], [ -71.724228000151754, 41.59869500001372 ], [ -71.724478000151407, 41.598696000013717 ], [ -71.726869000147701, 41.5987030000137 ], [ -71.728865000144594, 41.598709000013685 ], [ -71.729351000143822, 41.598710000013682 ], [ -71.732201000139412, 41.598718000013662 ], [ -71.734643000135634, 41.598720000013657 ], [ -71.735075000134941, 41.598721000013654 ], [ -71.742428000123539, 41.598668000013731 ], [ -71.743320000122139, 41.598657000013759 ], [ -71.743526000121847, 41.598647000013784 ], [ -71.744672000120033, 41.598594000013861 ], [ -71.745408000118914, 41.598559000013893 ], [ -71.745525000118732, 41.598554000013905 ], [ -71.746456000117291, 41.598510000014016 ], [ -71.748650000113855, 41.598413000014148 ], [ -71.749580000112417, 41.598385000014162 ], [ -71.749826000112023, 41.598375000014187 ], [ -71.750205000111464, 41.598366000014209 ], [ -71.760811000094975, 41.598044000014738 ], [ -71.763108000091449, 41.597944000014877 ], [ -71.76477600008883, 41.597870000015007 ], [ -71.771409000078563, 41.597579000015457 ], [ -71.772647000076631, 41.59752400001554 ], [ -71.777408000069215, 41.597322000015822 ], [ -71.781354000063118, 41.597161000016058 ], [ -71.785882000056063, 41.596982000016339 ], [ -71.789247000050864, 41.596847000016567 ], [ -71.78920600005091, 41.598181000014506 ], [ -71.789084000051105, 41.60218600000826 ], [ -71.789044000051149, 41.603521000006197 ], [ -71.788994000051218, 41.604832000004194 ], [ -71.788902000051394, 41.60731600000031 ], [ -71.788856000051453, 41.607659999999782 ], [ -71.788853000051461, 41.607712999999706 ], [ -71.78880300005153, 41.608762999998078 ], [ -71.788776000051598, 41.609351999997159 ], [ -71.788761000051636, 41.609664999996653 ], [ -71.788742000051627, 41.610074999996016 ], [ -71.788723000051675, 41.610470999995414 ], [ -71.788669000051755, 41.61161999999365 ], [ -71.788666000051762, 41.611659999993606 ], [ -71.78864700005181, 41.612056999992944 ], [ -71.788554000051931, 41.613847999990185 ], [ -71.78837600005221, 41.617282999984866 ], [ -71.788291000052311, 41.619223999981841 ], [ -71.788216000052444, 41.620975999979123 ], [ -71.788213000052451, 41.621016999979076 ], [ -71.788195000052497, 41.621650999978044 ], [ -71.788144000052569, 41.623553999975115 ], [ -71.788127000052611, 41.624188999974137 ], [ -71.788108000052603, 41.624859999973069 ], [ -71.788036000052728, 41.627496999968969 ], [ -71.788002000052813, 41.628718999967077 ], [ -71.787997000052769, 41.62891499996681 ], [ -71.787993000052779, 41.62905899996656 ], [ -71.787990000052787, 41.629134999966482 ], [ -71.787988000052792, 41.629211999966344 ], [ -71.787986000052797, 41.629278999966232 ], [ -71.787984000052802, 41.629346999966117 ], [ -71.787956000052873, 41.630366999964565 ], [ -71.787922000052902, 41.631615999962605 ], [ -71.787873000052969, 41.63342899995979 ], [ -71.787864000052991, 41.633774999959257 ], [ -71.787846000053037, 41.634449999958179 ], [ -71.787843000053044, 41.634579999958021 ], [ -71.787834000053067, 41.634818999957645 ], [ -71.787798000053101, 41.635829999956059 ], [ -71.787795000053109, 41.63592599995593 ], [ -71.787783000053139, 41.636295999955337 ], [ -71.787777000053154, 41.636455999955103 ], [ -71.78776000005314, 41.636936999954344 ], [ -71.787755000053153, 41.637097999954108 ], [ -71.78774800005317, 41.637266999953852 ], [ -71.787731000053213, 41.637775999953021 ], [ -71.787726000053226, 41.637945999952763 ], [ -71.787712000053261, 41.638339999952166 ], [ -71.787671000053308, 41.639522999950316 ], [ -71.787658000053341, 41.639917999949716 ], [ -71.787656000053346, 41.639988999949594 ], [ -71.787651000053359, 41.640201999949284 ], [ -71.787651000053359, 41.640218999949241 ], [ -71.787649000053307, 41.640273999949159 ], [ -71.787642000053324, 41.640547999948751 ], [ -71.787638000053335, 41.640709999948513 ], [ -71.787621000053377, 41.641369999947472 ], [ -71.787614000053395, 41.641643999947064 ], [ -71.787601000053428, 41.642157999946221 ], [ -71.787561000053472, 41.64370099994386 ], [ -71.787549000053502, 41.644215999943071 ], [ -71.787541000053523, 41.644517999942593 ], [ -71.7874880000536, 41.646584999939364 ], [ -71.787307000053886, 41.653694999928348 ], [ -71.787247000053981, 41.656064999924638 ], [ -71.787239000053944, 41.656110999924579 ], [ -71.787288000053877, 41.657289999922739 ], [ -71.787430000053689, 41.660649999917553 ], [ -71.787444000053654, 41.660968999917031 ], [ -71.787498000053574, 41.662195999915127 ], [ -71.78753400005354, 41.66302499991383 ], [ -71.787643000053322, 41.665514999909988 ], [ -71.787680000053285, 41.666344999908688 ], [ -71.787681000053283, 41.666360999908647 ], [ -71.78768200005328, 41.666379999908656 ], [ -71.787712000053261, 41.667038999907618 ], [ -71.787810000053071, 41.669121999904405 ], [ -71.787842000053047, 41.669793999903334 ], [ -71.787843000053044, 41.669816999903333 ], [ -71.787938000052861, 41.672646999898916 ], [ -71.788225000052421, 41.681140999885713 ], [ -71.788321000052292, 41.683971999881351 ], [ -71.788336000052254, 41.684420999880615 ], [ -71.788346000052229, 41.684704999880182 ], [ -71.788381000052198, 41.685767999878522 ], [ -71.788397000052157, 41.68621799987784 ], [ -71.788432000052126, 41.687278999876185 ], [ -71.788540000051967, 41.69046399987127 ], [ -71.788575000051878, 41.691478999869673 ], [ -71.788577000051873, 41.691525999869611 ], [ -71.788579000051868, 41.691591999869502 ], [ -71.788598000051877, 41.692166999868618 ], [ -71.78866300005177, 41.694092999865632 ], [ -71.788685000051714, 41.694734999864636 ], [ -71.788692000051697, 41.694942999864281 ], [ -71.788714000051698, 41.695560999863346 ], [ -71.788715000051695, 41.69559799986331 ], [ -71.788718000051688, 41.695693999863124 ], [ -71.788804000051528, 41.698335999859069 ], [ -71.788887000051432, 41.700738999855332 ], [ -71.788923000051341, 41.701783999853717 ], [ -71.789032000051179, 41.704918999848815 ], [ -71.789069000051143, 41.705963999847199 ], [ -71.789117000051078, 41.707399999844995 ], [ -71.78907800005112, 41.707480999844847 ], [ -71.78907000005114, 41.707552999844722 ], [ -71.789063000051158, 41.707620999844607 ], [ -71.789128000051051, 41.707719999844471 ], [ -71.78913600005103, 41.707970999844065 ], [ -71.789163000050962, 41.708761999842864 ], [ -71.789244000050871, 41.711136999839198 ], [ -71.789272000050801, 41.711928999837937 ], [ -71.789274000050796, 41.711986999837848 ], [ -71.789323000050729, 41.71343199983562 ], [ -71.789476000050513, 41.717941999828611 ], [ -71.789527000050441, 41.719445999826291 ], [ -71.789534000050423, 41.719666999825904 ], [ -71.789557000050365, 41.720329999824912 ], [ -71.78956300005035, 41.720495999824664 ], [ -71.789565000050345, 41.720551999824579 ], [ -71.789592000050334, 41.721353999823293 ], [ -71.789675000050181, 41.723759999819606 ], [ -71.789703000050167, 41.724562999818318 ], [ -71.789704000050165, 41.725079999817524 ], [ -71.789704000050165, 41.72519799981734 ], [ -71.789669000050196, 41.725198999817337 ], [ -71.789562000050353, 41.725199999817335 ], [ -71.785969000055957, 41.72525999981724 ], [ -71.774906000073088, 41.725442999816948 ], [ -71.774470000073791, 41.725448999816933 ], [ -71.76844000008316, 41.725544999816805 ], [ -71.768377000083262, 41.725548999816795 ], [ -71.761192000094411, 41.725647999816658 ], [ -71.760908000094844, 41.725651999816648 ], [ -71.759306000097354, 41.725673999816593 ], [ -71.757864000099573, 41.725695999816594 ], [ -71.757764000099712, 41.725696999816591 ], [ -71.754698000104497, 41.725739999816483 ], [ -71.754649000104564, 41.725739999816483 ], [ -71.754572000104702, 41.72574099981648 ], [ -71.75440200010496, 41.725743999816473 ], [ -71.753127000106929, 41.725761999816484 ], [ -71.753098000106945, 41.725764999816477 ], [ -71.752988000107109, 41.725763999816479 ], [ -71.752846000107354, 41.725765999816474 ], [ -71.752389000108053, 41.725772999816456 ], [ -71.745964000118022, 41.725862999816286 ], [ -71.740760000126102, 41.725940999816203 ], [ -71.739508000128069, 41.72596999981613 ], [ -71.735023000135016, 41.726032999816027 ], [ -71.720368000157748, 41.726320999815584 ], [ -71.720257000157915, 41.726322999815579 ], [ -71.72011100015817, 41.726325999815572 ], [ -71.720034000158307, 41.726327999815567 ], [ -71.719590000158973, 41.726336999815601 ], [ -71.71949900015909, 41.726337999815598 ], [ -71.719007000159877, 41.726347999815573 ], [ -71.715887000164741, 41.726408999815476 ], [ -71.713105000169037, 41.726458999815407 ], [ -71.712749000169595, 41.726465999815389 ], [ -71.704842000181884, 41.726607999815144 ], [ -71.703594000183784, 41.726633999815135 ], [ -71.700933000187945, 41.726686999815058 ], [ -71.700584000188485, 41.726693999815041 ], [ -71.698209000192151, 41.726741999814976 ], [ -71.696528000194746, 41.726780999814878 ], [ -71.686674000210076, 41.727007999814532 ], [ -71.684517000213418, 41.727056999814465 ], [ -71.684064000214107, 41.727067999814437 ], [ -71.681380000218269, 41.727129999814338 ], [ -71.679701000220916, 41.727163999814309 ], [ -71.678200000223228, 41.727197999814223 ], [ -71.673904000229868, 41.727290999814102 ], [ -71.672553000231972, 41.727314999814041 ], [ -71.67195600023291, 41.72732599981407 ], [ -71.671700000233329, 41.727330999814058 ], [ -71.669494000236739, 41.727373999813949 ], [ -71.668434000238392, 41.72746999981382 ], [ -71.667794000239383, 41.727459999813846 ], [ -71.666094000242026, 41.727431999813859 ], [ -71.666049000242083, 41.727431999813859 ], [ -71.665991000242173, 41.727432999813857 ], [ -71.663048000246761, 41.727483999813785 ], [ -71.662584000247477, 41.727490999813767 ], [ -71.662207000248031, 41.72749799981375 ], [ -71.657684000255074, 41.727576999813664 ], [ -71.657194000255799, 41.727581999813651 ], [ -71.648881000268716, 41.727674999813473 ], [ -71.647336000271139, 41.727747999813403 ], [ -71.646080000273059, 41.72776899981335 ], [ -71.645143000274516, 41.727784999813309 ], [ -71.644913000274869, 41.727788999813299 ], [ -71.644503000275506, 41.727796999813336 ], [ -71.644255000275905, 41.727799999813328 ], [ -71.644091000276148, 41.727802999813321 ], [ -71.641452000280253, 41.72784699981321 ], [ -71.641328000280453, 41.727849999813202 ], [ -71.641268000280547, 41.727849999813202 ], [ -71.640346000281966, 41.727863999813223 ], [ -71.638485000284845, 41.727905999813117 ], [ -71.637346000286641, 41.727932999813106 ], [ -71.636033000288649, 41.72796299981303 ], [ -71.633828000292112, 41.728013999812958 ], [ -71.633642000292411, 41.728018999812946 ], [ -71.633306000292919, 41.728025999812928 ], [ -71.631726000295373, 41.728062999812892 ], [ -71.628331000300648, 41.728140999812751 ], [ -71.62799700030115, 41.728148999812788 ], [ -71.626353000303709, 41.728185999812695 ], [ -71.624994000305833, 41.728218999812668 ], [ -71.624780000306146, 41.728223999812656 ], [ -71.624595000306442, 41.728228999812643 ], [ -71.624204000307031, 41.72823799981262 ], [ -71.618397000316065, 41.728369999812401 ], [ -71.618142000316425, 41.728374999812388 ], [ -71.617553000317344, 41.728387999812412 ], [ -71.613886000323021, 41.728468999812264 ], [ -71.612957000324514, 41.728488999812214 ], [ -71.61229200032551, 41.728502999812235 ], [ -71.611739000326395, 41.728515999812203 ], [ -71.607275000333289, 41.728612999812071 ], [ -71.602864000340162, 41.728712999811876 ], [ -71.60044200034389, 41.728769999811789 ], [ -71.598609000346755, 41.728812999811737 ], [ -71.598222000347334, 41.728821999811714 ], [ -71.597407000348653, 41.728842999811661 ], [ -71.597249000348882, 41.728844999811713 ], [ -71.596200000350507, 41.72886999981165 ], [ -71.593784000354276, 41.728925999811565 ], [ -71.591194000358257, 41.728986999811468 ], [ -71.586186000366069, 41.729104999811284 ], [ -71.581093000373926, 41.729229999811082 ], [ -71.580411000375022, 41.729244999811044 ], [ -71.579879000375854, 41.729259999811063 ], [ -71.576525000381025, 41.729339999810918 ], [ -71.573168000386261, 41.729421999810768 ], [ -71.570380000390571, 41.72948999981071 ], [ -71.569776000391528, 41.729504999810672 ], [ -71.56944200039203, 41.729512999810652 ], [ -71.569277000392276, 41.729516999810642 ], [ -71.567787000394617, 41.729553999810605 ], [ -71.566630000396401, 41.729581999810534 ], [ -71.563128000401832, 41.729666999810433 ], [ -71.562938000402141, 41.729671999810421 ], [ -71.562595000402666, 41.729679999810401 ], [ -71.562364000403022, 41.729686999810383 ], [ -71.560295000406256, 41.729739999810306 ], [ -71.560138000406482, 41.729742999810298 ], [ -71.557477000410586, 41.729811999810181 ], [ -71.556751000411737, 41.729829999810136 ], [ -71.556174000412625, 41.729844999810155 ], [ -71.554597000415072, 41.729885999810051 ], [ -71.554397000415406, 41.729890999810038 ], [ -71.552952000417633, 41.729927999810002 ], [ -71.552219000418745, 41.729942999809964 ], [ -71.550922000420769, 41.729969999809953 ], [ -71.550105000422036, 41.729983999809917 ], [ -71.550038000422148, 41.729984999809915 ], [ -71.549722000422662, 41.729988999809905 ], [ -71.549615000422818, 41.729988999809905 ], [ -71.548921000423888, 41.729996999809885 ], [ -71.548833000423997, 41.729995999809887 ], [ -71.548515000424516, 41.730000999809874 ], [ -71.547578000425972, 41.730021999809878 ], [ -71.547430000426175, 41.730024999809871 ], [ -71.547429000426177, 41.730305999809445 ], [ -71.547426000426185, 41.731064999808211 ], [ -71.547425000426188, 41.731241999807992 ], [ -71.547353000426313, 41.731202999808033 ], [ -71.546984000426903, 41.731006999808301 ], [ -71.546788000427171, 41.730863999808548 ], [ -71.546439000427767, 41.730536999809033 ], [ -71.545963000428458, 41.730091999809758 ], [ -71.545807000428738, 41.730096999809746 ], [ -71.545578000429089, 41.730083999809779 ], [ -71.545497000429179, 41.730076999809796 ], [ -71.54546100042927, 41.730073999809804 ], [ -71.545364000429402, 41.730065999809767 ], [ -71.545143000429732, 41.730071999809752 ], [ -71.544724000430392, 41.730075999809799 ], [ -71.544171000431277, 41.730102999809731 ], [ -71.540803000436483, 41.73012699980967 ], [ -71.540441000437056, 41.730129999809662 ], [ -71.540233000437354, 41.730130999809717 ], [ -71.538966000439359, 41.730140999809691 ], [ -71.538377000440278, 41.730144999809681 ], [ -71.535684000444462, 41.730164999809631 ], [ -71.535609000444538, 41.730164999809631 ], [ -71.534965000445538, 41.730169999809618 ], [ -71.534438000446357, 41.730173999809608 ], [ -71.534426000446388, 41.730171999809613 ], [ -71.534321000446539, 41.730168999809621 ], [ -71.534286000446627, 41.730170999809616 ], [ -71.534020000447015, 41.730180999809591 ], [ -71.533159000448336, 41.730196999809607 ], [ -71.532217000449805, 41.730212999809567 ], [ -71.531692000450619, 41.730222999809541 ], [ -71.531229000451333, 41.730230999809521 ], [ -71.530701000452154, 41.730240999809496 ], [ -71.530518000452446, 41.730243999809488 ], [ -71.529232000454442, 41.730256999809512 ], [ -71.527750000456763, 41.730273999809469 ], [ -71.525348000460497, 41.73032799980939 ], [ -71.524500000461785, 41.730345999809344 ], [ -71.523144000463901, 41.730362999809302 ], [ -71.52296200046419, 41.730366999809348 ], [ -71.522282000465225, 41.730382999809308 ], [ -71.521494000466475, 41.730402999809257 ], [ -71.521424000466595, 41.730402999809257 ], [ -71.520410000468132, 41.730428999809249 ], [ -71.520063000468667, 41.730432999809238 ], [ -71.519981000468817, 41.730437999809226 ], [ -71.519928000468894, 41.730442999809213 ], [ -71.519865000468997, 41.730443999809211 ], [ -71.519413000469683, 41.730468999809148 ], [ -71.518705000470788, 41.730507999809106 ], [ -71.516861000473625, 41.730607999808967 ], [ -71.513294000479164, 41.730693999808807 ], [ -71.513225000479281, 41.730696999808799 ], [ -71.513183000479387, 41.730697999808797 ], [ -71.512331000480685, 41.73072699980878 ], [ -71.511985000481218, 41.730739999808748 ], [ -71.509616000484868, 41.730821999808597 ], [ -71.509486000485083, 41.730825999808587 ], [ -71.5093550004853, 41.730830999808575 ], [ -71.508643000486416, 41.730855999808568 ], [ -71.507805000487735, 41.730884999808495 ], [ -71.504616000492661, 41.730995999808329 ], [ -71.503659000494167, 41.73101799980833 ], [ -71.501832000496961, 41.731060999808221 ], [ -71.497942000503031, 41.731150999808108 ], [ -71.497849000503152, 41.73114999980811 ], [ -71.496226000505658, 41.731208999808018 ], [ -71.495797000506343, 41.73122399980798 ], [ -71.494834000507865, 41.731256999807954 ], [ -71.494694000508048, 41.731261999807941 ], [ -71.494364000508597, 41.731272999807913 ], [ -71.494144000508925, 41.731280999807893 ], [ -71.493751000509519, 41.731294999807858 ], [ -71.493451000509992, 41.73130499980789 ], [ -71.490677000514268, 41.731400999807704 ], [ -71.490182000515063, 41.731417999807718 ], [ -71.488246000518075, 41.731471999807582 ], [ -71.48705400051989, 41.731504999807555 ], [ -71.486835000520273, 41.73151099980754 ], [ -71.486568000520663, 41.73151899980752 ], [ -71.486163999479629, 41.731532999807484 ], [ -71.486038999479831, 41.731535999807534 ], [ -71.484157999482761, 41.731594999807442 ], [ -71.483909999483103, 41.731602999807421 ], [ -71.483617999483556, 41.731611999807399 ], [ -71.482302999485626, 41.731619999807378 ], [ -71.482071999485981, 41.731625999807363 ], [ -71.481745999486463, 41.731634999807341 ], [ -71.481565999486747, 41.73163899980733 ], [ -71.480110999489, 41.731653999807349 ], [ -71.480003999489213, 41.731656999807342 ], [ -71.479851999489426, 41.731660999807332 ], [ -71.479759999489545, 41.731662999807327 ], [ -71.479193999490462, 41.731675999807294 ], [ -71.478308999491844, 41.731696999807241 ], [ -71.477685999492792, 41.731710999807262 ], [ -71.477081999493748, 41.731724999807227 ], [ -71.476970999493915, 41.731751999807159 ], [ -71.476814999494138, 41.731788999807122 ], [ -71.476711999494285, 41.731813999807059 ], [ -71.475582999496055, 41.731862999806992 ], [ -71.47473899949739, 41.731899999806956 ], [ -71.472805999500395, 41.731954999806874 ], [ -71.469671999505238, 41.732044999806703 ], [ -71.469138999506072, 41.732061999806717 ], [ -71.467938999507908, 41.732078999806674 ], [ -71.467470999508635, 41.732078999806674 ], [ -71.467129999509154, 41.732083999806662 ], [ -71.466872999509576, 41.732088999806649 ], [ -71.466025999510919, 41.732105999806606 ], [ -71.464998999512488, 41.73213899980658 ], [ -71.464317999513526, 41.732158999806529 ], [ -71.46364099951461, 41.732179999806533 ], [ -71.463031999515522, 41.732197999806488 ], [ -71.462524999516347, 41.732211999806452 ], [ -71.461689999517603, 41.732236999806446 ], [ -71.46105799951863, 41.732254999806401 ], [ -71.460598999519334, 41.732267999806368 ], [ -71.460248999519877, 41.732277999806342 ], [ -71.457598999523952, 41.732354999806262 ], [ -71.456411999525812, 41.732388999806176 ], [ -71.45597399952652, 41.732460999806051 ], [ -71.455717999526883, 41.732412999806172 ], [ -71.45557499952713, 41.732385999806183 ], [ -71.455341999527491, 41.732364999806236 ], [ -71.454906999528134, 41.732442999806096 ], [ -71.454418999528912, 41.732625999805805 ], [ -71.45389599952972, 41.73288699980543 ], [ -71.453668999530066, 41.733003999805248 ], [ -71.453459999530423, 41.733186999804957 ], [ -71.453285999530692, 41.73332999980471 ], [ -71.453128999530918, 41.733525999804442 ], [ -71.453006999531112, 41.733707999804153 ], [ -71.452936999531232, 41.73386499980387 ], [ -71.452866999531295, 41.734086999803537 ], [ -71.452849999531338, 41.734334999803139 ], [ -71.452970999531146, 41.734764999802508 ], [ -71.453214999530758, 41.735287999801699 ], [ -71.453423999530457, 41.735626999801184 ], [ -71.453579999530234, 41.735926999800711 ], [ -71.453753999529965, 41.736239999800205 ], [ -71.453823999529845, 41.736474999799839 ], [ -71.453892999529728, 41.736670999799514 ], [ -71.453910999529683, 41.73693199979914 ], [ -71.453840999529803, 41.737192999798708 ], [ -71.453735999529954, 41.737427999798342 ], [ -71.453491999530343, 41.737688999797967 ], [ -71.453177999530851, 41.73796299979756 ], [ -71.452985999531109, 41.738092999797345 ], [ -71.452759999531509, 41.738262999797087 ], [ -71.452532999531854, 41.738562999796613 ], [ -71.452340999532112, 41.738849999796173 ], [ -71.4520969995325, 41.739116999795726 ], [ -71.45174799953304, 41.739455999795211 ], [ -71.451277999533772, 41.739703999794813 ], [ -71.450562999534895, 41.73992599979448 ], [ -71.449952999535867, 41.740029999794331 ], [ -71.449255999536945, 41.740015999794366 ], [ -71.447801999539195, 41.740017999794361 ], [ -71.447376999539813, 41.74000399979434 ], [ -71.447058999540332, 41.739993999794365 ], [ -71.446448999541303, 41.739985999794385 ], [ -71.446374999541376, 41.739986999794382 ], [ -71.446312999541476, 41.739985999794385 ], [ -71.446197999541653, 41.739978999794403 ], [ -71.44607099954186, 41.739974999794413 ], [ -71.44530299954306, 41.740044999794293 ], [ -71.444683999543997, 41.740154999794129 ], [ -71.444290999544648, 41.740395999793748 ], [ -71.44411599954492, 41.740635999793369 ], [ -71.444028999545026, 41.740895999792997 ], [ -71.443965999545128, 41.741157999792563 ], [ -71.443962999545136, 41.741179999792564 ], [ -71.443944999545181, 41.741195999792524 ], [ -71.443936999545201, 41.741292999792336 ], [ -71.443939999545194, 41.741642999791793 ], [ -71.443905999545223, 41.741923999791368 ], [ -71.443931999545157, 41.742293999790832 ], [ -71.443934999545206, 41.742600999790341 ], [ -71.443934999545206, 41.742630999790265 ], [ -71.443973999545108, 41.742945999789811 ], [ -71.444043999544988, 41.743348999789191 ], [ -71.444094999544916, 41.743511999788893 ], [ -71.444110999544932, 41.743563999788819 ], [ -71.4441859995448, 41.743823999788447 ], [ -71.444260999544667, 41.74395499978823 ], [ -71.444297999544631, 41.744054999788091 ], [ -71.444358999544534, 41.744208999787816 ], [ -71.444432999544404, 41.744412999787528 ], [ -71.444495999544301, 41.744527999787351 ], [ -71.44453499954426, 41.744597999787231 ], [ -71.444577999544208, 41.744673999787096 ], [ -71.444705999543999, 41.744914999786715 ], [ -71.444890999543702, 41.745211999786306 ], [ -71.445124999543339, 41.745422999785944 ], [ -71.445326999542999, 41.74560699978565 ], [ -71.445458999542836, 41.746036999785019 ], [ -71.445547999542669, 41.746217999784733 ], [ -71.445947999542057, 41.747246999783101 ], [ -71.446420999541317, 41.748605999781034 ], [ -71.446537999541135, 41.748886999780552 ], [ -71.446615999540995, 41.749071999780313 ], [ -71.446614999540998, 41.749526999779562 ], [ -71.446605999541021, 41.749663999779386 ], [ -71.446593999541051, 41.749679999779346 ], [ -71.446568999541114, 41.749904999779005 ], [ -71.446309999541484, 41.750258999778453 ], [ -71.445973999541991, 41.750555999777987 ], [ -71.445592999542612, 41.750749999777668 ], [ -71.444981999543529, 41.750897999777465 ], [ -71.444676999544015, 41.750932999777376 ], [ -71.444417999544441, 41.750874999777466 ], [ -71.44417399954483, 41.750749999777668 ], [ -71.443975999545103, 41.750668999777815 ], [ -71.443731999545491, 41.750623999777872 ], [ -71.44321299954629, 41.750702999777729 ], [ -71.442434999547515, 41.750988999777292 ], [ -71.442325999547677, 41.75104399977721 ], [ -71.441747999548568, 41.751341999776741 ], [ -71.441624999548765, 41.751428999776635 ], [ -71.441450999549033, 41.751553999776434 ], [ -71.441276999549302, 41.751677999776234 ], [ -71.441091999549599, 41.751809999776015 ], [ -71.440618999550338, 41.75215299977549 ], [ -71.440373999550729, 41.752426999775082 ], [ -71.440190999550964, 41.75276899977456 ], [ -71.440190999550964, 41.752917999774297 ], [ -71.440312999550827, 41.753214999773832 ], [ -71.440464999550557, 41.753475999773457 ], [ -71.440565999550415, 41.753618999773209 ], [ -71.440586999550362, 41.753648999773191 ], [ -71.440679999550241, 41.753785999772958 ], [ -71.440997999549722, 41.754254999772229 ], [ -71.441119999549528, 41.754516999771852 ], [ -71.441164999549471, 41.75471199977153 ], [ -71.441151999549504, 41.754770999771438 ], [ -71.441119999549528, 41.75491699977124 ], [ -71.440966999549801, 41.755087999770979 ], [ -71.440798999550054, 41.755213999770774 ], [ -71.440638999550288, 41.755253999770673 ], [ -71.440523999550464, 41.755281999770659 ], [ -71.440279999550853, 41.755293999770629 ], [ -71.439684999551787, 41.75526999977069 ], [ -71.439532999552, 41.755304999770601 ], [ -71.439455999552138, 41.755418999770427 ], [ -71.439379999552273, 41.755681999770047 ], [ -71.439301999552356, 41.75590299976966 ], [ -71.439287999552391, 41.755943999769613 ], [ -71.43919599955251, 41.756194999769207 ], [ -71.439119999552645, 41.756389999768942 ], [ -71.43919599955251, 41.756606999768564 ], [ -71.439347999552297, 41.756754999768361 ], [ -71.439654999551806, 41.75693399976808 ], [ -71.439853999551531, 41.757019999767977 ], [ -71.44016899955102, 41.757183999767676 ], [ -71.440411999550633, 41.757304999767484 ], [ -71.440550999550453, 41.75741899976731 ], [ -71.44065399955025, 41.757641999766975 ], [ -71.440661999550287, 41.757794999766759 ], [ -71.440573999550395, 41.757911999766577 ], [ -71.440557999550435, 41.757931999766527 ], [ -71.440397999550669, 41.758052999766335 ], [ -71.440095999551147, 41.758076999766331 ], [ -71.439611999551914, 41.758033999766383 ], [ -71.439302999552353, 41.757877999766606 ], [ -71.43911799955265, 41.757828999766673 ], [ -71.438828999553095, 41.757828999766673 ], [ -71.438507999553622, 41.757942999766499 ], [ -71.43821799955407, 41.758101999766268 ], [ -71.438110999554226, 41.758284999765976 ], [ -71.43798899955442, 41.758969999764929 ], [ -71.43792699955452, 41.75917599976458 ], [ -71.437835999554636, 41.7594389997642 ], [ -71.437697999554871, 41.759666999763851 ], [ -71.437560999555046, 41.759826999763618 ], [ -71.43737699955534, 41.759906999763473 ], [ -71.437163999555708, 41.759963999763386 ], [ -71.43690399955608, 41.759974999763358 ], [ -71.436598999556566, 41.759940999763444 ], [ -71.436400999556895, 41.759848999763562 ], [ -71.436248999557108, 41.759757999763679 ], [ -71.436095999557324, 41.759711999763795 ], [ -71.435882999557691, 41.759676999763826 ], [ -71.435592999558139, 41.759722999763767 ], [ -71.435241999558684, 41.759790999763652 ], [ -71.434997999559073, 41.759882999763533 ], [ -71.434844999559289, 41.759973999763361 ], [ -71.434600999559677, 41.760115999763173 ], [ -71.434493999559834, 41.760241999762968 ], [ -71.43438699955999, 41.760390999762706 ], [ -71.434259999560197, 41.760591999762426 ], [ -71.434133999560402, 41.760788999762099 ], [ -71.434068999560509, 41.760935999761898 ], [ -71.434050999560498, 41.760983999761777 ], [ -71.434004999560614, 41.761234999761427 ], [ -71.433957999560675, 41.76136199976122 ], [ -71.433774999560967, 41.761440999761078 ], [ -71.433530999561356, 41.76145199976105 ], [ -71.43334799956159, 41.761371999761195 ], [ -71.433166999561877, 41.761234999761427 ], [ -71.433012999562152, 41.761074999761661 ], [ -71.432890999562346, 41.760891999761952 ], [ -71.432891999562344, 41.760594999762418 ], [ -71.432937999562228, 41.760401999762678 ], [ -71.432979999562178, 41.760312999762846 ], [ -71.433044999562071, 41.760195999763027 ], [ -71.433196999561858, 41.760057999763262 ], [ -71.433349999561585, 41.759908999763468 ], [ -71.433395999561526, 41.759761999763668 ], [ -71.433393999561531, 41.759676999763826 ], [ -71.433394999561528, 41.759612999763931 ], [ -71.433334999561623, 41.759498999764105 ], [ -71.433243999561796, 41.759407999764221 ], [ -71.433185999561886, 41.759383999764282 ], [ -71.43307599956205, 41.759338999764338 ], [ -71.432967999562209, 41.759334999764349 ], [ -71.432915999562283, 41.759331999764356 ], [ -71.432832999562436, 41.759326999764369 ], [ -71.432674999562664, 41.759326999764369 ], [ -71.43237399956314, 41.759327999764366 ], [ -71.432195999563419, 41.759382999764284 ], [ -71.432052999563609, 41.759443999764187 ], [ -71.431931999563801, 41.759497999764108 ], [ -71.431641999564249, 41.759657999763874 ], [ -71.431442999564581, 41.759828999763613 ], [ -71.431274999564835, 41.760045999763236 ], [ -71.431106999565088, 41.760388999762711 ], [ -71.430968999565323, 41.760616999762362 ], [ -71.430816999565536, 41.760787999762101 ], [ -71.430556999565965, 41.760878999761985 ], [ -71.430521999565997, 41.760877999761988 ], [ -71.430297999566335, 41.760867999761956 ], [ -71.430080999566712, 41.760809999762046 ], [ -71.429944999566885, 41.760772999762139 ], [ -71.429889999566967, 41.760760999762169 ], [ -71.429499999567611, 41.76067999976226 ], [ -71.428878999568553, 41.760592999762423 ], [ -71.42836099956935, 41.76052399976254 ], [ -71.427734999570305, 41.760545999762485 ], [ -71.427276999571063, 41.760659999762311 ], [ -71.427032999571395, 41.760739999762166 ], [ -71.426773999571822, 41.760830999762049 ], [ -71.426586999572123, 41.760903999761922 ], [ -71.426356999572477, 41.760980999761784 ], [ -71.426247999572638, 41.76101699976175 ], [ -71.426223999572699, 41.76102499976173 ], [ -71.425872999573244, 41.761184999761497 ], [ -71.425529999573769, 41.761363999761215 ], [ -71.425262999574159, 41.761503999760976 ], [ -71.424964999574627, 41.761651999760772 ], [ -71.424399999575485, 41.761930999760352 ], [ -71.423857999576342, 41.762233999759871 ], [ -71.423399999577043, 41.762599999759288 ], [ -71.423185999577413, 41.762793999758969 ], [ -71.422956999577764, 41.762970999758693 ], [ -71.42291599957781, 41.763029999758601 ], [ -71.422742999578077, 41.763278999758256 ], [ -71.422602999578316, 41.763508999757903 ], [ -71.422482999578506, 41.763792999757413 ], [ -71.422375999578662, 41.764043999757064 ], [ -71.422222999578878, 41.76430599975663 ], [ -71.421993999579229, 41.764579999756222 ], [ -71.421912999579376, 41.764629999756153 ], [ -71.421734999579655, 41.764739999755989 ], [ -71.421311999580269, 41.764878999755751 ], [ -71.420940999580864, 41.764887999755729 ], [ -71.420737999581206, 41.764883999755739 ], [ -71.42061999958139, 41.764881999755744 ], [ -71.420284999581895, 41.764875999755759 ], [ -71.419796999582672, 41.764784999755875 ], [ -71.41952299958308, 41.764669999756052 ], [ -71.419339999583372, 41.764600999756169 ], [ -71.41909599958376, 41.764440999756459 ], [ -71.418970999583905, 41.764347999756581 ], [ -71.418897999584033, 41.764292999756663 ], [ -71.418866999584111, 41.764292999756663 ], [ -71.418729999584286, 41.764096999756987 ], [ -71.418714999584324, 41.764075999756983 ], [ -71.418699999584362, 41.763949999757187 ], [ -71.418760999584265, 41.76381299975742 ], [ -71.419035999583855, 41.763549999757799 ], [ -71.419493999583096, 41.763070999758554 ], [ -71.420120999582139, 41.762174999759964 ], [ -71.420196999582004, 41.76198599976027 ], [ -71.420151999582117, 41.761837999760473 ], [ -71.420090999582214, 41.761745999760592 ], [ -71.419968999582352, 41.761665999760737 ], [ -71.41973999958276, 41.761625999760781 ], [ -71.419434999583189, 41.761705999760693 ], [ -71.419077999583749, 41.761884999760412 ], [ -71.418945999583968, 41.761950999760302 ], [ -71.418518999584649, 41.762041999760129 ], [ -71.417847999585661, 41.762166999759984 ], [ -71.417585999586095, 41.762253999759821 ], [ -71.417404999586381, 41.762315999759721 ], [ -71.417065999586896, 41.76249099975945 ], [ -71.416656999587531, 41.762760999759053 ], [ -71.416335999588, 41.76285199975888 ], [ -71.416015999588524, 41.762896999758823 ], [ -71.415805999588827, 41.76290199975881 ], [ -71.415130999589906, 41.762918999758767 ], [ -71.41474999959047, 41.762918999758767 ], [ -71.414382999591055, 41.762952999758738 ], [ -71.414123999591425, 41.763055999758592 ], [ -71.413970999591697, 41.763123999758477 ], [ -71.413802999591951, 41.763226999758331 ], [ -71.413676999592155, 41.763327999758133 ], [ -71.413588999592264, 41.76354599975781 ], [ -71.41354299959238, 41.763682999757634 ], [ -71.413491999592452, 41.763817999757407 ], [ -71.413481999592477, 41.763842999757344 ], [ -71.413313999592731, 41.764082999756965 ], [ -71.412641999593745, 41.764544999756254 ], [ -71.412351999594193, 41.764830999755816 ], [ -71.412182999594449, 41.76505799975547 ], [ -71.412115999594562, 41.765147999755357 ], [ -71.411418999595639, 41.766085999753898 ], [ -71.411159999596066, 41.76630299975352 ], [ -71.410727999596702, 41.766539999753149 ], [ -71.410701999596768, 41.766553999753171 ], [ -71.410258999597431, 41.76665599975297 ], [ -71.409789999598161, 41.766765999752806 ], [ -71.409750999598259, 41.766774999752784 ], [ -71.40967799959833, 41.76678299975282 ], [ -71.409233999599053, 41.766842999752726 ], [ -71.408899999599555, 41.766887999752612 ], [ -71.408628999599955, 41.766944999752525 ], [ -71.408374999600369, 41.767036999752406 ], [ -71.408113999600801, 41.767148999752237 ], [ -71.40777699960131, 41.76726399975206 ], [ -71.407190999602221, 41.767403999751821 ], [ -71.406448999603356, 41.767459999751736 ], [ -71.405645999604587, 41.767583999751537 ], [ -71.405202999605308, 41.767609999751528 ], [ -71.40508599960549, 41.767617999751508 ], [ -71.404260999606777, 41.767776999751277 ], [ -71.403848999607419, 41.767844999751162 ], [ -71.403467999607983, 41.767855999751134 ], [ -71.403025999608701, 41.767798999751221 ], [ -71.402689999609208, 41.76769499975137 ], [ -71.402354999609713, 41.767523999751631 ], [ -71.402079999610123, 41.767214999752127 ], [ -71.401775999610607, 41.76686099975268 ], [ -71.401562999610974, 41.766688999752944 ], [ -71.401394999611227, 41.766551999753176 ], [ -71.401150999611616, 41.766494999753263 ], [ -71.400845999612045, 41.766505999753235 ], [ -71.400677999612299, 41.766665999753002 ], [ -71.400615999612398, 41.766836999752741 ], [ -71.400600999612436, 41.767064999752336 ], [ -71.400584999612477, 41.767373999751896 ], [ -71.400584999612477, 41.767613999751518 ], [ -71.400568999612517, 41.767795999751229 ], [ -71.400476999612636, 41.767955999750995 ], [ -71.400262999612949, 41.768149999750676 ], [ -71.400202999613043, 41.768180999750655 ], [ -71.400018999613337, 41.768275999750472 ], [ -71.399804999613707, 41.768332999750385 ], [ -71.399576999614055, 41.768320999750415 ], [ -71.39937799961433, 41.768263999750502 ], [ -71.399133999614719, 41.768148999750679 ], [ -71.398616999615513, 41.767913999751045 ], [ -71.398051999616428, 41.767656999751466 ], [ -71.397639999617013, 41.767507999751672 ], [ -71.397112999617832, 41.767397999751836 ], [ -71.397090999617888, 41.767393999751846 ], [ -71.396434999618918, 41.767255999752081 ], [ -71.39612099961937, 41.767166999752192 ], [ -71.396068999619501, 41.767152999752227 ], [ -71.395885999619736, 41.767037999752404 ], [ -71.395733999620006, 41.766889999752607 ], [ -71.39562799962016, 41.766683999752956 ], [ -71.395597999620236, 41.766386999753422 ], [ -71.395602999620223, 41.765993999754016 ], [ -71.395564999620262, 41.765613999754635 ], [ -71.395522999620312, 41.765185999755261 ], [ -71.395411999620478, 41.764836999755801 ], [ -71.395203999620833, 41.764644999756115 ], [ -71.394730999621572, 41.764244999756727 ], [ -71.39445699962198, 41.764106999756962 ], [ -71.394120999622487, 41.764037999757079 ], [ -71.393724999623089, 41.76401499975708 ], [ -71.392961999624276, 41.763934999757225 ], [ -71.391968999625817, 41.763863999757348 ], [ -71.39179999962613, 41.763902999757249 ], [ -71.391549999626477, 41.764007999757098 ], [ -71.391313999626846, 41.764183999756824 ], [ -71.391076999627217, 41.76435599975656 ], [ -71.391053999627275, 41.764372999756517 ], [ -71.390533999628076, 41.764390999756529 ], [ -71.39041599962826, 41.764426999756438 ], [ -71.389897999629056, 41.764298999756647 ], [ -71.38945099962973, 41.764240999756737 ], [ -71.389197999630142, 41.764131999756898 ], [ -71.389030999630393, 41.764033999757089 ], [ -71.388919999630559, 41.763977999757174 ], [ -71.388516999631179, 41.763774999757459 ], [ -71.386524999634275, 41.760044999763238 ], [ -71.385658999635609, 41.758420999765804 ], [ -71.384732999637095, 41.757601999767076 ], [ -71.382970999639781, 41.75617399976926 ], [ -71.382249999640919, 41.756040999769482 ], [ -71.381115999642702, 41.75582899976979 ], [ -71.380970999642898, 41.755801999769858 ], [ -71.378272999647095, 41.755296999770621 ], [ -71.375353999651622, 41.750367999778291 ], [ -71.375241999651792, 41.750157999778594 ], [ -71.374964999652263, 41.749640999779388 ], [ -71.373801999654063, 41.747499999782747 ], [ -71.372507999656023, 41.744726999787019 ], [ -71.368511999662246, 41.739420999795243 ], [ -71.368055999662943, 41.738893999796062 ], [ -71.366102999665998, 41.736669999799517 ], [ -71.365206999667407, 41.735648999801128 ], [ -71.364560999668356, 41.734927999802267 ], [ -71.356889999680277, 41.728471999812257 ], [ -71.355079999683085, 41.726961999814591 ], [ -71.348359999693514, 41.720723999824315 ], [ -71.342584999702524, 41.715576999832251 ], [ -71.33505199971421, 41.707105999845453 ], [ -71.333868999716003, 41.705775999847503 ], [ -71.331314999720007, 41.702901999851974 ], [ -71.331315999720005, 41.702799999852118 ], [ -71.331407999719829, 41.702280999852917 ], [ -71.331647999719451, 41.701450999854217 ], [ -71.332014999718922, 41.700379999855841 ], [ -71.329924999722152, 41.698043999859522 ], [ -71.325666999728753, 41.693212999867001 ], [ -71.330969999720537, 41.686961999876701 ], [ -71.352353999687352, 41.678884999889249 ], [ -71.354068999684671, 41.678164999890328 ], [ -71.355125999683025, 41.677506999891364 ], [ -71.355981999681717, 41.676782999892509 ], [ -71.356612999680749, 41.676269999893293 ], [ -71.358091999678436, 41.674201999896525 ], [ -71.359464999676277, 41.671827999900188 ], [ -71.360358999674929, 41.670405999902414 ], [ -71.360887999674105, 41.66987599990324 ], [ -71.361531999673105, 41.669191999904285 ], [ -71.363288999670374, 41.667936999906203 ], [ -71.365093999667579, 41.667027999907646 ], [ -71.367565999663725, 41.665875999909417 ], [ -71.371236999658038, 41.664294999911874 ], [ -71.373037999655253, 41.663630999912925 ], [ -71.37368299965425, 41.663392999913299 ], [ -71.374782999652496, 41.662764999914259 ], [ -71.375973999650682, 41.661403999916388 ], [ -71.376580999649718, 41.660294999918108 ], [ -71.378073999647427, 41.658955999920181 ], [ -71.378971999646012, 41.657976999921686 ], [ -71.379110999645775, 41.65766499992219 ], [ -71.379717999644868, 41.656457999924044 ], [ -71.380597999643498, 41.650552999933211 ], [ -71.380524999643626, 41.650474999933351 ], [ -71.380541999643583, 41.650325999933557 ], [ -71.390102999628766, 41.652292999930523 ], [ -71.391083999627199, 41.652349999930436 ], [ -71.402644999609265, 41.653885999928036 ], [ -71.408155999600694, 41.653810999928169 ], [ -71.408733999599804, 41.653820999928143 ], [ -71.412817999593472, 41.654370999927266 ], [ -71.417580999586107, 41.654951999926368 ], [ -71.421479999580015, 41.654393999927265 ], [ -71.422315999578757, 41.654216999927542 ], [ -71.423883999576276, 41.653887999928031 ], [ -71.428940999568454, 41.650568999933171 ], [ -71.432795999562472, 41.651322999932006 ], [ -71.435943999557594, 41.649222999935262 ], [ -71.435992999557527, 41.649202999935312 ], [ -71.436638999556521, 41.648937999935697 ], [ -71.437012999555918, 41.648849999935862 ], [ -71.438134999554165, 41.648586999936242 ], [ -71.438214999554077, 41.648542999936353 ], [ -71.438308999553897, 41.648494999936418 ], [ -71.438402999553773, 41.648440999936497 ], [ -71.4384939995536, 41.648382999936587 ], [ -71.438590999553469, 41.648322999936681 ], [ -71.438691999553328, 41.648267999936763 ], [ -71.438789999553194, 41.648221999936823 ], [ -71.438957999552883, 41.648138999936975 ], [ -71.43903999955279, 41.648107999936997 ], [ -71.439126999552627, 41.648084999937055 ], [ -71.439214999552519, 41.648057999937066 ], [ -71.439300999552358, 41.648022999937155 ], [ -71.439469999552102, 41.647936999937258 ], [ -71.439718999551701, 41.64781199993746 ], [ -71.439792999551628, 41.647762999937527 ], [ -71.439861999551511, 41.647708999937606 ], [ -71.439926999551403, 41.647655999937683 ], [ -71.439983999551316, 41.647595999937778 ], [ -71.440075999551198, 41.647475999937967 ], [ -71.44016499955103, 41.647369999938178 ], [ -71.440220999550945, 41.64731899993825 ], [ -71.440338999550761, 41.647215999938396 ], [ -71.440391999550684, 41.647165999938466 ], [ -71.440432999550637, 41.647114999938537 ], [ -71.440451999550589, 41.647037999938675 ], [ -71.440449999550594, 41.646983999938755 ], [ -71.44044399955061, 41.646923999938849 ], [ -71.440436999550627, 41.646860999938951 ], [ -71.440424999550601, 41.646800999939046 ], [ -71.440401999550659, 41.646747999939123 ], [ -71.440384999550702, 41.646672999939256 ], [ -71.44043199955064, 41.64661299993935 ], [ -71.440515999550485, 41.646580999939374 ], [ -71.44058399955037, 41.646608999939303 ], [ -71.440671999550261, 41.646613999939348 ], [ -71.440747999550126, 41.646575999939387 ], [ -71.440840999550005, 41.646559999939427 ], [ -71.440797999550057, 41.646513999939486 ], [ -71.440719999550197, 41.646508999939499 ], [ -71.44062999955031, 41.646509999939497 ], [ -71.44058799955036, 41.646503999939512 ], [ -71.44055999955043, 41.646458999939568 ], [ -71.440593999550345, 41.646406999939643 ], [ -71.440644999550273, 41.64635799993971 ], [ -71.44071599955015, 41.646302999939792 ], [ -71.440790999550075, 41.646255999939854 ], [ -71.44085899954996, 41.646216999939952 ], [ -71.440892999549874, 41.646197999939943 ], [ -71.44092499954985, 41.646179999939989 ], [ -71.441014999549736, 41.646147999940069 ], [ -71.441092999549596, 41.646128999940061 ], [ -71.441175999549444, 41.646109999940109 ], [ -71.44126599954933, 41.646089999940159 ], [ -71.441356999549157, 41.64606699994016 ], [ -71.441442999549054, 41.646038999940231 ], [ -71.441526999548898, 41.64600899994025 ], [ -71.441613999548792, 41.645986999940305 ], [ -71.441702999548625, 41.645970999940346 ], [ -71.441789999548519, 41.645967999940353 ], [ -71.441874999548361, 41.645967999940353 ], [ -71.44195999954826, 41.645967999940353 ], [ -71.442047999548095, 41.645964999940304 ], [ -71.442134999547989, 41.645954999940329 ], [ -71.442212999547849, 41.645928999940395 ], [ -71.442280999547734, 41.645890999940434 ], [ -71.442341999547637, 41.64586099994051 ], [ -71.442428999547531, 41.645850999940535 ], [ -71.442507999547388, 41.645817999940562 ], [ -71.442570999547286, 41.645764999940639 ], [ -71.442582999547255, 41.645749999940676 ], [ -71.442616999547226, 41.645711999940715 ], [ -71.442646999547208, 41.645645999940825 ], [ -71.442675999547134, 41.645595999940895 ], [ -71.442713999547095, 41.645549999940954 ], [ -71.442770999547008, 41.645484999941061 ], [ -71.44279799954694, 41.645431999941138 ], [ -71.442817999546889, 41.645371999941233 ], [ -71.442830999546914, 41.645308999941335 ], [ -71.442842999546883, 41.645245999941437 ], [ -71.442829999546916, 41.645189999941522 ], [ -71.442774999546998, 41.645122999941634 ], [ -71.442716999547088, 41.645059999941736 ], [ -71.442676999547132, 41.644991999941851 ], [ -71.442664999547162, 41.644922999941969 ], [ -71.442691999547094, 41.644857999942076 ], [ -71.442712999547098, 41.64480199994216 ], [ -71.442730999547052, 41.644738999942206 ], [ -71.442736999547037, 41.64467499994231 ], [ -71.442736999547037, 41.644609999942418 ], [ -71.442734999547042, 41.644541999942533 ], [ -71.442728999547057, 41.644474999942645 ], [ -71.442716999547088, 41.644397999942782 ], [ -71.442690999547096, 41.644334999942885 ], [ -71.442651999547195, 41.644280999942964 ], [ -71.442613999547234, 41.644229999943036 ], [ -71.442581999547258, 41.644177999943111 ], [ -71.442544999547351, 41.64412399994319 ], [ -71.44251099954738, 41.644063999943285 ], [ -71.442478999547461, 41.644000999943387 ], [ -71.4424409995475, 41.643934999943497 ], [ -71.442396999547555, 41.643872999943596 ], [ -71.442354999547661, 41.643809999943699 ], [ -71.4423169995477, 41.643751999943788 ], [ -71.442277999547741, 41.643701999943858 ], [ -71.442210999547854, 41.643637999943962 ], [ -71.442164999547913, 41.643594999944014 ], [ -71.442125999548011, 41.643548999944073 ], [ -71.442073999548086, 41.643489999944165 ], [ -71.442007999548196, 41.643440999944232 ], [ -71.441973999548225, 41.643389999944304 ], [ -71.44196399954825, 41.643327999944404 ], [ -71.441985999548194, 41.643274999944481 ], [ -71.44202999954814, 41.643228999944597 ], [ -71.442078999548073, 41.643185999944649 ], [ -71.442140999547973, 41.643139999944708 ], [ -71.442202999547874, 41.643095999944762 ], [ -71.442251999547807, 41.643051999944873 ], [ -71.442265999547772, 41.643020999944895 ], [ -71.442282999547729, 41.642945999945027 ], [ -71.442280999547734, 41.642920999945034 ], [ -71.442321999547687, 41.642892999945104 ], [ -71.442383999547587, 41.642845999945166 ], [ -71.44238699954758, 41.642783999945266 ], [ -71.442373999547613, 41.642729999945345 ], [ -71.442397999547552, 41.642689999945389 ], [ -71.442472999547476, 41.642676999945422 ], [ -71.442558999547316, 41.642671999945435 ], [ -71.442632999547186, 41.642671999945435 ], [ -71.442668999547152, 41.642670999945437 ], [ -71.442706999547113, 41.642668999945442 ], [ -71.44278599954697, 41.642643999945506 ], [ -71.442850999546863, 41.64261199994553 ], [ -71.442908999546773, 41.642576999945618 ], [ -71.442973999546666, 41.642542999945647 ], [ -71.443051999546526, 41.642524999945692 ], [ -71.443132999546435, 41.6425219999457 ], [ -71.443222999546265, 41.642524999945692 ], [ -71.443306999546166, 41.64252999994568 ], [ -71.443390999546011, 41.642536999945662 ], [ -71.443470999545923, 41.642540999945652 ], [ -71.443551999545775, 41.642543999945644 ], [ -71.443637999545615, 41.642542999945647 ], [ -71.443711999545542, 41.642520999945702 ], [ -71.443788999545404, 41.642487999945729 ], [ -71.443858999545284, 41.64245299994576 ], [ -71.443935999545204, 41.642411999945864 ], [ -71.444005999545084, 41.642365999945923 ], [ -71.444060999545002, 41.642327999945962 ], [ -71.44411999954491, 41.642289999946058 ], [ -71.44417399954483, 41.6422509999461 ], [ -71.444227999544751, 41.642210999946144 ], [ -71.444294999544638, 41.642173999946237 ], [ -71.444360999544529, 41.642140999946264 ], [ -71.444421999544431, 41.642109999946342 ], [ -71.444491999544312, 41.642081999946356 ], [ -71.444574999544159, 41.642046999946388 ], [ -71.444641999544103, 41.642020999946453 ], [ -71.444672999544025, 41.642009999946481 ], [ -71.444710999543986, 41.641995999946516 ], [ -71.444770999543891, 41.641965999946535 ], [ -71.444837999543779, 41.641931999946564 ], [ -71.444900999543677, 41.64189799994665 ], [ -71.444967999543564, 41.641851999946709 ], [ -71.445016999543498, 41.641807999946764 ], [ -71.445058999543448, 41.641762999946877 ], [ -71.445095999543355, 41.641705999946964 ], [ -71.445121999543346, 41.641643999947064 ], [ -71.445138999543303, 41.641590999947141 ], [ -71.44515199954327, 41.641525999947248 ], [ -71.445150999543273, 41.641468999947335 ], [ -71.445124999543339, 41.641418999947405 ], [ -71.445083999543385, 41.641372999947464 ], [ -71.444991999543561, 41.641140999947822 ], [ -71.444942999543628, 41.641093999947884 ], [ -71.444899999543679, 41.641036999947971 ], [ -71.44486799954376, 41.640980999948056 ], [ -71.444844999543761, 41.640935999948113 ], [ -71.444837999543779, 41.640922999948145 ], [ -71.444812999543842, 41.64087099994822 ], [ -71.444793999543833, 41.64080899994832 ], [ -71.444781999543864, 41.640752999948404 ], [ -71.444803999543808, 41.640693999948496 ], [ -71.444829999543799, 41.640640999948573 ], [ -71.444836999543782, 41.64057999994867 ], [ -71.444862999543716, 41.640520999948762 ], [ -71.444910999543652, 41.640469999948834 ], [ -71.44496199954358, 41.640428999948938 ], [ -71.445012999543508, 41.640389999948979 ], [ -71.445066999543428, 41.640346999949031 ], [ -71.445110999543374, 41.640301999949145 ], [ -71.445153999543265, 41.640250999949217 ], [ -71.445207999543186, 41.640201999949284 ], [ -71.445265999543096, 41.64015299994935 ], [ -71.445340999543021, 41.640108999949405 ], [ -71.445409999542903, 41.640072999949496 ], [ -71.445470999542806, 41.640022999949565 ], [ -71.445544999542676, 41.639987999949597 ], [ -71.445622999542536, 41.639988999949594 ], [ -71.445714999542417, 41.639990999949589 ], [ -71.44579199954228, 41.639989999949591 ], [ -71.445863999542212, 41.639980999949614 ], [ -71.445884999542159, 41.639916999949719 ], [ -71.445888999542149, 41.639860999949803 ], [ -71.445898999542123, 41.639806999949883 ], [ -71.445907999542101, 41.639744999949983 ], [ -71.445902999542113, 41.639689999950065 ], [ -71.445898999542123, 41.639634999950147 ], [ -71.445877999542176, 41.639571999950249 ], [ -71.445890999542144, 41.639507999950354 ], [ -71.445910999542093, 41.639441999950463 ], [ -71.445931999542097, 41.639377999950568 ], [ -71.445945999542062, 41.63931899995066 ], [ -71.445955999542036, 41.639261999950747 ], [ -71.445957999542031, 41.639199999950847 ], [ -71.445957999542031, 41.639158999950894 ], [ -71.445957999542031, 41.639135999950952 ], [ -71.445964999542014, 41.639073999951052 ], [ -71.445977999541981, 41.639012999951149 ], [ -71.445990999542005, 41.638956999951233 ], [ -71.446014999541944, 41.638901999951315 ], [ -71.446053999541903, 41.638854999951377 ], [ -71.446099999541843, 41.638809999951434 ], [ -71.446150999541715, 41.638769999951478 ], [ -71.446230999541626, 41.638742999951546 ], [ -71.446275999541569, 41.638762999951496 ], [ -71.446276999541567, 41.638836999951423 ], [ -71.446250999541576, 41.638892999951281 ], [ -71.446243999541593, 41.638906999951303 ], [ -71.446222999541646, 41.638951999951189 ], [ -71.446199999541648, 41.639012999951149 ], [ -71.446193999541663, 41.639074999951049 ], [ -71.446200999541645, 41.639139999950942 ], [ -71.446249999541578, 41.639111999950956 ], [ -71.446318999541461, 41.639095999950996 ], [ -71.446378999541366, 41.639065999951015 ], [ -71.446447999541306, 41.639046999951063 ], [ -71.446524999541168, 41.639023999951121 ], [ -71.446590999541058, 41.638999999951125 ], [ -71.446661999540936, 41.638967999951205 ], [ -71.446732999540814, 41.638953999951241 ], [ -71.446808999540735, 41.638935999951229 ], [ -71.4468849995406, 41.638922999951262 ], [ -71.446960999540465, 41.638886999951296 ], [ -71.447012999540391, 41.63884199995141 ], [ -71.447057999540334, 41.638789999951484 ], [ -71.4470939995403, 41.63871499995156 ], [ -71.447070999540301, 41.638679999951648 ], [ -71.447001999540419, 41.638649999951667 ], [ -71.446940999540516, 41.638590999951759 ], [ -71.446907999540542, 41.638528999951859 ], [ -71.44690499954055, 41.638466999951959 ], [ -71.44690899954054, 41.638409999952046 ], [ -71.446941999540513, 41.63834999995214 ], [ -71.446987999540454, 41.638297999952215 ], [ -71.447059999540329, 41.638249999952279 ], [ -71.447120999540232, 41.638215999952365 ], [ -71.447184999540127, 41.638172999952417 ], [ -71.447254999540007, 41.638127999952474 ], [ -71.447326999539939, 41.63808599995258 ], [ -71.447398999539814, 41.638047999952619 ], [ -71.447474999539679, 41.638017999952694 ], [ -71.447539999539572, 41.637990999952706 ], [ -71.447610999539449, 41.637961999952779 ], [ -71.447674999539402, 41.637924999952816 ], [ -71.447741999539289, 41.637871999952893 ], [ -71.447808999539177, 41.637801999953012 ], [ -71.447871999539075, 41.637723999953096 ], [ -71.447936999538967, 41.637656999953208 ], [ -71.447970999538938, 41.637594999953308 ], [ -71.447952999538927, 41.637530999953412 ], [ -71.447929999538985, 41.637454999953547 ], [ -71.44791999953901, 41.637380999953677 ], [ -71.447929999538985, 41.637310999953741 ], [ -71.447963999538899, 41.637249999953838 ], [ -71.448018999538817, 41.637199999953964 ], [ -71.448085999538762, 41.637161999954003 ], [ -71.448163999538622, 41.63712499995404 ], [ -71.448246999538469, 41.637086999954136 ], [ -71.448337999538353, 41.637044999954185 ], [ -71.448438999538212, 41.637000999954239 ], [ -71.448539999538013, 41.636955999954296 ], [ -71.448638999537877, 41.636919999954387 ], [ -71.448730999537759, 41.63689999995438 ], [ -71.448824999537578, 41.636906999954363 ], [ -71.448915999537462, 41.636924999954374 ], [ -71.448995999537317, 41.636942999954329 ], [ -71.449101999537163, 41.636939999954336 ], [ -71.449158999537076, 41.636902999954373 ], [ -71.449205999537014, 41.636851999954501 ], [ -71.449247999536908, 41.636793999954591 ], [ -71.449285999536869, 41.636729999954639 ], [ -71.449310999536863, 41.636660999954756 ], [ -71.449338999536792, 41.636580999954901 ], [ -71.449367999536719, 41.636498999955052 ], [ -71.449387999536725, 41.63641899995514 ], [ -71.449396999536702, 41.636341999955278 ], [ -71.449384999536733, 41.636267999955408 ], [ -71.449344999536777, 41.636203999955455 ], [ -71.449282999536877, 41.636150999955589 ], [ -71.449204999537017, 41.636101999955656 ], [ -71.449132999537085, 41.636048999955733 ], [ -71.449059999537212, 41.63599599995581 ], [ -71.448981999537352, 41.635940999955892 ], [ -71.448911999537472, 41.635882999955982 ], [ -71.448854999537559, 41.635824999956071 ], [ -71.448817999537596, 41.635772999956146 ], [ -71.448796999537649, 41.635718999956225 ], [ -71.448793999537656, 41.635660999956315 ], [ -71.448816999537598, 41.635605999956397 ], [ -71.448860999537544, 41.635552999956474 ], [ -71.448914999537465, 41.635512999956575 ], [ -71.448983999537347, 41.635484999956589 ], [ -71.449058999537215, 41.635479999956601 ], [ -71.44912299953711, 41.635449999956677 ], [ -71.449200999537027, 41.635405999956731 ], [ -71.449267999536914, 41.635361999956785 ], [ -71.449343999536779, 41.635306999956867 ], [ -71.449423999536634, 41.635245999956965 ], [ -71.449490999536579, 41.635179999957074 ], [ -71.449530999536478, 41.635102999957212 ], [ -71.449557999536466, 41.635023999957298 ], [ -71.449569999536436, 41.634950999957425 ], [ -71.449574999536424, 41.634879999957548 ], [ -71.449566999536444, 41.634809999957668 ], [ -71.44954199953645, 41.634741999957726 ], [ -71.449517999536511, 41.634686999957864 ], [ -71.449474999536562, 41.634625999957905 ], [ -71.44941399953666, 41.634574999958033 ], [ -71.449334999536802, 41.634531999958085 ], [ -71.449271999536904, 41.634500999958107 ], [ -71.449194999537042, 41.634470999958182 ], [ -71.449117999537123, 41.634440999958201 ], [ -71.44904099953726, 41.634415999958264 ], [ -71.44897099953738, 41.634392999958266 ], [ -71.448879999537496, 41.634351999958369 ], [ -71.448809999537616, 41.634295999958454 ], [ -71.448764999537673, 41.63425099995851 ], [ -71.448704999537767, 41.63418499995862 ], [ -71.448650999537847, 41.634112999958745 ], [ -71.448608999537953, 41.634032999958833 ], [ -71.44857199953799, 41.633956999958968 ], [ -71.448548999537991, 41.633885999959091 ], [ -71.448542999538006, 41.633815999959211 ], [ -71.448534999538026, 41.633741999959284 ], [ -71.448521999538059, 41.633657999959439 ], [ -71.448501999538109, 41.63356099995957 ], [ -71.448472999538126, 41.633463999959758 ], [ -71.448446999538191, 41.633376999959864 ], [ -71.448443999538199, 41.633299999960002 ], [ -71.448487999538088, 41.633235999960107 ], [ -71.448557999538025, 41.633176999960199 ], [ -71.448639999537875, 41.633118999960288 ], [ -71.448710999537752, 41.633057999960386 ], [ -71.448738999537738, 41.632987999960449 ], [ -71.448731999537756, 41.632905999960599 ], [ -71.448735999537746, 41.632816999960767 ], [ -71.44876999953766, 41.632732999960865 ], [ -71.448811999537611, 41.632659999960993 ], [ -71.448848999537574, 41.632588999961115 ], [ -71.448887999537476, 41.63252499996122 ], [ -71.448940999537399, 41.632472999961294 ], [ -71.449009999537282, 41.632416999961379 ], [ -71.449092999537186, 41.632361999961461 ], [ -71.449185999537008, 41.63231199996153 ], [ -71.449276999536892, 41.632255999961615 ], [ -71.44931999953684, 41.632194999961712 ], [ -71.44933199953681, 41.632178999961752 ], [ -71.449338999536792, 41.632087999961868 ], [ -71.449338999536792, 41.632004999962021 ], [ -71.449345999536774, 41.631935999962081 ], [ -71.449370999536768, 41.631868999962194 ], [ -71.44940199953669, 41.631817999962266 ], [ -71.449411999536665, 41.631801999962306 ], [ -71.44946399953659, 41.631737999962411 ], [ -71.449523999536495, 41.631678999962503 ], [ -71.449574999536424, 41.631620999962593 ], [ -71.449605999536402, 41.631556999962697 ], [ -71.449627999536347, 41.631494999962797 ], [ -71.449648999536294, 41.631435999962889 ], [ -71.449658999536268, 41.631361999963019 ], [ -71.449658999536268, 41.631305999963104 ], [ -71.44966099953632, 41.631230999963179 ], [ -71.449683999536262, 41.631176999963259 ], [ -71.449717999536176, 41.631117999963351 ], [ -71.449752999536145, 41.631051999963461 ], [ -71.449781999536128, 41.630987999963565 ], [ -71.449807999536063, 41.63093199996365 ], [ -71.449853999536003, 41.630884999963712 ], [ -71.449914999535906, 41.630844999963813 ], [ -71.449984999535786, 41.630812999963837 ], [ -71.450054999535666, 41.63078399996391 ], [ -71.450125999535544, 41.630753999963929 ], [ -71.450198999535473, 41.630716999964022 ], [ -71.450275999535336, 41.630676999964066 ], [ -71.450298999535278, 41.630666999964092 ], [ -71.450358999535183, 41.630641999964098 ], [ -71.450392999535154, 41.630630999964126 ], [ -71.450452999535059, 41.630611999964174 ], [ -71.450550999534926, 41.630587999964177 ], [ -71.450640999534755, 41.630571999964218 ], [ -71.450730999534642, 41.630568999964225 ], [ -71.450820999534471, 41.630568999964225 ], [ -71.45090599953437, 41.630569999964223 ], [ -71.450977999534246, 41.630564999964236 ], [ -71.451074999534114, 41.630535999964252 ], [ -71.451142999534, 41.63050099996434 ], [ -71.451218999533864, 41.630460999964384 ], [ -71.451306999533756, 41.630427999964468 ], [ -71.4514139995336, 41.630411999964451 ], [ -71.451504999533427, 41.630385999964517 ], [ -71.451534999533408, 41.630338999964579 ], [ -71.45153399953341, 41.630261999964716 ], [ -71.451511999533409, 41.630185999964851 ], [ -71.451477999533495, 41.630134999964923 ], [ -71.451431999533554, 41.630076999965013 ], [ -71.451383999533618, 41.630013999965115 ], [ -71.451338999533675, 41.62995099996516 ], [ -71.451304999533761, 41.629887999965263 ], [ -71.451284999533755, 41.629827999965357 ], [ -71.451280999533765, 41.62980699996541 ], [ -71.451271999533787, 41.629766999965454 ], [ -71.4512669995338, 41.629703999965557 ], [ -71.45127099953379, 41.629639999965661 ], [ -71.45128699953375, 41.629574999965769 ], [ -71.451312999533741, 41.629495999965911 ], [ -71.451365999533664, 41.629454999965958 ], [ -71.451538999533398, 41.629425999966031 ], [ -71.451613999533265, 41.629424999965977 ], [ -71.451696999533112, 41.629409999966015 ], [ -71.451781999533011, 41.629396999966048 ], [ -71.451857999532876, 41.629396999966048 ], [ -71.451929999532751, 41.629396999966048 ], [ -71.452007999532668, 41.629396999966048 ], [ -71.4520969995325, 41.629396999966048 ], [ -71.452188999532382, 41.629398999966043 ], [ -71.452269999532234, 41.629412999966007 ], [ -71.452339999532114, 41.629432999966014 ], [ -71.452350999532143, 41.629438999965998 ], [ -71.452425999532011, 41.6294779999659 ], [ -71.452506999531863, 41.629528999965828 ], [ -71.452586999531775, 41.629578999965759 ], [ -71.45264299953169, 41.629617999965717 ], [ -71.45271299953157, 41.629661999965663 ], [ -71.452787999531438, 41.629707999965547 ], [ -71.452847999531343, 41.629757999965477 ], [ -71.452927999531198, 41.62980299996542 ], [ -71.45299999953113, 41.629833999965342 ], [ -71.453055999531045, 41.629847999965364 ], [ -71.453072999531003, 41.629851999965354 ], [ -71.453109999530966, 41.629858999965336 ], [ -71.453240999530749, 41.62988099996528 ], [ -71.453263999530691, 41.62988899996526 ], [ -71.453403999530508, 41.629951999965215 ], [ -71.453667999530069, 41.630017999965105 ], [ -71.453891999529731, 41.630048999965027 ], [ -71.453909999529685, 41.630047999965029 ], [ -71.453942999529659, 41.630099999964955 ], [ -71.453954999529628, 41.630118999964907 ], [ -71.453962999529608, 41.630131999964931 ], [ -71.453971999529585, 41.630144999964898 ], [ -71.45420699952922, 41.630487999964373 ], [ -71.454329999529023, 41.630667999964089 ], [ -71.454403999528949, 41.631201999963253 ], [ -71.454387999528933, 41.631233999963172 ], [ -71.454230999529216, 41.63155199996271 ], [ -71.454083999529416, 41.631920999962119 ], [ -71.454058999529479, 41.63230799996154 ], [ -71.454169999529313, 41.632725999960883 ], [ -71.454229999529218, 41.632952999960537 ], [ -71.4546719995285, 41.63370799995937 ], [ -71.455235999527645, 41.634629999957951 ], [ -71.455579999527117, 41.635108999957197 ], [ -71.455996999526462, 41.635403999956736 ], [ -71.456512999525671, 41.635606999956394 ], [ -71.457298999524426, 41.635791999956098 ], [ -71.457496999524153, 41.635850999956006 ], [ -71.457666999523838, 41.635901999955934 ], [ -71.457877999523532, 41.636068999955683 ], [ -71.458190999523026, 41.636309999955301 ], [ -71.458254999522978, 41.636323999955323 ], [ -71.458323999522861, 41.636365999955217 ], [ -71.458336999522828, 41.636461999955088 ], [ -71.458336999522828, 41.636534999954961 ], [ -71.458336999522828, 41.636588999954881 ], [ -71.458336999522828, 41.636655999954769 ], [ -71.458340999522818, 41.636726999954647 ], [ -71.458350999522793, 41.636794999954589 ], [ -71.458366999522752, 41.636858999954484 ], [ -71.458383999522766, 41.636920999954384 ], [ -71.458410999522698, 41.636981999954287 ], [ -71.458444999522669, 41.63704699995418 ], [ -71.458484999522568, 41.63711299995407 ], [ -71.458500999522585, 41.637138999954004 ], [ -71.458524999522524, 41.637176999953965 ], [ -71.45856899952247, 41.637241999953858 ], [ -71.458619999522398, 41.637303999953758 ], [ -71.458672999522321, 41.637368999953651 ], [ -71.458721999522254, 41.637436999953593 ], [ -71.458767999522138, 41.637503999953481 ], [ -71.458819999522063, 41.637562999953388 ], [ -71.458869999521994, 41.637622999953294 ], [ -71.458920999521922, 41.637685999953192 ], [ -71.458968999521858, 41.637753999953077 ], [ -71.459008999521757, 41.637822999952959 ], [ -71.459034999521748, 41.637866999952905 ], [ -71.459046999521718, 41.637886999952855 ], [ -71.459122999521583, 41.637945999952763 ], [ -71.459193999521517, 41.637966999952766 ], [ -71.459278999521359, 41.637983999952723 ], [ -71.459369999521243, 41.638000999952681 ], [ -71.459463999521063, 41.638018999952692 ], [ -71.459559999520934, 41.638040999952636 ], [ -71.459649999520764, 41.638062999952581 ], [ -71.459723999520691, 41.638080999952592 ], [ -71.45981799952051, 41.638097999952549 ], [ -71.459901999520412, 41.638108999952522 ], [ -71.459974999520284, 41.638112999952511 ], [ -71.460068999520161, 41.638112999952511 ], [ -71.460152999520005, 41.638115999952504 ], [ -71.460251999519869, 41.638117999952499 ], [ -71.46035999951971, 41.638119999952494 ], [ -71.460460999519512, 41.638117999952499 ], [ -71.460551999519396, 41.638099999952544 ], [ -71.460634999519243, 41.638061999952583 ], [ -71.460718999519145, 41.638020999952687 ], [ -71.460797999519002, 41.637986999952716 ], [ -71.460867999518882, 41.637952999952745 ], [ -71.460931999518778, 41.637917999952833 ], [ -71.461002999518712, 41.637887999952852 ], [ -71.461107999518504, 41.637879999952872 ], [ -71.461186999518418, 41.637918999952831 ], [ -71.461253999518306, 41.637978999952736 ], [ -71.461294999518259, 41.638023999952679 ], [ -71.461350999518174, 41.638084999952582 ], [ -71.461432999518024, 41.638129999952469 ], [ -71.461500999517909, 41.638156999952457 ], [ -71.461576999517774, 41.638186999952381 ], [ -71.461648999517706, 41.638214999952368 ], [ -71.461740999517531, 41.638242999952297 ], [ -71.461834999517407, 41.638263999952301 ], [ -71.461931999517219, 41.638286999952243 ], [ -71.462022999517103, 41.638310999952239 ], [ -71.462107999516945, 41.638332999952183 ], [ -71.462180999516875, 41.63834999995214 ], [ -71.462211999516796, 41.638356999952123 ], [ -71.462246999516765, 41.638362999952108 ], [ -71.462353999516608, 41.638379999952122 ], [ -71.462465999516439, 41.638326999952199 ], [ -71.462524999516347, 41.638254999952323 ], [ -71.462530999516332, 41.638226999952337 ], [ -71.462556999516266, 41.638172999952417 ], [ -71.46259399951623, 41.638119999952494 ], [ -71.462628999516141, 41.638065999952573 ], [ -71.462664999516107, 41.637996999952691 ], [ -71.462690999516042, 41.637943999952768 ], [ -71.462730999515998, 41.637875999952882 ], [ -71.462757999515986, 41.637819999952967 ], [ -71.462787999515911, 41.637755999953072 ], [ -71.462829999515861, 41.637684999953194 ], [ -71.462861999515781, 41.637632999953269 ], [ -71.462891999515762, 41.637582999953338 ], [ -71.462914999515704, 41.637528999953417 ], [ -71.46293499951571, 41.637467999953515 ], [ -71.462962999515639, 41.637400999953627 ], [ -71.463001999515598, 41.637330999953747 ], [ -71.463031999515522, 41.637287999953799 ], [ -71.463044999515546, 41.637268999953847 ], [ -71.463088999515435, 41.637204999953951 ], [ -71.463125999515398, 41.637138999954004 ], [ -71.463159999515312, 41.637073999954112 ], [ -71.463187999515299, 41.637009999954216 ], [ -71.463211999515238, 41.636942999954329 ], [ -71.46322199951527, 41.636909999954412 ], [ -71.463230999515247, 41.636880999954428 ], [ -71.463250999515196, 41.636816999954533 ], [ -71.463272999515141, 41.636752999954638 ], [ -71.463296999515137, 41.636690999954737 ], [ -71.463319999515079, 41.636639999954809 ], [ -71.463372999515002, 41.636581999954899 ], [ -71.4634359995149, 41.636543999954938 ], [ -71.463523999514791, 41.636537999954953 ], [ -71.463599999514656, 41.636545999954933 ], [ -71.463681999514506, 41.636559999954954 ], [ -71.4637689995144, 41.636569999954929 ], [ -71.46385099951425, 41.636573999954919 ], [ -71.463948999514116, 41.636575999954914 ], [ -71.464021999513989, 41.636569999954929 ], [ -71.464094999513861, 41.63655099995492 ], [ -71.464158999513813, 41.636521999954994 ], [ -71.464238999513668, 41.63648099995504 ], [ -71.464311999513541, 41.636448999955121 ], [ -71.464384999513413, 41.63639899995519 ], [ -71.46445499951335, 41.636357999955237 ], [ -71.464511999513263, 41.636326999955315 ], [ -71.464575999513158, 41.636295999955337 ], [ -71.464648999513031, 41.636267999955408 ], [ -71.464725999512893, 41.636245999955406 ], [ -71.464798999512823, 41.636234999955434 ], [ -71.464896999512632, 41.63620199995546 ], [ -71.464957999512535, 41.636166999955549 ], [ -71.465018999512438, 41.636132999955578 ], [ -71.465082999512333, 41.636103999955651 ], [ -71.465145999512231, 41.636063999955695 ], [ -71.465216999512165, 41.636012999955767 ], [ -71.465286999512045, 41.635960999955842 ], [ -71.465344999511956, 41.635911999955908 ], [ -71.465394999511886, 41.635862999956032 ], [ -71.465447999511809, 41.635795999956088 ], [ -71.465510999511707, 41.635759999956178 ], [ -71.465585999511575, 41.635730999956195 ], [ -71.46566599951143, 41.63571299995624 ], [ -71.465741999511351, 41.635682999956316 ], [ -71.465813999511226, 41.635645999956353 ], [ -71.465881999511112, 41.635607999956392 ], [ -71.465965999510956, 41.63557699995647 ], [ -71.46606499951082, 41.635546999956489 ], [ -71.466162999510686, 41.635523999956547 ], [ -71.466245999510534, 41.635487999956581 ], [ -71.466307999510434, 41.63543799995665 ], [ -71.466324999510448, 41.635374999956753 ], [ -71.466349999510385, 41.63530999995686 ], [ -71.466389999510341, 41.635244999956967 ], [ -71.466432999510232, 41.635178999957077 ], [ -71.46647199951019, 41.635117999957174 ], [ -71.466510999510149, 41.635062999957256 ], [ -71.466562999510074, 41.635017999957313 ], [ -71.46669299950986, 41.634941999957448 ], [ -71.466749999509773, 41.634895999957507 ], [ -71.466798999509706, 41.634841999957587 ], [ -71.466845999509644, 41.634782999957679 ], [ -71.466901999509503, 41.634723999957771 ], [ -71.466951999509433, 41.634658999957878 ], [ -71.466996999509377, 41.63459599995798 ], [ -71.467047999509305, 41.634539999958065 ], [ -71.467108999509207, 41.634496999958117 ], [ -71.467197999509096, 41.634469999958185 ], [ -71.467283999508936, 41.634426999958237 ], [ -71.467325999508887, 41.634376999958306 ], [ -71.467387999508787, 41.634308999958421 ], [ -71.46745699950867, 41.634277999958499 ], [ -71.467541999508512, 41.634247999958518 ], [ -71.467610999508452, 41.634230999958561 ], [ -71.467649999508353, 41.634221999958584 ], [ -71.467742999508232, 41.63419699995859 ], [ -71.467843999508091, 41.634164999958671 ], [ -71.467927999507936, 41.634147999958657 ], [ -71.46800799950779, 41.634143999958667 ], [ -71.46807699950773, 41.634164999958671 ], [ -71.468140999507625, 41.634206999958565 ], [ -71.468202999507525, 41.634241999958533 ], [ -71.468265999507423, 41.634290999958466 ], [ -71.468334999507306, 41.634344999958387 ], [ -71.468371999507269, 41.634373999958314 ], [ -71.468402999507191, 41.634396999958312 ], [ -71.468463999507094, 41.634441999958199 ], [ -71.468551999506985, 41.634490999958132 ], [ -71.468613999506886, 41.634516999958123 ], [ -71.46870199950672, 41.634544999958052 ], [ -71.468786999506619, 41.634568999957992 ], [ -71.468869999506467, 41.634584999958008 ], [ -71.468960999506351, 41.634592999957988 ], [ -71.469033999506223, 41.63459599995798 ], [ -71.46912099950606, 41.63459599995798 ], [ -71.469215999505934, 41.63459599995798 ], [ -71.469304999505823, 41.634587999958001 ], [ -71.469386999505673, 41.634572999958039 ], [ -71.469460999505543, 41.634565999957999 ], [ -71.469566999505389, 41.634562999958007 ], [ -71.469665999505253, 41.634535999958075 ], [ -71.469726999505156, 41.634498999958112 ], [ -71.469786999505061, 41.634452999958228 ], [ -71.469805999505013, 41.634437999958209 ], [ -71.469844999504971, 41.634406999958287 ], [ -71.469904999504877, 41.634355999958359 ], [ -71.469963999504785, 41.634304999958431 ], [ -71.470016999504708, 41.6342549999585 ], [ -71.470057999504604, 41.634206999958565 ], [ -71.47010999950453, 41.634145999958662 ], [ -71.470212999504383, 41.634010999958889 ], [ -71.470268999504299, 41.633947999958991 ], [ -71.470379999504132, 41.633799999959194 ], [ -71.47042699950407, 41.633727999959319 ], [ -71.470474999504006, 41.633660999959432 ], [ -71.470529999503924, 41.633597999959534 ], [ -71.470589999503829, 41.633537999959628 ], [ -71.47065199950373, 41.633475999959728 ], [ -71.47072199950361, 41.63341699995982 ], [ -71.470806999503452, 41.633361999959902 ], [ -71.470902999503323, 41.633318999959954 ], [ -71.470998999503195, 41.633282999959988 ], [ -71.471080999503044, 41.633248999960074 ], [ -71.471133999502968, 41.633207999960121 ], [ -71.471181999502903, 41.633164999960172 ], [ -71.471238999502816, 41.633119999960286 ], [ -71.471301999502714, 41.63307999996033 ], [ -71.471372999502591, 41.633049999960406 ], [ -71.471444999502467, 41.633026999960407 ], [ -71.471520999502388, 41.63300199996047 ], [ -71.471611999502215, 41.632974999960481 ], [ -71.471717999502062, 41.632944999960557 ], [ -71.47182299950191, 41.632913999960579 ], [ -71.47191699950173, 41.632879999960664 ], [ -71.472001999501629, 41.632839999960709 ], [ -71.472076999501496, 41.632795999960763 ], [ -71.472134999501407, 41.63274699996083 ], [ -71.472176999501357, 41.632687999960922 ], [ -71.472209999501274, 41.632623999961027 ], [ -71.472228999501283, 41.632556999961139 ], [ -71.47223799950126, 41.632487999961256 ], [ -71.47224199950125, 41.632348999961494 ], [ -71.472266999501187, 41.632296999961568 ], [ -71.472336999501067, 41.63224199996165 ], [ -71.47239399950098, 41.632198999961702 ], [ -71.472453999500885, 41.632142999961786 ], [ -71.472522999500825, 41.632085999961873 ], [ -71.472534999500795, 41.632076999961896 ], [ -71.472091999501458, 41.630897999963736 ], [ -71.471960999501675, 41.630548999964276 ], [ -71.471889999501798, 41.630365999964567 ], [ -71.471743999501996, 41.629989999965119 ], [ -71.471319999502668, 41.629075999966574 ], [ -71.471909999501747, 41.628677999967181 ], [ -71.476006999495382, 41.626213999971014 ], [ -71.476022999495399, 41.626203999970983 ], [ -71.476127999495191, 41.626139999971087 ], [ -71.476301999494922, 41.626036999971291 ], [ -71.479357999490219, 41.62419999997411 ], [ -71.479769999489577, 41.624477999973692 ], [ -71.479838999489459, 41.624451999973701 ], [ -71.479922999489304, 41.624390999973798 ], [ -71.479957999489272, 41.62433199997389 ], [ -71.479984999489204, 41.62427799997397 ], [ -71.480017999489178, 41.624224999974103 ], [ -71.480059999489129, 41.624158999974156 ], [ -71.480103999489017, 41.624106999974231 ], [ -71.480166999488915, 41.624059999974349 ], [ -71.480235999488855, 41.624020999974391 ], [ -71.48030399948874, 41.623996999974452 ], [ -71.48037799948861, 41.623976999974445 ], [ -71.480474999488479, 41.623955999974498 ], [ -71.480577999488276, 41.623931999974559 ], [ -71.480653999488197, 41.623913999974548 ], [ -71.480815999487959, 41.623876999974641 ], [ -71.481324999487128, 41.623802999974714 ], [ -71.481529999486838, 41.623789999974747 ], [ -71.481627999486648, 41.623781999974767 ], [ -71.481737999486484, 41.6237689999748 ], [ -71.481810999486413, 41.623736999974824 ], [ -71.48185199948631, 41.623726999974849 ], [ -71.481874999486308, 41.623718999974869 ], [ -71.481849999486315, 41.623673999974926 ], [ -71.481854999486302, 41.623583999975097 ], [ -71.481896999486253, 41.623562999975093 ], [ -71.481952999486168, 41.623545999975136 ], [ -71.482022999486048, 41.623532999975168 ], [ -71.48211499948593, 41.623546999975133 ], [ -71.482173999485838, 41.623590999975079 ], [ -71.482233999485743, 41.623624999974993 ], [ -71.482319999485583, 41.62362999997498 ], [ -71.482416999485451, 41.623609999975031 ], [ -71.482481999485344, 41.62357999997505 ], [ -71.482461999485395, 41.623516999975152 ], [ -71.482474999485362, 41.623469999975271 ], [ -71.482511999485325, 41.623420999975338 ], [ -71.482490999485321, 41.623366999975417 ], [ -71.482442999485386, 41.623320999975476 ], [ -71.482421999485439, 41.623269999975548 ], [ -71.482442999485386, 41.623190999975691 ], [ -71.482461999485395, 41.623115999975823 ], [ -71.482553999485219, 41.622982999975989 ], [ -71.482562999485197, 41.622924999976078 ], [ -71.482565999485189, 41.622857999976191 ], [ -71.482575999485221, 41.622783999976321 ], [ -71.482592999485178, 41.62270999997645 ], [ -71.482612999485127, 41.622637999976519 ], [ -71.482634999485128, 41.622571999976628 ], [ -71.482648999485093, 41.622510999976726 ], [ -71.48266199948506, 41.62245499997681 ], [ -71.482692999485039, 41.622375999976953 ], [ -71.482734999484933, 41.62232699997702 ], [ -71.482788999484853, 41.622283999977071 ], [ -71.482850999484754, 41.622249999977157 ], [ -71.482915999484646, 41.622221999977171 ], [ -71.483016999484505, 41.622190999977249 ], [ -71.483093999484424, 41.622172999977238 ], [ -71.483169999484289, 41.622159999977271 ], [ -71.483240999484167, 41.622147999977301 ], [ -71.483320999484022, 41.62211799997732 ], [ -71.483354999483993, 41.622057999977415 ], [ -71.483354999483993, 41.621975999977565 ], [ -71.483333999484046, 41.621912999977667 ], [ -71.483317999484029, 41.621847999977774 ], [ -71.48330199948407, 41.621785999977874 ], [ -71.48329399948409, 41.621726999977966 ], [ -71.483292999484092, 41.621665999978063 ], [ -71.483296999484082, 41.621603999978163 ], [ -71.48330599948406, 41.62154699997825 ], [ -71.483338999484033, 41.621471999978326 ], [ -71.483402999483928, 41.621410999978423 ], [ -71.483496999483748, 41.621374999978514 ], [ -71.483599999483602, 41.621372999978519 ], [ -71.483681999483508, 41.621406999978433 ], [ -71.483721999483407, 41.621479999978362 ], [ -71.483725999483397, 41.621537999978273 ], [ -71.483701999483458, 41.621609999978148 ], [ -71.483697999483468, 41.621664999978066 ], [ -71.483751999483388, 41.621697999977982 ], [ -71.483867999483209, 41.621676999978035 ], [ -71.483938999483087, 41.621652999978096 ], [ -71.484007999482969, 41.621623999978112 ], [ -71.484066999482877, 41.621586999978149 ], [ -71.484120999482798, 41.621545999978252 ], [ -71.484174999482718, 41.621503999978302 ], [ -71.484227999482641, 41.621460999978353 ], [ -71.484269999482592, 41.621406999978433 ], [ -71.484301999482511, 41.621344999978533 ], [ -71.484337999482477, 41.621285999978625 ], [ -71.484378999482431, 41.621227999978714 ], [ -71.484417999482332, 41.621173999978794 ], [ -71.48445699948229, 41.621123999978863 ], [ -71.484507999482219, 41.62105899997897 ], [ -71.484556999482152, 41.62099699997907 ], [ -71.484600999482041, 41.620939999979157 ], [ -71.484645999481984, 41.620879999979252 ], [ -71.484684999481942, 41.620828999979324 ], [ -71.484723999481844, 41.620773999979406 ], [ -71.484770999481782, 41.620712999979503 ], [ -71.484822999481707, 41.620645999979615 ], [ -71.484855999481681, 41.620594999979687 ], [ -71.48488399948161, 41.620542999979818 ], [ -71.484918999481579, 41.620470999979887 ], [ -71.48495399948149, 41.620410999979981 ], [ -71.484992999481449, 41.620360999980051 ], [ -71.485046999481369, 41.620314999980167 ], [ -71.485114999481254, 41.620265999980234 ], [ -71.485184999481135, 41.62022099998029 ], [ -71.485260999481056, 41.620175999980347 ], [ -71.485344999480901, 41.620132999980456 ], [ -71.485429999480743, 41.620094999980495 ], [ -71.485510999480653, 41.620056999980534 ], [ -71.485570999480558, 41.620012999980588 ], [ -71.485626999480473, 41.619970999980694 ], [ -71.485709999480321, 41.619972999980689 ], [ -71.485814999480169, 41.619985999980656 ], [ -71.48587299948008, 41.619931999980736 ], [ -71.485949999479942, 41.619900999980814 ], [ -71.486016999479887, 41.619873999980825 ], [ -71.486072999479745, 41.619832999980872 ], [ -71.486110999479706, 41.619773999980964 ], [ -71.486146999479672, 41.619703999981084 ], [ -71.486182999479581, 41.619628999981217 ], [ -71.486194999479608, 41.619574999981296 ], [ -71.486195999479605, 41.619495999981439 ], [ -71.486196999479603, 41.619418999981519 ], [ -71.486198999479598, 41.619354999981624 ], [ -71.486212999479562, 41.619300999981704 ], [ -71.486233999479509, 41.619240999981798 ], [ -71.486208999479572, 41.619182999981888 ], [ -71.486142999479682, 41.619152999981964 ], [ -71.486158999479642, 41.619088999982068 ], [ -71.486172999479606, 41.619066999982067 ], [ -71.486244999479482, 41.619090999982063 ], [ -71.486278999479453, 41.619063999982075 ], [ -71.486298999479402, 41.619009999982154 ], [ -71.486302999479392, 41.618941999982269 ], [ -71.48628799947943, 41.618897999982323 ], [ -71.486294999479412, 41.618843999982403 ], [ -71.486333999479371, 41.61875899998256 ], [ -71.486326999479388, 41.618731999982629 ], [ -71.486316999479413, 41.618694999982665 ], [ -71.486298999479402, 41.618637999982752 ], [ -71.486281999479445, 41.618580999982839 ], [ -71.48626399947949, 41.618521999982931 ], [ -71.486244999479482, 41.618465999983016 ], [ -71.486224999479532, 41.618409999983101 ], [ -71.486207999479575, 41.618350999983193 ], [ -71.486195999479605, 41.618290999983287 ], [ -71.486190999479618, 41.618230999983382 ], [ -71.486189999479564, 41.618170999983477 ], [ -71.486189999479564, 41.618054999983656 ], [ -71.486188999479566, 41.618000999983735 ], [ -71.486191999479615, 41.617945999983817 ], [ -71.486199999479595, 41.617891999983897 ], [ -71.486211999479565, 41.617836999983979 ], [ -71.486234999479507, 41.617730999984133 ], [ -71.486266999479483, 41.617629999984331 ], [ -71.486303999479389, 41.61753399998446 ], [ -71.486309999479431, 41.617446999984622 ], [ -71.486272999479468, 41.617359999984728 ], [ -71.486212999479562, 41.617278999984876 ], [ -71.486138999479692, 41.617199999984962 ], [ -71.486065999479763, 41.617123999985097 ], [ -71.48600899947985, 41.617050999985224 ], [ -71.48600099947987, 41.616934999985403 ], [ -71.486069999479753, 41.616902999985427 ], [ -71.486172999479606, 41.616868999985513 ], [ -71.486290999479422, 41.61682799998556 ], [ -71.486413999479225, 41.616785999985609 ], [ -71.486534000520749, 41.616739999985668 ], [ -71.486651000520567, 41.616689999985795 ], [ -71.486762000520343, 41.616649999985839 ], [ -71.486873000520177, 41.616636999985872 ], [ -71.486970000520046, 41.616652999985831 ], [ -71.487005000520014, 41.616666999985796 ], [ -71.487048000519906, 41.616684999985807 ], [ -71.487117000519845, 41.616735999985679 ], [ -71.487196000519702, 41.616798999985576 ], [ -71.48727900051955, 41.616855999985489 ], [ -71.487361000519456, 41.616894999985448 ], [ -71.487441000519311, 41.616904999985422 ], [ -71.487515000519181, 41.616879999985485 ], [ -71.487591000519103, 41.616829999985555 ], [ -71.487663000518978, 41.616772999985642 ], [ -71.487726000518876, 41.616707999985749 ], [ -71.487788000518776, 41.616638999985867 ], [ -71.487854000518666, 41.616566999985935 ], [ -71.487926000518542, 41.616489999986072 ], [ -71.487989000518439, 41.616410999986215 ], [ -71.48803900051837, 41.616333999986352 ], [ -71.488070000518348, 41.616251999986446 ], [ -71.488077000518331, 41.616173999986586 ], [ -71.488065000518361, 41.616105999986701 ], [ -71.48803900051837, 41.61604799998679 ], [ -71.487947000518545, 41.615923999986933 ], [ -71.487889000518635, 41.615853999987053 ], [ -71.487826000518737, 41.615789999987157 ], [ -71.487771000518819, 41.615729999987252 ], [ -71.487724000518881, 41.615626999987398 ], [ -71.487777000518804, 41.615563999987501 ], [ -71.487844000518692, 41.615534999987574 ], [ -71.487912000518577, 41.615502999987598 ], [ -71.4879650005185, 41.61545599998766 ], [ -71.487999000518471, 41.615399999987801 ], [ -71.488021000518415, 41.615336999987846 ], [ -71.488036000518377, 41.615271999987954 ], [ -71.48803100051839, 41.615212999988046 ], [ -71.488005000518456, 41.615168999988157 ], [ -71.487944000518553, 41.615099999988217 ], [ -71.487888000518637, 41.615041999988307 ], [ -71.487831000518725, 41.614986999988389 ], [ -71.487765000518834, 41.614943999988498 ], [ -71.48768600051892, 41.614916999988509 ], [ -71.487613000519048, 41.614878999988605 ], [ -71.487569000519102, 41.614828999988674 ], [ -71.487556000519135, 41.614768999988769 ], [ -71.487559000519127, 41.614700999988884 ], [ -71.487567000519107, 41.614629999988949 ], [ -71.487559000519127, 41.614553999989084 ], [ -71.487567000519107, 41.614478999989217 ], [ -71.487609000519058, 41.614404999989347 ], [ -71.487632000519, 41.61433499998941 ], [ -71.487631000519002, 41.61426499998953 ], [ -71.487610000519055, 41.614200999989635 ], [ -71.48754600051916, 41.614153999989696 ], [ -71.487456000519273, 41.61412099998978 ], [ -71.487355000519472, 41.614094999989788 ], [ -71.487264000519588, 41.614069999989852 ], [ -71.487195000519705, 41.614036999989878 ], [ -71.487161000519734, 41.613979999989965 ], [ -71.487178000519748, 41.613910999990082 ], [ -71.487223000519634, 41.613846999990187 ], [ -71.487286000519532, 41.613785999990284 ], [ -71.487356000519469, 41.613720999990392 ], [ -71.487419000519367, 41.613653999990504 ], [ -71.487479000519272, 41.613590999990606 ], [ -71.487515000519181, 41.613535999990688 ], [ -71.487503000519212, 41.613486999990755 ], [ -71.487443000519306, 41.613443999990807 ], [ -71.487358000519464, 41.61342699999085 ], [ -71.48727900051955, 41.613459999990766 ], [ -71.487175000519755, 41.613458999990769 ], [ -71.487094000519846, 41.61343099999084 ], [ -71.487005000520014, 41.613406999990843 ], [ -71.486925000520102, 41.613379999990912 ], [ -71.486851000520232, 41.613344999990943 ], [ -71.486746000520384, 41.613315999991016 ], [ -71.486624000520578, 41.613299999991057 ], [ -71.48651100052075, 41.613295999991067 ], [ -71.486412999479228, 41.613288999991028 ], [ -71.486331999479376, 41.61327599999106 ], [ -71.486272999479468, 41.613240999991149 ], [ -71.486214999479557, 41.613183999991236 ], [ -71.48614799947967, 41.613122999991333 ], [ -71.486068999479755, 41.61306999999141 ], [ -71.485984999479911, 41.613030999991452 ], [ -71.48587299948008, 41.612999999991473 ], [ -71.485764999480239, 41.612986999991506 ], [ -71.48565199948041, 41.612985999991508 ], [ -71.485537999480584, 41.612986999991506 ], [ -71.485450999480747, 41.612973999991539 ], [ -71.485402999480812, 41.612929999991593 ], [ -71.48538399948086, 41.612871999991683 ], [ -71.485398999480822, 41.612816999991765 ], [ -71.485435999480785, 41.612754999991864 ], [ -71.485460999480722, 41.612691999991966 ], [ -71.485442999480767, 41.612630999992064 ], [ -71.485402999480812, 41.612571999992156 ], [ -71.485370999480836, 41.612491999992301 ], [ -71.485385999480854, 41.612432999992393 ], [ -71.485378999480872, 41.612417999992431 ], [ -71.485419999480769, 41.612158999992801 ], [ -71.485450999480747, 41.61202299999303 ], [ -71.485389999480844, 41.611916999993184 ], [ -71.485282999481001, 41.611832999993283 ], [ -71.485137999481196, 41.610413999995501 ], [ -71.485091999481313, 41.609959999996192 ], [ -71.48503099948141, 41.609339999997189 ], [ -71.484964999481519, 41.608671999998194 ], [ -71.484862999481663, 41.607649999999808 ], [ -71.484785999481744, 41.606826000001092 ], [ -71.484649999481974, 41.605367000003355 ], [ -71.484580999482091, 41.604631000004474 ], [ -71.484457999482288, 41.603739000005874 ], [ -71.484453999482298, 41.603678000005971 ], [ -71.484426999482309, 41.602591000007635 ], [ -71.485271999481029, 41.602583000007655 ], [ -71.485360999480861, 41.602574000007678 ], [ -71.485452999480742, 41.602566000007698 ], [ -71.48607099947975, 41.602568000007693 ], [ -71.487810000518721, 41.602574000007678 ], [ -71.488451000517728, 41.602579000007665 ], [ -71.490141000515109, 41.602592000007633 ], [ -71.490538000514505, 41.602595000007625 ], [ -71.490892000513952, 41.60259700000762 ], [ -71.491245000513402, 41.602600000007669 ], [ -71.491614000512811, 41.602603000007662 ], [ -71.494466000508396, 41.602625000007606 ], [ -71.494662000508129, 41.602627000007601 ], [ -71.495541000506762, 41.602633000007586 ], [ -71.495697000506482, 41.602634000007583 ], [ -71.495838000506296, 41.602636000007578 ], [ -71.496460000505294, 41.602640000007568 ], [ -71.497851000503147, 41.60265100000754 ], [ -71.498095000502758, 41.602653000007535 ], [ -71.498405000502316, 41.60265500000753 ], [ -71.498518000502145, 41.602656000007528 ], [ -71.499588000500466, 41.602647000007551 ], [ -71.506515000489685, 41.602623000007611 ], [ -71.510712000483181, 41.602625000007606 ], [ -71.51575000047535, 41.602628000007599 ], [ -71.517761000472262, 41.602629000007596 ], [ -71.519386000469751, 41.602623000007611 ], [ -71.520295000468309, 41.602617000007626 ], [ -71.520447000468096, 41.602616000007629 ], [ -71.520491000468041, 41.602616000007629 ], [ -71.520710000467659, 41.602617000007626 ], [ -71.522076000465574, 41.602583000007655 ], [ -71.522429000465024, 41.602566000007698 ], [ -71.522770000464504, 41.602550000007739 ], [ -71.527930000456479, 41.602418000007901 ], [ -71.528305000455873, 41.602406000007932 ], [ -71.529266000454413, 41.602376000008007 ], [ -71.531380000451122, 41.602323000008084 ], [ -71.533280000448144, 41.602277000008144 ], [ -71.533326000448085, 41.602276000008146 ], [ -71.543793000431833, 41.60201800000857 ], [ -71.543884000431717, 41.602016000008575 ], [ -71.544807000430296, 41.601993000008576 ] ] ] } }
]
}
